x_pixel,y_pixel,eta_mV,theta_1
265,295.0,49.99999999999994,0.13904761904761864
264,294.0,50.82644628099169,0.14285714285714235
263,293.0,51.652892561983435,0.14666666666666628
262,292.0,52.47933884297515,0.15047619047618999
261,291.0,53.3057851239669,0.15428571428571392
260,290.0,54.13223140495862,0.15809523809523762
259,289.5,54.95867768595036,0.1599999999999997
258,288.0,55.78512396694211,0.16571428571428526
257,287.0,56.61157024793383,0.1695238095238092
256,286.0,57.43801652892557,0.1733333333333329
255,285.5,58.26446280991732,0.17523809523809475
254,284.5,59.09090909090904,0.17904761904761868
253,283.0,59.91735537190078,0.18476190476190446
252,282.0,60.74380165289253,0.18857142857142817
251,281.0,61.57024793388425,0.19238095238095188
250,280.0,62.39669421487599,0.1961904761904758
249,278.5,63.22314049586771,0.2019047619047616
248,278.0,64.04958677685946,0.20380952380952344
247,277.0,64.8760330578512,0.20761904761904715
246,275.5,65.70247933884292,0.21333333333333293
245,274.5,66.52892561983467,0.21714285714285664
244,273.5,67.35537190082641,0.22095238095238057
243,272.0,68.18181818181813,0.22666666666666635
242,271.0,69.00826446280988,0.23047619047619006
241,269.5,69.83471074380162,0.23619047619047584
240,268.5,70.66115702479334,0.23999999999999955
239,267.5,71.48760330578509,0.24380952380952348
238,266.5,72.31404958677683,0.24761904761904718
237,265.0,73.14049586776855,0.25333333333333297
236,264.0,73.9669421487603,0.2571428571428567
235,262.5,74.79338842975201,0.26285714285714246
234,261.5,75.61983471074376,0.2666666666666663
233,260.5,76.4462809917355,0.2704761904761901
232,259.0,77.27272727272722,0.27619047619047576
231,258.0,78.09917355371897,0.2799999999999996
230,256.5,78.92561983471072,0.28571428571428537
229,255.5,79.75206611570243,0.2895238095238091
228,254.5,80.57851239669418,0.2933333333333329
227,253.5,81.40495867768593,0.2971428571428567
226,251.5,82.23140495867764,0.30476190476190435
225,250.5,83.05785123966939,0.30857142857142816
224,249.5,83.88429752066111,0.312380952380952
223,248.5,84.71074380165285,0.3161904761904758
222,247.0,85.5371900826446,0.32190476190476147
221,246.0,86.36363636363632,0.3257142857142853
220,244.5,87.19008264462806,0.3314285714285711
219,243.5,88.01652892561981,0.3352380952380949
218,242.5,88.84297520661153,0.3390476190476186
217,241.0,89.66942148760327,0.3447619047619044
216,240.5,90.49586776859502,0.34666666666666623
215,238.5,91.32231404958674,0.35428571428571387
214,237.5,92.14876033057848,0.3580952380952377
213,236.5,92.97520661157023,0.3619047619047615
212,235.5,93.80165289256195,0.3657142857142853
211,234.5,94.6280991735537,0.36952380952380914
210,232.5,95.45454545454541,0.3771428571428568
209,231.5,96.28099173553716,0.3809523809523806
208,230.5,97.1074380165289,0.3847619047619044
207,229.5,97.93388429752062,0.3885714285714281
206,228.5,98.76033057851237,0.39238095238095194
205,227.0,99.58677685950411,0.3980952380952377
204,226.0,100.41322314049583,0.40190476190476154
203,225.0,101.23966942148758,0.40571428571428536
202,224.0,102.06611570247932,0.4095238095238092
201,222.5,102.89256198347104,0.41523809523809485
200,221.5,103.71900826446279,0.41904761904761867
199,220.5,104.54545454545453,0.4228571428571425
198,219.5,105.37190082644625,0.4266666666666663
197,218.0,106.198347107438,0.432380952380952
196,217.5,107.02479338842971,0.43428571428571383
195,216.0,107.85123966942146,0.4399999999999996
194,215.0,108.6776859504132,0.44380952380952343
193,214.0,109.50413223140492,0.44761904761904725
192,213.0,110.33057851239667,0.45142857142857107
191,212.0,111.15702479338842,0.4552380952380949
190,211.0,111.98347107438013,0.4590476190476186
189,210.0,112.80991735537188,0.4628571428571424
188,209.0,113.63636363636363,0.46666666666666623
187,208.0,114.46280991735534,0.47047619047619005
186,207.0,115.28925619834709,0.47428571428571387
185,206.0,116.11570247933881,0.4780952380952377
184,205.0,116.94214876033055,0.4819047619047615
183,204.0,117.7685950413223,0.4857142857142853
182,203.0,118.59504132231402,0.48952380952380914
181,202.5,119.42148760330576,0.491428571428571
180,201.0,120.24793388429751,0.4971428571428568
179,200.0,121.07438016528923,0.5009523809523806
178,199.0,121.90082644628097,0.5047619047619044
177,198.5,122.72727272727272,0.5066666666666663
176,197.5,123.55371900826444,0.5104761904761901
175,196.5,124.38016528925618,0.5142857142857139
174,196.0,125.20661157024793,0.5161904761904758
173,195.0,126.03305785123965,0.5199999999999996
172,194.0,126.8595041322314,0.5238095238095234
171,193.0,127.68595041322311,0.5276190476190472
170,192.5,128.51239669421486,0.5295238095238092
169,191.5,129.3388429752066,0.5333333333333329
168,191.0,130.16528925619832,0.5352380952380948
167,190.0,130.99173553719007,0.5390476190476187
166,189.0,131.8181818181818,0.5428571428571425
165,188.5,132.64462809917353,0.5447619047619043
164,187.5,133.47107438016528,0.5485714285714282
163,187.0,134.29752066115702,0.5504761904761901
162,186.0,135.12396694214874,0.5542857142857139
161,185.0,135.9504132231405,0.5580952380952376
160,185.0,136.77685950413223,0.5580952380952376
159,184.0,137.60330578512395,0.5619047619047615
158,183.0,138.4297520661157,0.5657142857142853
157,182.0,139.25619834710741,0.5695238095238091
156,182.0,140.08264462809916,0.5695238095238091
155,181.0,140.9090909090909,0.5733333333333329
154,180.0,141.73553719008265,0.5771428571428567
153,179.5,142.56198347107437,0.5790476190476187
152,179.0,143.3884297520661,0.5809523809523806
151,178.5,144.21487603305786,0.5828571428571424
150,178.0,145.04132231404958,0.5847619047619044
149,177.0,145.8677685950413,0.5885714285714282
148,176.0,146.69421487603304,0.592380952380952
147,175.5,147.5206611570248,0.5942857142857139
146,175.0,148.3471074380165,0.5961904761904758
145,174.0,149.17355371900825,0.5999999999999996
144,174.0,150.0,0.5999999999999996
143,173.0,150.82644628099172,0.6038095238095235
142,173.0,151.65289256198346,0.6038095238095235
141,172.0,152.4793388429752,0.6076190476190472
140,171.0,153.30578512396693,0.611428571428571
139,171.0,154.13223140495867,0.611428571428571
138,170.0,154.95867768595042,0.6152380952380948
137,170.0,155.78512396694214,0.6152380952380948
136,169.0,156.61157024793388,0.6190476190476186
135,169.0,157.43801652892563,0.6190476190476186
134,168.5,158.26446280991735,0.6209523809523806
