series,retention_time_min,signal_au
co-eluting peaks,0.0,80.0
co-eluting peaks,0.007276034561164165,80.0
co-eluting peaks,0.01455206912232833,80.0
co-eluting peaks,0.021828103683492497,80.0
co-eluting peaks,0.02910413824465666,80.0
co-eluting peaks,0.03638017280582083,80.0
co-eluting peaks,0.04365620736698499,80.0
co-eluting peaks,0.05093224192814916,80.0
co-eluting peaks,0.05820827648931332,80.0
co-eluting peaks,0.06548431105047749,80.0
co-eluting peaks,0.07276034561164166,80.0
co-eluting peaks,0.08003638017280582,80.0
co-eluting peaks,0.08731241473396999,80.0
co-eluting peaks,0.09458844929513414,80.0
co-eluting peaks,0.10186448385629832,80.0
co-eluting peaks,0.10914051841746247,80.0
co-eluting peaks,0.11641655297862664,80.0
co-eluting peaks,0.12369258753979082,80.0
co-eluting peaks,0.13096862210095497,80.0
co-eluting peaks,0.13824465666211913,80.0
co-eluting peaks,0.14552069122328332,80.0
co-eluting peaks,0.15279672578444747,80.0
co-eluting peaks,0.16007276034561163,80.0
co-eluting peaks,0.1673487949067758,80.0
co-eluting peaks,0.17462482946793997,80.0
co-eluting peaks,0.18190086402910413,80.0
co-eluting peaks,0.1891768985902683,80.0
co-eluting peaks,0.19645293315143247,80.0
co-eluting peaks,0.20372896771259663,80.0
co-eluting peaks,0.2110050022737608,80.0
co-eluting peaks,0.21828103683492495,80.0
co-eluting peaks,0.22555707139608913,80.0
co-eluting peaks,0.2328331059572533,80.0
co-eluting peaks,0.24010914051841745,80.0
co-eluting peaks,0.24738517507958163,80.0
co-eluting peaks,0.2546612096407458,80.0
co-eluting peaks,0.26193724420190995,80.0
co-eluting peaks,0.2692132787630741,80.0
co-eluting peaks,0.27648931332423826,80.0
co-eluting peaks,0.2837653478854024,80.0
co-eluting peaks,0.29104138244656663,80.0
co-eluting peaks,0.2983174170077308,80.0
co-eluting peaks,0.30559345156889495,80.0
co-eluting peaks,0.3128694861300591,80.0
co-eluting peaks,0.32014552069122326,80.0
co-eluting peaks,0.3274215552523874,80.0
co-eluting peaks,0.3346975898135516,80.0
co-eluting peaks,0.3419736243747158,80.0
co-eluting peaks,0.34924965893587995,80.0
co-eluting peaks,0.3565256934970441,80.0
co-eluting peaks,0.36380172805820826,80.0
co-eluting peaks,0.3710777626193724,80.0
co-eluting peaks,0.3783537971805366,80.0
co-eluting peaks,0.38562983174170073,80.0
co-eluting peaks,0.39290586630286495,80.0
co-eluting peaks,0.4001819008640291,80.0
co-eluting peaks,0.40745793542519326,80.0
co-eluting peaks,0.4147339699863574,80.0
co-eluting peaks,0.4220100045475216,80.0
co-eluting peaks,0.42928603910868574,80.0
co-eluting peaks,0.4365620736698499,80.0
co-eluting peaks,0.4438381082310141,80.0
co-eluting peaks,0.45111414279217826,80.0
co-eluting peaks,0.4583901773533424,80.0
co-eluting peaks,0.4656662119145066,80.0
co-eluting peaks,0.47294224647567074,80.0
co-eluting peaks,0.4802182810368349,80.0
co-eluting peaks,0.48749431559799905,80.0
co-eluting peaks,0.49477035015916326,80.0
co-eluting peaks,0.5020463847203274,80.0
co-eluting peaks,0.5093224192814916,80.0
co-eluting peaks,0.5165984538426557,80.0
co-eluting peaks,0.5238744884038199,80.0
co-eluting peaks,0.5311505229649841,80.0
co-eluting peaks,0.5384265575261482,80.0
co-eluting peaks,0.5457025920873124,80.0
co-eluting peaks,0.5529786266484765,80.0
co-eluting peaks,0.5602546612096407,80.0
co-eluting peaks,0.5675306957708048,80.0
co-eluting peaks,0.574806730331969,80.0
co-eluting peaks,0.5820827648931333,80.0
co-eluting peaks,0.5893587994542974,80.0
co-eluting peaks,0.5966348340154616,80.0
co-eluting peaks,0.6039108685766257,80.0
co-eluting peaks,0.6111869031377899,80.0
co-eluting peaks,0.618462937698954,80.0
co-eluting peaks,0.6257389722601182,80.0
co-eluting peaks,0.6330150068212824,80.0
co-eluting peaks,0.6402910413824465,80.0
co-eluting peaks,0.6475670759436107,80.0
co-eluting peaks,0.6548431105047748,80.0
co-eluting peaks,0.662119145065939,80.0
co-eluting peaks,0.6693951796271032,80.0
co-eluting peaks,0.6766712141882674,80.0
co-eluting peaks,0.6839472487494316,80.0
co-eluting peaks,0.6912232833105957,80.0
co-eluting peaks,0.6984993178717599,80.0
co-eluting peaks,0.705775352432924,80.0
co-eluting peaks,0.7130513869940882,80.0
co-eluting peaks,0.7203274215552523,80.0
co-eluting peaks,0.7276034561164165,80.0
co-eluting peaks,0.7348794906775807,80.0
co-eluting peaks,0.7421555252387448,80.0
co-eluting peaks,0.749431559799909,80.0
co-eluting peaks,0.7567075943610732,80.0
co-eluting peaks,0.7639836289222374,80.0
co-eluting peaks,0.7712596634834015,80.0
co-eluting peaks,0.7785356980445657,80.0
co-eluting peaks,0.7858117326057299,80.0
co-eluting peaks,0.793087767166894,80.0
co-eluting peaks,0.8003638017280582,80.0
co-eluting peaks,0.8076398362892223,80.0
co-eluting peaks,0.8149158708503865,80.0
co-eluting peaks,0.8221919054115506,80.0
co-eluting peaks,0.8294679399727148,80.0
co-eluting peaks,0.836743974533879,80.0
co-eluting peaks,0.8440200090950432,80.0
co-eluting peaks,0.8512960436562074,80.0
co-eluting peaks,0.8585720782173715,80.0
co-eluting peaks,0.8658481127785357,80.0
co-eluting peaks,0.8731241473396998,80.0
co-eluting peaks,0.880400181900864,80.0
co-eluting peaks,0.8876762164620282,80.0
co-eluting peaks,0.8949522510231923,80.0
co-eluting peaks,0.9022282855843565,80.0
co-eluting peaks,0.9095043201455206,80.0
co-eluting peaks,0.9167803547066848,80.0
co-eluting peaks,0.9240563892678489,80.0
co-eluting peaks,0.9313324238290132,80.0
co-eluting peaks,0.9386084583901774,80.0
co-eluting peaks,0.9458844929513415,80.0
co-eluting peaks,0.9531605275125057,80.0
co-eluting peaks,0.9604365620736698,80.0
co-eluting peaks,0.967712596634834,80.0
co-eluting peaks,0.9749886311959981,80.0
co-eluting peaks,0.9822646657571623,80.0
co-eluting peaks,0.9895407003183265,80.0
co-eluting peaks,0.9968167348794906,80.0
co-eluting peaks,1.0040927694406547,80.0
co-eluting peaks,1.011368804001819,80.0
co-eluting peaks,1.0186448385629832,80.0
co-eluting peaks,1.0259208731241474,80.0
co-eluting peaks,1.0331969076853114,80.0
co-eluting peaks,1.0404729422464756,80.0
co-eluting peaks,1.0477489768076398,80.0
co-eluting peaks,1.055025011368804,80.0
co-eluting peaks,1.0623010459299682,80.0
co-eluting peaks,1.0695770804911322,80.0
co-eluting peaks,1.0768531150522964,80.0
co-eluting peaks,1.0841291496134606,80.0
co-eluting peaks,1.0914051841746248,80.0
co-eluting peaks,1.098681218735789,80.0
co-eluting peaks,1.105957253296953,80.0
co-eluting peaks,1.1132332878581173,80.0
co-eluting peaks,1.1205093224192815,80.0
co-eluting peaks,1.1277853569804457,80.0
co-eluting peaks,1.1350613915416097,80.0
co-eluting peaks,1.142337426102774,80.0
co-eluting peaks,1.149613460663938,80.0
co-eluting peaks,1.1568894952251023,80.0
co-eluting peaks,1.1641655297862665,80.0
co-eluting peaks,1.1714415643474305,80.0
co-eluting peaks,1.1787175989085947,80.0
co-eluting peaks,1.185993633469759,80.0
co-eluting peaks,1.1932696680309232,80.0
co-eluting peaks,1.2005457025920874,80.0
co-eluting peaks,1.2078217371532514,80.0
co-eluting peaks,1.2150977717144156,80.0
co-eluting peaks,1.2223738062755798,80.0
co-eluting peaks,1.229649840836744,80.0
co-eluting peaks,1.236925875397908,80.0
co-eluting peaks,1.2442019099590722,80.0
co-eluting peaks,1.2514779445202364,80.0
co-eluting peaks,1.2587539790814006,80.0
co-eluting peaks,1.2660300136425648,80.0
co-eluting peaks,1.2733060482037288,80.0
co-eluting peaks,1.280582082764893,80.0
co-eluting peaks,1.2878581173260573,80.0
co-eluting peaks,1.2951341518872215,80.0
co-eluting peaks,1.3024101864483857,80.0
co-eluting peaks,1.3096862210095497,80.0
co-eluting peaks,1.316962255570714,80.0
co-eluting peaks,1.324238290131878,80.0
co-eluting peaks,1.3315143246930423,80.0
co-eluting peaks,1.3387903592542063,80.0
co-eluting peaks,1.3460663938153705,80.0
co-eluting peaks,1.3533424283765347,80.0
co-eluting peaks,1.360618462937699,80.0
co-eluting peaks,1.3678944974988632,80.0
co-eluting peaks,1.3751705320600272,80.0
co-eluting peaks,1.3824465666211914,80.0
co-eluting peaks,1.3897226011823556,80.0
co-eluting peaks,1.3969986357435198,80.0
co-eluting peaks,1.404274670304684,80.0
co-eluting peaks,1.411550704865848,80.0
co-eluting peaks,1.4188267394270122,80.0
co-eluting peaks,1.4261027739881764,80.0
co-eluting peaks,1.4333788085493406,80.0
co-eluting peaks,1.4406548431105046,80.0
co-eluting peaks,1.4479308776716688,80.0
co-eluting peaks,1.455206912232833,80.0
co-eluting peaks,1.4624829467939973,80.0
co-eluting peaks,1.4697589813551615,80.0
co-eluting peaks,1.4770350159163255,80.0
co-eluting peaks,1.4843110504774897,80.0
co-eluting peaks,1.491587085038654,80.0
co-eluting peaks,1.498863119599818,80.0
co-eluting peaks,1.5061391541609823,80.0
co-eluting peaks,1.5134151887221463,80.0
co-eluting peaks,1.5206912232833105,80.0
co-eluting peaks,1.5279672578444747,80.0
co-eluting peaks,1.535243292405639,80.0
co-eluting peaks,1.542519326966803,80.0
co-eluting peaks,1.5497953615279672,80.0
co-eluting peaks,1.5570713960891314,80.0
co-eluting peaks,1.5643474306502956,80.0
co-eluting peaks,1.5716234652114598,80.0
co-eluting peaks,1.5788994997726238,80.0
co-eluting peaks,1.586175534333788,80.0
co-eluting peaks,1.5934515688949522,80.0
co-eluting peaks,1.6007276034561164,80.0
co-eluting peaks,1.6080036380172806,80.0
co-eluting peaks,1.6152796725784446,80.0
co-eluting peaks,1.6225557071396088,80.0
co-eluting peaks,1.629831741700773,80.0
co-eluting peaks,1.6371077762619373,80.0
co-eluting peaks,1.6443838108231013,80.0
co-eluting peaks,1.6516598453842655,80.0
co-eluting peaks,1.6589358799454297,80.0
co-eluting peaks,1.666211914506594,80.0
co-eluting peaks,1.673487949067758,80.0
co-eluting peaks,1.680763983628922,80.0
co-eluting peaks,1.6880400181900863,80.0
co-eluting peaks,1.6953160527512505,80.0
co-eluting peaks,1.7025920873124147,80.0
co-eluting peaks,1.709868121873579,80.0
co-eluting peaks,1.717144156434743,80.0
co-eluting peaks,1.7244201909959072,80.0
co-eluting peaks,1.7316962255570714,80.0
co-eluting peaks,1.7389722601182356,80.0
co-eluting peaks,1.7462482946793996,80.0
co-eluting peaks,1.7535243292405638,80.0
co-eluting peaks,1.760800363801728,80.0
co-eluting peaks,1.7680763983628922,80.0
co-eluting peaks,1.7753524329240564,80.0
co-eluting peaks,1.7826284674852204,80.0
co-eluting peaks,1.7899045020463846,80.0
co-eluting peaks,1.7971805366075488,80.0
co-eluting peaks,1.804456571168713,80.0
co-eluting peaks,1.8117326057298773,80.0
co-eluting peaks,1.8190086402910413,80.0
co-eluting peaks,1.8262846748522055,80.0
co-eluting peaks,1.8335607094133697,80.0
co-eluting peaks,1.840836743974534,80.0
co-eluting peaks,1.8481127785356979,80.0
co-eluting peaks,1.855388813096862,80.0
co-eluting peaks,1.8626648476580263,80.0
co-eluting peaks,1.8699408822191905,80.0
co-eluting peaks,1.8772169167803547,80.0
co-eluting peaks,1.8844929513415187,80.0
co-eluting peaks,1.891768985902683,80.0
co-eluting peaks,1.8990450204638472,80.0
co-eluting peaks,1.9063210550250114,80.0
co-eluting peaks,1.9135970895861754,80.0
co-eluting peaks,1.9208731241473396,80.0
co-eluting peaks,1.9281491587085038,80.0
co-eluting peaks,1.935425193269668,80.0
co-eluting peaks,1.9427012278308322,80.0
co-eluting peaks,1.9499772623919962,80.0
co-eluting peaks,1.9572532969531604,80.0
co-eluting peaks,1.9645293315143246,80.0
co-eluting peaks,1.9718053660754888,80.0
co-eluting peaks,1.979081400636653,80.0
co-eluting peaks,1.986357435197817,80.0
co-eluting peaks,1.9936334697589813,80.0
co-eluting peaks,2.0009095043201452,80.0
co-eluting peaks,2.0081855388813095,80.0
co-eluting peaks,2.0154615734424737,80.0
co-eluting peaks,2.022737608003638,80.0
co-eluting peaks,2.030013642564802,80.0
co-eluting peaks,2.0372896771259663,80.0
co-eluting peaks,2.0445657116871305,80.0
co-eluting peaks,2.0518417462482947,80.0
co-eluting peaks,2.059117780809459,80.0
co-eluting peaks,2.0663938153706227,80.0
co-eluting peaks,2.073669849931787,80.0
co-eluting peaks,2.080945884492951,80.0
co-eluting peaks,2.0882219190541154,80.0
co-eluting peaks,2.0954979536152796,80.0
co-eluting peaks,2.102773988176444,80.0
co-eluting peaks,2.110050022737608,80.0
co-eluting peaks,2.117326057298772,80.0
co-eluting peaks,2.1246020918599364,80.0
co-eluting peaks,2.1318781264211006,80.0
co-eluting peaks,2.1391541609822644,80.0
co-eluting peaks,2.1464301955434286,80.0
co-eluting peaks,2.153706230104593,80.0
co-eluting peaks,2.160982264665757,80.0
co-eluting peaks,2.1682582992269213,80.0
co-eluting peaks,2.1755343337880855,80.0
co-eluting peaks,2.1828103683492497,80.0
co-eluting peaks,2.190086402910414,80.0
co-eluting peaks,2.197362437471578,80.0
co-eluting peaks,2.204638472032742,80.0
co-eluting peaks,2.211914506593906,80.0
co-eluting peaks,2.2191905411550703,80.0
co-eluting peaks,2.2264665757162345,80.0
co-eluting peaks,2.2337426102773987,80.0
co-eluting peaks,2.241018644838563,80.0
co-eluting peaks,2.248294679399727,80.0
co-eluting peaks,2.2555707139608914,80.0
co-eluting peaks,2.2628467485220556,80.0
co-eluting peaks,2.2701227830832194,80.0
co-eluting peaks,2.2773988176443836,80.0
co-eluting peaks,2.284674852205548,80.0
co-eluting peaks,2.291950886766712,80.0
co-eluting peaks,2.299226921327876,80.0
co-eluting peaks,2.3065029558890404,80.0
co-eluting peaks,2.3137789904502046,80.0
co-eluting peaks,2.321055025011369,80.0
co-eluting peaks,2.328331059572533,80.0
co-eluting peaks,2.3356070941336973,80.0
co-eluting peaks,2.342883128694861,80.0
co-eluting peaks,2.3501591632560253,80.0
co-eluting peaks,2.3574351978171895,80.0
co-eluting peaks,2.3647112323783537,80.0
co-eluting peaks,2.371987266939518,80.0
co-eluting peaks,2.379263301500682,80.0
co-eluting peaks,2.3865393360618463,80.0
co-eluting peaks,2.3938153706230105,80.0
co-eluting peaks,2.4010914051841747,80.0
co-eluting peaks,2.4083674397453385,80.0
co-eluting peaks,2.4156434743065027,80.0
co-eluting peaks,2.422919508867667,80.0
co-eluting peaks,2.430195543428831,80.0
co-eluting peaks,2.4374715779899954,80.0
co-eluting peaks,2.4447476125511596,80.0
co-eluting peaks,2.452023647112324,80.0
co-eluting peaks,2.459299681673488,80.0
co-eluting peaks,2.466575716234652,80.0
co-eluting peaks,2.473851750795816,80.0
co-eluting peaks,2.48112778535698,80.0
co-eluting peaks,2.4884038199181444,80.0
co-eluting peaks,2.4956798544793086,80.0
co-eluting peaks,2.502955889040473,80.0
co-eluting peaks,2.510231923601637,80.0
co-eluting peaks,2.5175079581628013,80.0
co-eluting peaks,2.5247839927239655,80.0
co-eluting peaks,2.5320600272851297,80.0
co-eluting peaks,2.539336061846294,80.0
co-eluting peaks,2.5466120964074577,80.0
co-eluting peaks,2.553888130968622,80.0
co-eluting peaks,2.561164165529786,80.0
co-eluting peaks,2.5684402000909503,80.0
co-eluting peaks,2.5757162346521145,80.0
co-eluting peaks,2.5829922692132787,80.0
co-eluting peaks,2.590268303774443,80.0
co-eluting peaks,2.597544338335607,80.0
co-eluting peaks,2.6048203728967714,80.0
co-eluting peaks,2.612096407457935,80.0
co-eluting peaks,2.6193724420190994,80.0
co-eluting peaks,2.6266484765802636,80.0
co-eluting peaks,2.633924511141428,80.0
co-eluting peaks,2.641200545702592,80.0
co-eluting peaks,2.648476580263756,80.0
co-eluting peaks,2.6557526148249204,80.0
co-eluting peaks,2.6630286493860846,80.0
co-eluting peaks,2.670304683947249,80.0
co-eluting peaks,2.6775807185084126,80.0
co-eluting peaks,2.684856753069577,80.0
co-eluting peaks,2.692132787630741,80.0
co-eluting peaks,2.6994088221919053,80.0
co-eluting peaks,2.7066848567530695,80.0
co-eluting peaks,2.7139608913142337,80.0
co-eluting peaks,2.721236925875398,80.0
co-eluting peaks,2.728512960436562,80.0
co-eluting peaks,2.7357889949977263,80.0
co-eluting peaks,2.7430650295588905,80.0
co-eluting peaks,2.7503410641200543,80.0
co-eluting peaks,2.7576170986812185,80.0
co-eluting peaks,2.7648931332423827,80.0
co-eluting peaks,2.772169167803547,80.0
co-eluting peaks,2.779445202364711,80.0
co-eluting peaks,2.7867212369258754,80.0
co-eluting peaks,2.7939972714870396,80.0
co-eluting peaks,2.801273306048204,80.0
co-eluting peaks,2.808549340609368,80.0
co-eluting peaks,2.8158253751705318,80.0
co-eluting peaks,2.823101409731696,80.0
co-eluting peaks,2.83037744429286,80.0
co-eluting peaks,2.8376534788540244,80.0
co-eluting peaks,2.8449295134151886,80.0
co-eluting peaks,2.852205547976353,80.0
co-eluting peaks,2.859481582537517,80.0
co-eluting peaks,2.8667576170986813,80.0
co-eluting peaks,2.8740336516598455,80.0
co-eluting peaks,2.8813096862210092,80.0
co-eluting peaks,2.8885857207821735,80.0
co-eluting peaks,2.8958617553433377,80.0
co-eluting peaks,2.903137789904502,80.0
co-eluting peaks,2.910413824465666,80.0
co-eluting peaks,2.9176898590268303,80.0
co-eluting peaks,2.9249658935879945,80.0
co-eluting peaks,2.9322419281491587,80.0
co-eluting peaks,2.939517962710323,80.0
co-eluting peaks,2.9467939972714867,80.0
co-eluting peaks,2.954070031832651,80.0
co-eluting peaks,2.961346066393815,80.0
co-eluting peaks,2.9686221009549794,80.0
co-eluting peaks,2.9758981355161436,80.0
co-eluting peaks,2.983174170077308,80.0
co-eluting peaks,2.990450204638472,80.0
co-eluting peaks,2.997726239199636,80.0
co-eluting peaks,3.0050022737608004,80.0
co-eluting peaks,3.0122783083219646,80.0
co-eluting peaks,3.0195543428831284,80.0
co-eluting peaks,3.0268303774442926,80.0
co-eluting peaks,3.034106412005457,80.0
co-eluting peaks,3.041382446566621,80.0
co-eluting peaks,3.0486584811277853,80.0
co-eluting peaks,3.0559345156889495,80.0
co-eluting peaks,3.0632105502501137,80.0
co-eluting peaks,3.070486584811278,80.0
co-eluting peaks,3.077762619372442,80.0
co-eluting peaks,3.085038653933606,80.0
co-eluting peaks,3.09231468849477,80.0
co-eluting peaks,3.0995907230559343,80.0
co-eluting peaks,3.1068667576170985,80.0
co-eluting peaks,3.1141427921782627,80.0
co-eluting peaks,3.121418826739427,80.0
co-eluting peaks,3.128694861300591,80.0
co-eluting peaks,3.1359708958617554,80.0
co-eluting peaks,3.1432469304229196,80.0
co-eluting peaks,3.1505229649840834,80.0
co-eluting peaks,3.1577989995452476,80.0
co-eluting peaks,3.1650750341064118,80.0
co-eluting peaks,3.172351068667576,80.0
co-eluting peaks,3.17962710322874,80.0
co-eluting peaks,3.1869031377899044,80.0
co-eluting peaks,3.1941791723510686,80.0
co-eluting peaks,3.201455206912233,80.0
co-eluting peaks,3.208731241473397,80.0
co-eluting peaks,3.2160072760345613,80.0
co-eluting peaks,3.223283310595725,80.0
co-eluting peaks,3.2305593451568893,80.0
co-eluting peaks,3.2378353797180535,80.0
co-eluting peaks,3.2451114142792177,80.0
co-eluting peaks,3.252387448840382,80.0
co-eluting peaks,3.259663483401546,80.0
co-eluting peaks,3.2669395179627103,80.0
co-eluting peaks,3.2742155525238745,80.0
co-eluting peaks,3.2814915870850387,80.0
co-eluting peaks,3.2887676216462025,80.0
co-eluting peaks,3.2960436562073667,80.0
co-eluting peaks,3.303319690768531,80.0
co-eluting peaks,3.310595725329695,80.0
co-eluting peaks,3.3178717598908594,80.0
co-eluting peaks,3.3251477944520236,80.0
co-eluting peaks,3.332423829013188,80.0
co-eluting peaks,3.339699863574352,80.0
co-eluting peaks,3.346975898135516,80.0
co-eluting peaks,3.35425193269668,80.0
co-eluting peaks,3.361527967257844,80.0
co-eluting peaks,3.3688040018190084,80.0
co-eluting peaks,3.3760800363801726,80.0
co-eluting peaks,3.383356070941337,80.0
co-eluting peaks,3.390632105502501,80.0
co-eluting peaks,3.3979081400636653,80.0
co-eluting peaks,3.4051841746248295,80.0
co-eluting peaks,3.4124602091859937,80.0
co-eluting peaks,3.419736243747158,80.0
co-eluting peaks,3.4270122783083217,80.0
co-eluting peaks,3.434288312869486,80.0
co-eluting peaks,3.44156434743065,80.0
co-eluting peaks,3.4488403819918143,80.0
co-eluting peaks,3.4561164165529785,80.0
co-eluting peaks,3.4633924511141427,80.0
co-eluting peaks,3.470668485675307,80.0
co-eluting peaks,3.477944520236471,80.0
co-eluting peaks,3.4852205547976354,80.0
co-eluting peaks,3.492496589358799,80.0
co-eluting peaks,3.4997726239199634,80.0
co-eluting peaks,3.5070486584811276,80.0
co-eluting peaks,3.514324693042292,80.0
co-eluting peaks,3.521600727603456,80.0
co-eluting peaks,3.52887676216462,80.0
co-eluting peaks,3.5361527967257844,80.0
co-eluting peaks,3.5434288312869486,80.0
co-eluting peaks,3.550704865848113,80.0
co-eluting peaks,3.5579809004092766,80.0
co-eluting peaks,3.565256934970441,80.0
co-eluting peaks,3.572532969531605,80.0
co-eluting peaks,3.5798090040927693,80.0
co-eluting peaks,3.5870850386539335,80.0
co-eluting peaks,3.5943610732150977,80.0
co-eluting peaks,3.601637107776262,80.0
co-eluting peaks,3.608913142337426,80.0
co-eluting peaks,3.6161891768985903,80.0
co-eluting peaks,3.6234652114597545,80.0
co-eluting peaks,3.6307412460209183,80.0
co-eluting peaks,3.6380172805820825,80.0
co-eluting peaks,3.6452933151432467,80.0
co-eluting peaks,3.652569349704411,80.0
co-eluting peaks,3.659845384265575,80.0
co-eluting peaks,3.6671214188267394,80.0
co-eluting peaks,3.6743974533879036,80.0
co-eluting peaks,3.681673487949068,80.0
co-eluting peaks,3.688949522510232,80.0
co-eluting peaks,3.6962255570713958,80.0
co-eluting peaks,3.70350159163256,80.0
co-eluting peaks,3.710777626193724,80.0
co-eluting peaks,3.7180536607548884,80.0
co-eluting peaks,3.7253296953160526,80.0
co-eluting peaks,3.732605729877217,80.0
co-eluting peaks,3.739881764438381,80.0
co-eluting peaks,3.7471577989995453,80.0
co-eluting peaks,3.7544338335607095,80.0
co-eluting peaks,3.7617098681218732,80.0
co-eluting peaks,3.7689859026830375,80.0
co-eluting peaks,3.7762619372442017,80.0
co-eluting peaks,3.783537971805366,80.0
co-eluting peaks,3.79081400636653,80.0
co-eluting peaks,3.7980900409276943,80.0
co-eluting peaks,3.8053660754888585,80.0
co-eluting peaks,3.8126421100500227,80.0
co-eluting peaks,3.819918144611187,80.0
co-eluting peaks,3.8271941791723507,80.0
co-eluting peaks,3.834470213733515,80.0
co-eluting peaks,3.841746248294679,80.0
co-eluting peaks,3.8490222828558434,80.0
co-eluting peaks,3.8562983174170076,80.0
co-eluting peaks,3.863574351978172,80.0
co-eluting peaks,3.870850386539336,80.0
co-eluting peaks,3.8781264211005,80.0
co-eluting peaks,3.8854024556616644,80.0
co-eluting peaks,3.8926784902228286,80.0
co-eluting peaks,3.8999545247839924,80.0
co-eluting peaks,3.9072305593451566,80.0
co-eluting peaks,3.914506593906321,80.0
co-eluting peaks,3.921782628467485,80.0
co-eluting peaks,3.9290586630286493,80.0
co-eluting peaks,3.9363346975898135,80.0
co-eluting peaks,3.9436107321509777,80.0
co-eluting peaks,3.950886766712142,80.0
co-eluting peaks,3.958162801273306,80.0
co-eluting peaks,3.96543883583447,80.0
co-eluting peaks,3.972714870395634,80.0
co-eluting peaks,3.9799909049567983,80.0
co-eluting peaks,3.9872669395179625,80.0
co-eluting peaks,3.9945429740791267,80.0
co-eluting peaks,4.0018190086402905,80.0
co-eluting peaks,4.009095043201455,80.0
co-eluting peaks,4.016371077762619,80.0
co-eluting peaks,4.023647112323784,80.0
co-eluting peaks,4.030923146884947,80.0
co-eluting peaks,4.038199181446112,80.0
co-eluting peaks,4.045475216007276,80.0
co-eluting peaks,4.05275125056844,80.0
co-eluting peaks,4.060027285129604,80.0
co-eluting peaks,4.067303319690768,80.0
co-eluting peaks,4.074579354251933,80.0
co-eluting peaks,4.081855388813096,80.0
co-eluting peaks,4.089131423374261,80.0
co-eluting peaks,4.096407457935425,80.0
co-eluting peaks,4.1036834924965895,80.0
co-eluting peaks,4.110959527057753,80.0
co-eluting peaks,4.118235561618918,80.0
co-eluting peaks,4.125511596180082,80.0
co-eluting peaks,4.132787630741245,80.0
co-eluting peaks,4.14006366530241,80.0
co-eluting peaks,4.147339699863574,80.0
co-eluting peaks,4.1546157344247385,80.0
co-eluting peaks,4.161891768985902,80.0
co-eluting peaks,4.169167803547067,80.0
co-eluting peaks,4.176443838108231,80.0
co-eluting peaks,4.183719872669395,80.0
co-eluting peaks,4.190995907230559,80.0
co-eluting peaks,4.198271941791724,80.0
co-eluting peaks,4.205547976352888,80.0
co-eluting peaks,4.212824010914051,80.0
co-eluting peaks,4.220100045475216,80.0
co-eluting peaks,4.22737608003638,80.0
co-eluting peaks,4.234652114597544,80.0
co-eluting peaks,4.241928149158708,80.0
co-eluting peaks,4.249204183719873,80.0
co-eluting peaks,4.256480218281037,80.0
co-eluting peaks,4.263756252842201,80.0
co-eluting peaks,4.271032287403365,80.0
co-eluting peaks,4.278308321964529,80.0
co-eluting peaks,4.2855843565256935,80.0
co-eluting peaks,4.292860391086857,80.0
co-eluting peaks,4.300136425648022,80.0
co-eluting peaks,4.307412460209186,80.0
co-eluting peaks,4.31468849477035,80.0
co-eluting peaks,4.321964529331514,80.0
co-eluting peaks,4.329240563892679,80.0
co-eluting peaks,4.3365165984538425,80.0
co-eluting peaks,4.343792633015006,80.0
co-eluting peaks,4.351068667576171,80.0
co-eluting peaks,4.358344702137335,80.0
co-eluting peaks,4.365620736698499,80.0
co-eluting peaks,4.372896771259663,80.0
co-eluting peaks,4.380172805820828,80.0
co-eluting peaks,4.387448840381992,80.0
co-eluting peaks,4.394724874943156,80.0
co-eluting peaks,4.40200090950432,80.0
co-eluting peaks,4.409276944065484,80.0
co-eluting peaks,4.416552978626648,80.0
co-eluting peaks,4.423829013187812,80.0
co-eluting peaks,4.431105047748977,80.0
co-eluting peaks,4.438381082310141,80.0
co-eluting peaks,4.445657116871305,80.0
co-eluting peaks,4.452933151432469,80.0
co-eluting peaks,4.460209185993634,80.0
co-eluting peaks,4.4674852205547975,80.0
co-eluting peaks,4.474761255115961,80.0
co-eluting peaks,4.482037289677126,80.0
co-eluting peaks,4.48931332423829,80.0
co-eluting peaks,4.496589358799454,80.0
co-eluting peaks,4.503865393360618,80.0
co-eluting peaks,4.511141427921783,80.0
co-eluting peaks,4.5184174624829465,80.0
co-eluting peaks,4.525693497044111,80.0
co-eluting peaks,4.532969531605275,80.0
co-eluting peaks,4.540245566166439,80.0
co-eluting peaks,4.547521600727603,80.0
co-eluting peaks,4.554797635288767,80.0
co-eluting peaks,4.562073669849932,80.0
co-eluting peaks,4.569349704411096,80.0
co-eluting peaks,4.57662573897226,80.0
co-eluting peaks,4.583901773533424,80.0
co-eluting peaks,4.591177808094589,80.00000000000001
co-eluting peaks,4.598453842655752,80.00000000000001
co-eluting peaks,4.605729877216917,80.00000000000003
co-eluting peaks,4.613005911778081,80.00000000000003
co-eluting peaks,4.620281946339245,80.00000000000006
co-eluting peaks,4.627557980900409,80.00000000000007
co-eluting peaks,4.634834015461573,80.00000000000011
co-eluting peaks,4.642110050022738,80.00000000000016
co-eluting peaks,4.6493860845839015,80.00000000000024
co-eluting peaks,4.656662119145066,80.00000000000034
co-eluting peaks,4.66393815370623,80.00000000000053
co-eluting peaks,4.6712141882673945,80.00000000000075
co-eluting peaks,4.678490222828558,80.0000000000011
co-eluting peaks,4.685766257389722,80.00000000000159
co-eluting peaks,4.693042291950887,80.0000000000023
co-eluting peaks,4.7003183265120505,80.00000000000333
co-eluting peaks,4.707594361073215,80.0000000000048
co-eluting peaks,4.714870395634379,80.00000000000693
co-eluting peaks,4.722146430195544,80.00000000000999
co-eluting peaks,4.729422464756707,80.00000000001435
co-eluting peaks,4.736698499317872,80.00000000002058
co-eluting peaks,4.743974533879036,80.00000000002942
co-eluting peaks,4.7512505684401996,80.000000000042
co-eluting peaks,4.758526603001364,80.00000000005981
co-eluting peaks,4.765802637562528,80.00000000008501
co-eluting peaks,4.773078672123693,80.00000000012058
co-eluting peaks,4.780354706684856,80.00000000017067
co-eluting peaks,4.787630741246021,80.00000000024109
co-eluting peaks,4.794906775807185,80.00000000033985
co-eluting peaks,4.8021828103683495,80.00000000047811
co-eluting peaks,4.809458844929513,80.00000000067122
co-eluting peaks,4.816734879490677,80.00000000094039
co-eluting peaks,4.824010914051842,80.00000000131477
co-eluting peaks,4.8312869486130054,80.00000000183444
co-eluting peaks,4.83856298317417,80.00000000255422
co-eluting peaks,4.845839017735334,80.00000000354909
co-eluting peaks,4.8531150522964985,80.0000000049213
co-eluting peaks,4.860391086857662,80.00000000681001
co-eluting peaks,4.867667121418827,80.00000000940415
co-eluting peaks,4.874943155979991,80.0000000129597
co-eluting peaks,4.8822191905411545,80.00000001782276
co-eluting peaks,4.889495225102319,80.00000002446015
co-eluting peaks,4.896771259663483,80.00000003350014
co-eluting peaks,4.904047294224648,80.0000000457866
co-eluting peaks,4.911323328785811,80.00000006245025
co-eluting peaks,4.918599363346976,80.00000008500291
co-eluting peaks,4.92587539790814,80.00000011546146
co-eluting peaks,4.933151432469304,80.00000015651071
co-eluting peaks,4.940427467030468,80.00000021171653
co-eluting peaks,4.947703501591632,80.00000028580456
co-eluting peaks,4.954979536152797,80.00000038502341
co-eluting peaks,4.96225557071396,80.00000051761727
co-eluting peaks,4.969531605275125,80.00000069443873
co-eluting peaks,4.976807639836289,80.00000092974241
co-eluting peaks,4.9840836743974535,80.00000124220959
co-eluting peaks,4.991359708958617,80.00000165626801
co-eluting peaks,4.998635743519782,80.00000220378803
co-eluting peaks,5.005911778080946,80.00000292625714
co-eluting peaks,5.013187812642109,80.00000387756062
co-eluting peaks,5.020463847203274,80.00000512752915
co-eluting peaks,5.027739881764438,80.00000676645341
co-eluting peaks,5.0350159163256025,80.00000891081578
co-eluting peaks,5.042291950886766,80.00001171054846
co-eluting peaks,5.049567985447931,80.00001535820297
co-eluting peaks,5.056844020009095,80.00002010050473
co-eluting peaks,5.064120054570259,80.00002625287765
co-eluting peaks,5.071396089131423,80.00003421765618
co-eluting peaks,5.078672123692588,80.0000445068642
co-eluting peaks,5.085948158253752,80.00005777063394
co-eluting peaks,5.093224192814915,80.00007483257254
co-eluting peaks,5.10050022737608,80.0000967336624
co-eluting peaks,5.107776261937244,80.00012478661665
co-eluting peaks,5.115052296498408,80.00016064300704
co-eluting peaks,5.122328331059572,80.0002063759524
co-eluting peaks,5.129604365620737,80.00026458171234
co-eluting peaks,5.136880400181901,80.00033850418363
co-eluting peaks,5.144156434743065,80.00043218706472
co-eluting peaks,5.151432469304229,80.00055065934927
co-eluting peaks,5.158708503865393,80.00070016085161
co-eluting peaks,5.1659845384265575,80.00088841567565
co-eluting peaks,5.173260572987721,80.00112496293313
co-eluting peaks,5.180536607548886,80.00142155562028
co-eluting peaks,5.18781264211005,80.00179264039686
co-eluting peaks,5.195088676671214,80.00225593310272
co-eluting peaks,5.202364711232378,80.00283310721917
co-eluting peaks,5.209640745793543,80.0035506151598
co-eluting peaks,5.2169167803547065,80.00444066528385
co-eluting peaks,5.22419281491587,80.00554238088665
co-eluting peaks,5.231468849477035,80.00690317115723
co-eluting peaks,5.238744884038199,80.00858034822177
co-eluting peaks,5.246020918599363,80.0106430289254
co-eluting peaks,5.253296953160527,80.0131743649513
co-eluting peaks,5.260572987721692,80.01627415023628
co-eluting peaks,5.267849022282856,80.02006186040497
co-eluting peaks,5.27512505684402,80.02468018508951
co-eluting peaks,5.282401091405184,80.03029912049563
co-eluting peaks,5.289677125966348,80.03712069636423
co-eluting peaks,5.296953160527512,80.04538441849658
co-eluting peaks,5.304229195088676,80.05537351516466
co-eluting peaks,5.311505229649841,80.06742208290703
co-eluting peaks,5.318781264211005,80.08192323427312
co-eluting peaks,5.326057298772169,80.0993383568548
co-eluting peaks,5.333333333333333,80.12020759923873
co-eluting peaks,5.340609367894498,80.14516170509113
co-eluting peaks,5.3478854024556615,80.17493532118634
co-eluting peaks,5.355161437016825,80.21038190851193
co-eluting peaks,5.36243747157799,80.25249038729399
co-eluting peaks,5.369713506139154,80.3024036465229
co-eluting peaks,5.376989540700318,80.36143904592463
co-eluting peaks,5.384265575261482,80.43111103289651
co-eluting peaks,5.391541609822647,80.51315598826476
co-eluting peaks,5.3988176443838105,80.60955940236548
co-eluting peaks,5.406093678944975,80.7225854664396
co-eluting peaks,5.413369713506139,80.85480914320077
co-eluting peaks,5.420645748067303,81.00915075424476
co-eluting peaks,5.427921782628467,81.18891309029955
co-eluting peaks,5.435197817189631,81.39782101280431
co-eluting peaks,5.442473851750796,81.64006347164322
co-eluting peaks,5.44974988631196,81.92033781382726
co-eluting peaks,5.457025920873124,82.24389620139425
co-eluting peaks,5.464301955434288,82.61659389378379
co-eluting peaks,5.471577989995453,83.04493908059793
co-eluting peaks,5.478854024556616,83.5361438752838
co-eluting peaks,5.486130059117781,84.0981759993873
co-eluting peaks,5.493406093678945,84.73981060132188
co-eluting peaks,5.500682128240109,85.47068156401916
co-eluting peaks,5.507958162801273,86.30133156352886
co-eluting peaks,5.515234197362437,87.24326004704109
co-eluting peaks,5.522510231923602,88.30896820556296
co-eluting peaks,5.5297862664847655,89.51199992550137
co-eluting peaks,5.53706230104593,90.8669776168388
co-eluting peaks,5.544338335607094,92.38963173578199
co-eluting peaks,5.5516143701682585,94.09682274930525
co-eluting peaks,5.558890404729422,96.0065542305845
co-eluting peaks,5.566166439290586,98.13797573081052
co-eluting peaks,5.573442473851751,100.51137404713785
co-eluting peaks,5.5807185084129145,103.14815150152305
co-eluting peaks,5.587994542974079,106.07078986375355
co-eluting peaks,5.595270577535243,109.30279859675592
co-eluting peaks,5.602546612096408,112.8686461758155
co-eluting peaks,5.609822646657571,116.79367333771839
co-eluting peaks,5.617098681218736,121.10398725286804
co-eluting peaks,5.6243747157799,125.82633578426966
co-eluting peaks,5.6316507503410635,130.98796120265806
co-eluting peaks,5.638926784902228,136.61643296680901
co-eluting peaks,5.646202819463392,142.739459451508
co-eluting peaks,5.653478854024557,149.38467881104899
co-eluting peaks,5.66075488858572,156.57942950094866
co-eluting peaks,5.668030923146885,164.35050134142773
co-eluting peaks,5.675306957708049,172.72386838856323
co-eluting peaks,5.6825829922692135,181.7244052777221
co-eluting peaks,5.689859026830377,191.37558911247334
co-eluting peaks,5.697135061391541,201.69918938379823
co-eluting peaks,5.704411095952706,212.71494881098093
co-eluting peaks,5.7116871305138694,224.44025838878784
co-eluting peaks,5.718963165075034,236.88983029631814
co-eluting peaks,5.726239199636198,250.0753726618804
co-eluting peaks,5.7335152341973625,264.00527047615697
co-eluting peaks,5.740791268758526,278.68427719307584
co-eluting peaks,5.748067303319691,294.11322174554
co-eluting peaks,5.755343337880855,310.28873582256256
co-eluting peaks,5.7626193724420185,327.20300629817615
co-eluting peaks,5.769895407003183,344.84355766367185
co-eluting peaks,5.777171441564347,363.1930691883544
co-eluting peaks,5.784447476125512,382.22923131607786
co-eluting peaks,5.791723510686675,401.9246454932862
co-eluting peaks,5.79899954524784,422.2467712192979
co-eluting peaks,5.806275579809004,443.1579236126032
co-eluting peaks,5.813551614370168,464.6153242026172
co-eluting peaks,5.820827648931332,486.571206990319
co-eluting peaks,5.828103683492496,508.9729810825438
co-eluting peaks,5.835379718053661,531.7634504033217
co-eluting peaks,5.842655752614824,554.8810901345902
co-eluting peaks,5.849931787175989,578.2603786518516
co-eluting peaks,5.857207821737153,601.8321828136941
co-eluting peaks,5.8644838562983175,625.5241935550085
co-eluting peaks,5.871759890859481,649.2614078395611
co-eluting peaks,5.879035925420646,672.966652167526
co-eluting peaks,5.88631195998181,696.5611420254622
co-eluting peaks,5.893587994542973,719.965070928952
co-eluting peaks,5.900864029104138,743.0982220584389
co-eluting peaks,5.908140063665302,765.8805949433684
co-eluting peaks,5.9154160982264665,788.233039222694
co-eluting peaks,5.92269213278763,810.0778872134055
co-eluting peaks,5.929968167348795,831.3395768632275
co-eluting peaks,5.937244201909959,851.9452566554241
co-eluting peaks,5.944520236471123,871.8253641774221
co-eluting peaks,5.951796271032287,890.9141703607795
co-eluting peaks,5.959072305593452,909.1502818459377
co-eluting peaks,5.966348340154616,926.4770945145897
co-eluting peaks,5.973624374715779,942.8431919567165
co-eluting peaks,5.980900409276944,958.2026834853699
co-eluting peaks,5.988176443838108,972.515477265246
co-eluting peaks,5.995452478399272,985.7474851627499
co-eluting peaks,6.002728512960436,997.8707570354577
co-eluting peaks,6.010004547521601,1008.8635433359274
co-eluting peaks,6.017280582082765,1018.710286085136
co-eluting peaks,6.024556616643929,1027.401539450944
co-eluting peaks,6.031832651205093,1034.9338223224518
co-eluting peaks,6.039108685766257,1041.3094063786718
co-eluting peaks,6.0463847203274215,1046.53604418664
co-eluting peaks,6.053660754888585,1050.6266428091
co-eluting peaks,6.06093678944975,1053.5988892360353
co-eluting peaks,6.068212824010914,1055.4748346610907
co-eluting peaks,6.075488858572078,1056.2804451897427
co-eluting peaks,6.082764893133242,1056.0451269804312
co-eluting peaks,6.090040927694407,1054.8012340758553
co-eluting peaks,6.0973169622555705,1052.5835672758112
co-eluting peaks,6.104592996816734,1049.4288723355914
co-eluting peaks,6.111869031377899,1045.375345548889
co-eluting peaks,6.119145065939063,1040.4621543986727
co-eluting peaks,6.126421100500227,1034.7289804441166
co-eluting peaks,6.133697135061391,1028.215590969944
co-eluting peaks,6.140973169622556,1020.9614451723822
co-eluting peaks,6.14824920418372,1013.005339811684
co-eluting peaks,6.155525238744884,1004.3850983445104
co-eluting peaks,6.162801273306048,995.137306581591
co-eluting peaks,6.170077307867212,985.2970969184128
co-eluting peaks,6.177353342428376,974.8979821811972
co-eluting peaks,6.18462937698954,963.9717391382256
co-eluting peaks,6.191905411550705,952.5483407682203
co-eluting peaks,6.199181446111869,940.6559354720366
co-eluting peaks,6.206457480673033,928.3208705784855
co-eluting peaks,6.213733515234197,915.5677567451303
co-eluting peaks,6.221009549795362,902.4195692027663
co-eluting peaks,6.2282855843565255,888.897781248506
co-eluting peaks,6.235561618917689,875.0225249638893
co-eluting peaks,6.242837653478854,860.8127738261273
co-eluting peaks,6.250113688040018,846.2865416937846
co-eluting peaks,6.257389722601182,831.4610925820326
co-eluting peaks,6.264665757162346,816.3531556933527
co-eluting peaks,6.271941791723511,800.9791403308726
co-eluting peaks,6.2792178262846745,785.3553455854695
co-eluting peaks,6.286493860845839,769.4981600437003
co-eluting peaks,6.293769895407003,753.4242472002886
co-eluting peaks,6.301045929968167,737.1507127628472
co-eluting peaks,6.308321964529331,720.6952505944179
co-eluting peaks,6.315597999090495,704.0762646365581
co-eluting peaks,6.32287403365166,687.3129647779115
co-eluting peaks,6.3301500682128236,670.4254352662185
co-eluting peaks,6.337426102773988,653.4346748916016
co-eluting peaks,6.344702137335152,636.3626087831831
co-eluting peaks,6.351978171896317,619.2320722473004
co-eluting peaks,6.35925420645748,602.066767623688
co-eluting peaks,6.366530241018645,584.8911956362754
co-eluting peaks,6.373806275579809,567.7305631606112
co-eluting peaks,6.381082310140973,550.6106697138163
co-eluting peaks,6.388358344702137,533.5577752915598
co-eluting peaks,6.395634379263301,516.5984524267154
co-eluting peaks,6.402910413824466,499.75942552526163
co-eluting peaks,6.4101864483856295,483.0674006470931
co-eluting peaks,6.417462482946794,466.54888894430565
co-eluting peaks,6.424738517507958,450.23002695080174
co-eluting peaks,6.4320145520691225,434.1363968384933
co-eluting peaks,6.439290586630286,418.29284962272015
co-eluting peaks,6.44656662119145,402.7233341182456
co-eluting peaks,6.453842655752615,387.45073422442726
co-eluting peaks,6.4611186903137785,372.4967168604826
co-eluting peaks,6.468394724874943,357.88159258665866
co-eluting peaks,6.475670759436107,343.6241906418395
co-eluting peaks,6.482946793997272,329.7417498096454
co-eluting peaks,6.490222828558435,316.2498262006823
co-eluting peaks,6.4974988631196,303.16221871441076
co-eluting peaks,6.504774897680764,290.4909126266014
co-eluting peaks,6.5120509322419275,278.24604144258564
co-eluting peaks,6.519326966803092,266.435866867722
co-eluting peaks,6.526603001364256,255.06677647846448
co-eluting peaks,6.533879035925421,244.14329843375933
co-eluting peaks,6.541155070486584,233.66813234984238
co-eluting peaks,6.548431105047749,223.64219527363673
co-eluting peaks,6.555707139608913,214.0646815323492
co-eluting peaks,6.5629831741700775,204.9331351097588
co-eluting peaks,6.570259208731241,196.24353310331477
co-eluting peaks,6.577535243292405,187.99037874953586
co-eluting peaks,6.58481127785357,180.16680246745253
co-eluting peaks,6.5920873124147334,172.76466935908826
co-eluting peaks,6.599363346975898,165.77469162040717
co-eluting peaks,6.606639381537062,159.18654435345235
co-eluting peaks,6.6139154160982265,152.98898332794758
co-eluting peaks,6.62119145065939,147.16996331595163
co-eluting peaks,6.628467485220555,141.71675571327273
co-eluting peaks,6.635743519781719,136.61606426370446
co-eluting peaks,6.6430195543428825,131.854137813776
co-eluting peaks,6.650295588904047,127.41687914414516
co-eluting peaks,6.657571623465211,123.28994904630164
co-eluting peaks,6.664847658026376,119.45886493760572
co-eluting peaks,6.672123692587539,115.90909343166754
co-eluting peaks,6.679399727148704,112.62613640263967
co-eluting peaks,6.686675761709868,109.59561019952005
co-eluting peaks,6.693951796271032,106.8033177784261
co-eluting peaks,6.701227830832196,104.23531362587289
co-eluting peaks,6.70850386539336,101.87796144325037
co-eluting peaks,6.715779899954525,99.71798465127787
co-eluting peaks,6.723055934515688,97.74250985259827
co-eluting peaks,6.730331969076853,95.93910346058091
co-eluting peaks,6.737608003638017,94.2958017626926
co-eluting peaks,6.7448840381991815,92.80113473749005
co-eluting peaks,6.752160072760345,91.4441439856419
co-eluting peaks,6.75943610732151,90.21439516769135
co-eluting peaks,6.766712141882674,89.10198536503174
co-eluting peaks,6.773988176443837,88.09754579629546
co-eluting peaks,6.781264211005002,87.1922403297163
co-eluting peaks,6.788540245566166,86.37776023366546
co-eluting peaks,6.7958162801273305,85.64631560321618
co-eluting peaks,6.803092314688494,84.99062389099205
co-eluting peaks,6.810368349249659,84.40389595642186
co-eluting peaks,6.817644383810823,83.87982002960632
co-eluting peaks,6.824920418371987,83.41254396497766
co-eluting peaks,6.832196452933151,82.996656136493
co-eluting peaks,6.839472487494316,82.62716530085609
co-eluting peaks,6.84674852205548,82.29947972880962
co-eluting peaks,6.854024556616643,82.00938587739567
co-eluting peaks,6.861300591177808,81.7530268487367
co-eluting peaks,6.868576625738972,81.52688085375057
co-eluting peaks,6.875852660300136,81.3277398726542
co-eluting peaks,6.8831286948613,81.15268867843633
co-eluting peaks,6.890404729422465,80.99908436494229
co-eluting peaks,6.897680763983629,80.86453649802358
co-eluting peaks,6.904956798544793,80.74688798650995
co-eluting peaks,6.912232833105957,80.64419674967931
co-eluting peaks,6.919508867667121,80.55471823949817
co-eluting peaks,6.9267849022282855,80.47688885921905
co-eluting peaks,6.934060936789449,80.4093103049547
co-eluting peaks,6.941336971350614,80.35073484357683
co-eluting peaks,6.948613005911778,80.30005152866305
co-eluting peaks,6.955889040472942,80.25627334617245
co-eluting peaks,6.963165075034106,80.21852527298698
co-eluting peaks,6.970441109595271,80.1860332243173
co-eluting peaks,6.9777171441564345,80.15811386013904
co-eluting peaks,6.984993178717598,80.1341652161876
co-eluting peaks,6.992269213278763,80.1136581214902
co-eluting peaks,6.999545247839927,80.09612836183932
co-eluting peaks,7.006821282401091,80.0811695469046
co-eluting peaks,7.014097316962255,80.06842663773446
co-eluting peaks,7.02137335152342,80.05759009111048
co-eluting peaks,7.028649386084584,80.04839057749429
co-eluting peaks,7.035925420645748,80.04059423005421
co-eluting peaks,7.043201455206912,80.03399838339755
co-eluting peaks,7.050477489768076,80.02842776208514
co-eluting peaks,7.05775352432924,80.02373108070122
co-eluting peaks,7.065029558890404,80.01977801912949
co-eluting peaks,7.072305593451569,80.01645653869386
co-eluting peaks,7.079581628012733,80.01367050690963
co-eluting peaks,7.086857662573897,80.01133760071812
co-eluting peaks,7.094133697135061,80.00938746020924
co-eluting peaks,7.101409731696226,80.00776006694434
co-eluting peaks,7.1086857662573895,80.00640432304942
co-eluting peaks,7.115961800818553,80.0052768092406
co-eluting peaks,7.123237835379718,80.00434070185064
co-eluting peaks,7.130513869940882,80.00356483074069
co-eluting peaks,7.137789904502046,80.00292286169257
co-eluting peaks,7.14506593906321,80.00239258848343
co-eluting peaks,7.152341973624375,80.00195532134022
co-eluting peaks,7.1596180081855385,80.00159535985844
co-eluting peaks,7.166894042746703,80.0012995397472
co-eluting peaks,7.174170077307867,80.00105684393476
co-eluting peaks,7.181446111869031,80.00085806963898
co-eluting peaks,7.188722146430195,80.0006955439784
co-eluting peaks,7.195998180991359,80.00056288158001
co-eluting peaks,7.203274215552524,80.00045477843209
co-eluting peaks,7.2105502501136876,80.0003668369416
co-eluting peaks,7.217826284674852,80.00029541779212
co-eluting peaks,7.225102319236016,80.00023751476448
co-eluting peaks,7.232378353797181,80.0001906491855
co-eluting peaks,7.239654388358344,80.00015278111508
co-eluting peaks,7.246930422919509,80.00012223477427
co-eluting peaks,7.254206457480673,80.00009763606144
co-eluting peaks,7.261482492041837,80.0000778603061
co-eluting peaks,7.268758526603001,80.00006198867291
co-eluting peaks,7.276034561164165,80.00004927185894
co-eluting peaks,7.28331059572533,80.00003909992584
co-eluting peaks,7.2905866302864935,80.00003097728106
co-eluting peaks,7.297862664847658,80.00002450197175
co-eluting peaks,7.305138699408822,80.00001934858234
co-eluting peaks,7.3124147339699865,80.00001525413695
co-eluting peaks,7.31969076853115,80.0000120065023
co-eluting peaks,7.326966803092314,80.00000943486633
co-eluting peaks,7.334242837653479,80.00000740193677
co-eluting peaks,7.3415188722146425,80.00000579756153
co-eluting peaks,7.348794906775807,80.00000453352209
co-eluting peaks,7.356070941336971,80.0000035392927
co-eluting peaks,7.363346975898136,80.00000275859283
co-eluting peaks,7.370623010459299,80.00000214659
co-eluting peaks,7.377899045020464,80.00000166763489
co-eluting peaks,7.385175079581628,80.00000129343087
co-eluting peaks,7.3924511141427915,80.00000100155741
co-eluting peaks,7.399727148703956,80.00000077428143
co-eluting peaks,7.40700318326512,80.00000059760224
co-eluting peaks,7.414279217826285,80.00000046048551
co-eluting peaks,7.421555252387448,80.00000035425019
co-eluting peaks,7.428831286948613,80.00000027207872
co-eluting peaks,7.436107321509777,80.00000020862649
co-eluting peaks,7.4433833560709415,80.00000015971096
co-eluting peaks,7.450659390632105,80.00000012206478
co-eluting peaks,7.457935425193269,80.00000009314002
co-eluting peaks,7.465211459754434,80.00000007095332
co-eluting peaks,7.4724874943155974,80.00000005396342
co-eluting peaks,7.479763528876762,80.00000004097478
co-eluting peaks,7.487039563437926,80.00000003106162
co-eluting peaks,7.4943155979990905,80.00000002350833
co-eluting peaks,7.501591632560254,80.00000001776274
co-eluting peaks,7.508867667121419,80.00000001339951
co-eluting peaks,7.516143701682583,80.00000001009155
co-eluting peaks,7.5234197362437465,80.00000000758783
co-eluting peaks,7.530695770804911,80.00000000569597
co-eluting peaks,7.537971805366075,80.00000000426881
co-eluting peaks,7.54524783992724,80.00000000319402
co-eluting peaks,7.552523874488403,80.00000000238593
co-eluting peaks,7.559799909049568,80.00000000177938
co-eluting peaks,7.567075943610732,80.00000000132486
co-eluting peaks,7.574351978171896,80.00000000098484
co-eluting peaks,7.58162801273306,80.00000000073088
co-eluting peaks,7.588904047294224,80.00000000054152
co-eluting peaks,7.596180081855389,80.00000000040058
co-eluting peaks,7.603456116416552,80.00000000029583
co-eluting peaks,7.610732150977717,80.00000000021811
co-eluting peaks,7.618008185538881,80.00000000016055
co-eluting peaks,7.6252842201000455,80.00000000011799
co-eluting peaks,7.632560254661209,80.00000000008657
co-eluting peaks,7.639836289222374,80.00000000006341
co-eluting peaks,7.647112323783538,80.00000000004637
co-eluting peaks,7.654388358344701,80.00000000003385
co-eluting peaks,7.661664392905866,80.00000000002468
co-eluting peaks,7.66894042746703,80.00000000001796
co-eluting peaks,7.6762164620281945,80.00000000001305
co-eluting peaks,7.683492496589358,80.00000000000946
co-eluting peaks,7.690768531150523,80.00000000000685
co-eluting peaks,7.698044565711687,80.00000000000496
co-eluting peaks,7.705320600272851,80.00000000000358
co-eluting peaks,7.712596634834015,80.00000000000257
co-eluting peaks,7.71987266939518,80.00000000000185
co-eluting peaks,7.727148703956344,80.00000000000134
co-eluting peaks,7.734424738517507,80.00000000000095
co-eluting peaks,7.741700773078672,80.00000000000068
co-eluting peaks,7.748976807639836,80.00000000000048
co-eluting peaks,7.756252842201,80.00000000000036
co-eluting peaks,7.763528876762164,80.00000000000024
co-eluting peaks,7.770804911323329,80.00000000000017
co-eluting peaks,7.778080945884493,80.00000000000013
co-eluting peaks,7.785356980445657,80.00000000000009
co-eluting peaks,7.792633015006821,80.00000000000006
co-eluting peaks,7.799909049567985,80.00000000000004
co-eluting peaks,7.8071850841291495,80.00000000000003
co-eluting peaks,7.814461118690313,80.00000000000003
co-eluting peaks,7.821737153251478,80.00000000000001
co-eluting peaks,7.829013187812642,80.00000000000001
co-eluting peaks,7.836289222373806,80.00000000000001
co-eluting peaks,7.84356525693497,80.0
co-eluting peaks,7.850841291496135,80.0
co-eluting peaks,7.8581173260572985,80.0
co-eluting peaks,7.865393360618462,80.0
co-eluting peaks,7.872669395179627,80.0
co-eluting peaks,7.879945429740791,80.0
co-eluting peaks,7.887221464301955,80.0
co-eluting peaks,7.894497498863119,80.0
co-eluting peaks,7.901773533424284,80.0
co-eluting peaks,7.909049567985448,80.0
co-eluting peaks,7.916325602546612,80.0
co-eluting peaks,7.923601637107776,80.0
co-eluting peaks,7.93087767166894,80.0
co-eluting peaks,7.938153706230104,80.0
co-eluting peaks,7.945429740791268,80.0
co-eluting peaks,7.952705775352433,80.0
co-eluting peaks,7.959981809913597,80.0
co-eluting peaks,7.967257844474761,80.0
co-eluting peaks,7.974533879035925,80.0
co-eluting peaks,7.98180991359709,80.0
co-eluting peaks,7.9890859481582535,80.0
co-eluting peaks,7.996361982719417,80.0
co-eluting peaks,8.003638017280581,80.0
co-eluting peaks,8.010914051841747,80.0
co-eluting peaks,8.01819008640291,80.0
co-eluting peaks,8.025466120964074,80.0
co-eluting peaks,8.032742155525238,80.0
co-eluting peaks,8.040018190086403,80.0
co-eluting peaks,8.047294224647567,80.0
co-eluting peaks,8.054570259208731,80.0
co-eluting peaks,8.061846293769895,80.0
co-eluting peaks,8.069122328331058,80.0
co-eluting peaks,8.076398362892224,80.0
co-eluting peaks,8.083674397453388,80.0
co-eluting peaks,8.090950432014552,80.0
co-eluting peaks,8.098226466575715,80.0
co-eluting peaks,8.10550250113688,80.0
co-eluting peaks,8.112778535698045,80.0
co-eluting peaks,8.120054570259208,80.0
co-eluting peaks,8.127330604820372,80.0
co-eluting peaks,8.134606639381536,80.0
co-eluting peaks,8.141882673942701,80.0
co-eluting peaks,8.149158708503865,80.0
co-eluting peaks,8.156434743065029,80.0
co-eluting peaks,8.163710777626193,80.0
co-eluting peaks,8.170986812187358,80.0
co-eluting peaks,8.178262846748522,80.0
co-eluting peaks,8.185538881309686,80.0
co-eluting peaks,8.19281491587085,80.0
co-eluting peaks,8.200090950432013,80.0
co-eluting peaks,8.207366984993179,80.0
co-eluting peaks,8.214643019554343,80.0
co-eluting peaks,8.221919054115506,80.0
co-eluting peaks,8.22919508867667,80.0
co-eluting peaks,8.236471123237836,80.0
co-eluting peaks,8.243747157799,80.0
co-eluting peaks,8.251023192360163,80.0
co-eluting peaks,8.258299226921327,80.0
co-eluting peaks,8.26557526148249,80.0
co-eluting peaks,8.272851296043656,80.0
co-eluting peaks,8.28012733060482,80.0
co-eluting peaks,8.287403365165984,80.0
co-eluting peaks,8.294679399727148,80.0
co-eluting peaks,8.301955434288313,80.0
co-eluting peaks,8.309231468849477,80.0
co-eluting peaks,8.31650750341064,80.0
co-eluting peaks,8.323783537971805,80.0
co-eluting peaks,8.33105957253297,80.0
co-eluting peaks,8.338335607094134,80.0
co-eluting peaks,8.345611641655298,80.0
co-eluting peaks,8.352887676216461,80.0
co-eluting peaks,8.360163710777625,80.0
co-eluting peaks,8.36743974533879,80.0
co-eluting peaks,8.374715779899955,80.0
co-eluting peaks,8.381991814461118,80.0
co-eluting peaks,8.389267849022282,80.0
co-eluting peaks,8.396543883583448,80.0
co-eluting peaks,8.403819918144611,80.0
co-eluting peaks,8.411095952705775,80.0
co-eluting peaks,8.418371987266939,80.0
co-eluting peaks,8.425648021828103,80.0
co-eluting peaks,8.432924056389268,80.0
co-eluting peaks,8.440200090950432,80.0
co-eluting peaks,8.447476125511596,80.0
co-eluting peaks,8.45475216007276,80.0
co-eluting peaks,8.462028194633925,80.0
co-eluting peaks,8.469304229195089,80.0
co-eluting peaks,8.476580263756253,80.0
co-eluting peaks,8.483856298317416,80.0
co-eluting peaks,8.49113233287858,80.0
co-eluting peaks,8.498408367439746,80.0
co-eluting peaks,8.50568440200091,80.0
co-eluting peaks,8.512960436562073,80.0
co-eluting peaks,8.520236471123237,80.0
co-eluting peaks,8.527512505684403,80.0
co-eluting peaks,8.534788540245566,80.00000000000001
co-eluting peaks,8.54206457480673,80.00000000000001
co-eluting peaks,8.549340609367894,80.00000000000003
co-eluting peaks,8.556616643929058,80.00000000000007
co-eluting peaks,8.563892678490223,80.00000000000011
co-eluting peaks,8.571168713051387,80.00000000000021
co-eluting peaks,8.57844474761255,80.0000000000004
co-eluting peaks,8.585720782173714,80.00000000000072
co-eluting peaks,8.59299681673488,80.0000000000013
co-eluting peaks,8.600272851296044,80.00000000000233
co-eluting peaks,8.607548885857208,80.00000000000416
co-eluting peaks,8.614824920418371,80.00000000000738
co-eluting peaks,8.622100954979535,80.00000000001303
co-eluting peaks,8.6293769895407,80.0000000000229
co-eluting peaks,8.636653024101864,80.00000000004
co-eluting peaks,8.643929058663028,80.00000000006953
co-eluting peaks,8.651205093224192,80.00000000012021
co-eluting peaks,8.658481127785358,80.00000000020674
co-eluting peaks,8.665757162346521,80.00000000035367
co-eluting peaks,8.673033196907685,80.00000000060182
co-eluting peaks,8.680309231468849,80.00000000101865
co-eluting peaks,8.687585266030013,80.00000000171512
co-eluting peaks,8.694861300591178,80.00000000287253
co-eluting peaks,8.702137335152342,80.00000000478558
co-eluting peaks,8.709413369713506,80.0000000079306
co-eluting peaks,8.71668940427467,80.00000001307306
co-eluting peaks,8.723965438835835,80.0000000214363
co-eluting peaks,8.731241473396999,80.00000003496419
co-eluting peaks,8.738517507958163,80.00000005672803
co-eluting peaks,8.745793542519326,80.00000009155302
co-eluting peaks,8.75306957708049,80.0000001469767
co-eluting peaks,8.760345611641656,80.00000023470652
co-eluting peaks,8.76762164620282,80.00000037282292
co-eluting peaks,8.774897680763983,80.00000058908896
co-eluting peaks,8.782173715325147,80.00000092589124
co-eluting peaks,8.789449749886312,80.00000144757105
co-eluting peaks,8.796725784447476,80.00000225123387
co-eluting peaks,8.80400181900864,80.00000348258844
co-eluting peaks,8.811277853569804,80.0000053590093
co-eluting peaks,8.818553888130968,80.000008202905
co-eluting peaks,8.825829922692133,80.00001248969026
co-eluting peaks,8.833105957253297,80.0000189163121
co-eluting peaks,8.84038199181446,80.00002849850571
co-eluting peaks,8.847658026375624,80.00004270793
co-eluting peaks,8.85493406093679,80.00006366427114
co-eluting peaks,8.862210095497954,80.00009440257399
co-eluting peaks,8.869486130059117,80.00013924278983
co-eluting peaks,8.876762164620281,80.00020429719874
co-eluting peaks,8.884038199181445,80.00029816243254
co-eluting peaks,8.89131423374261,80.00043285680512
co-eluting peaks,8.898590268303774,80.00062508113473
co-eluting peaks,8.905866302864938,80.00089790284913
co-eluting peaks,8.913142337426102,80.00128298956142
co-eluting peaks,8.920418371987267,80.00182355015102
co-eluting peaks,8.927694406548431,80.00257817929344
co-eluting peaks,8.934970441109595,80.00362584584552
co-eluting peaks,8.942246475670759,80.0050723168118
co-eluting peaks,8.949522510231922,80.00705836678014
co-eluting peaks,8.956798544793088,80.00977018728236
co-eluting peaks,8.964074579354252,80.01345248048356
co-eluting peaks,8.971350613915416,80.01842479515682
co-eluting peaks,8.97862664847658,80.02510173735739
co-eluting peaks,8.985902683037745,80.0340177597594
co-eluting peaks,8.993178717598909,80.04585729717009
co-eluting peaks,9.000454752160072,80.06149106479056
co-eluting peaks,9.007730786721236,80.08201936234549
co-eluting peaks,9.0150068212824,80.10882322175743
co-eluting peaks,9.022282855843565,80.14362418769072
co-eluting peaks,9.02955889040473,80.18855341698293
co-eluting peaks,9.036834924965893,80.24623061192324
co-eluting peaks,9.044110959527057,80.31985305059627
co-eluting peaks,9.051386994088222,80.41329463284352
co-eluting peaks,9.058663028649386,80.53121441227282
co-eluting peaks,9.06593906321055,80.67917352560083
co-eluting peaks,9.073215097771714,80.86375875723675
co-eluting peaks,9.080491132332877,81.09271019209675
co-eluting peaks,9.087767166894043,81.3750495233085
co-eluting peaks,9.095043201455207,81.72120461277642
co-eluting peaks,9.10231923601637,82.14312488075929
co-eluting peaks,9.109595270577534,82.65438106593871
co-eluting peaks,9.1168713051387,83.27024190159838
co-eluting peaks,9.124147339699864,84.00771935914277
co-eluting peaks,9.131423374261027,84.88557338965933
co-eluting peaks,9.138699408822191,85.92426662741485
co-eluting peaks,9.145975443383355,87.1458593900761
co-eluting peaks,9.15325147794452,88.57383560272473
co-eluting peaks,9.160527512505684,90.23285106437187
co-eluting peaks,9.167803547066848,92.14839683268286
co-eluting peaks,9.175079581628012,94.34637247224896
co-eluting peaks,9.182355616189177,96.85256651568669
co-eluting peaks,9.189631650750341,99.69204471453584
co-eluting peaks,9.196907685311505,102.88845046009043
co-eluting peaks,9.204183719872669,106.46322604262377
co-eluting peaks,9.211459754433834,110.43476805686912
co-eluting peaks,9.218735788994998,114.81753507453341
co-eluting peaks,9.226011823556162,119.62113047406235
co-eluting peaks,9.233287858117325,124.84938779405158
co-eluting peaks,9.24056389267849,130.49948988778868
co-eluting peaks,9.247839927239655,136.56115622153047
co-eluting peaks,9.255115961800819,143.0159346048074
co-eluting peaks,9.262391996361982,149.8366342189079
co-eluting peaks,9.269668030923146,156.9869358149208
co-eluting peaks,9.276944065484312,164.42121224270682
co-eluting peaks,9.284220100045475,172.08458798211942
co-eluting peaks,9.29149613460664,179.91326010452397
co-eluting peaks,9.298772169167803,187.835095222301
co-eluting peaks,9.306048203728967,195.77050771564433
co-eluting peaks,9.313324238290132,203.63361418698094
co-eluting peaks,9.320600272851296,211.3336480997788
co-eluting peaks,9.32787630741246,218.7766073972362
co-eluting peaks,9.335152341973624,225.86709710163865
co-eluting peaks,9.342428376534789,232.51031902092166
co-eluting peaks,9.349704411095953,238.61415227611755
co-eluting peaks,9.356980445657117,244.0912619078423
co-eluting peaks,9.36425648021828,248.86116873975178
co-eluting peaks,9.371532514779444,252.85221228387616
co-eluting peaks,9.37880854934061,256.00333994841833
co-eluting peaks,9.386084583901773,258.2656601885991
co-eluting peaks,9.393360618462937,259.6037044071656
co-eluting peaks,9.400636653024101,259.9963520933071
co-eluting peaks,9.407912687585267,259.4373854772509
co-eluting peaks,9.41518872214643,257.935653343937
co-eluting peaks,9.422464756707594,255.51483797421176
co-eluting peaks,9.429740791268758,252.21283379204596
co-eluting peaks,9.437016825829922,248.08076050108195
co-eluting peaks,9.444292860391087,243.18164662641294
co-eluting peaks,9.451568894952251,237.58883083253124
co-eluting peaks,9.458844929513415,231.38413765603553
co-eluting peaks,9.466120964074578,224.65589098548824
co-eluting peaks,9.473396998635744,217.49683249667174
co-eluting peaks,9.480673033196908,210.00201321835948
co-eluting peaks,9.487949067758072,202.26672452330618
co-eluting peaks,9.495225102319235,194.38453031751243
co-eluting peaks,9.502501136880399,186.44545536989483
co-eluting peaks,9.509777171441565,178.53437601845968
co-eluting peaks,9.517053206002728,170.72964941386195
co-eluting peaks,9.524329240563892,163.1020065625677
co-eluting peaks,9.531605275125056,155.71372326237582
co-eluting peaks,9.538881309686221,148.6180721105723
co-eluting peaks,9.546157344247385,141.85904858572317
co-eluting peaks,9.553433378808549,135.47135515934173
co-eluting peaks,9.560709413369713,129.48061979452146
co-eluting peaks,9.567985447930877,123.90381924584503
co-eluting peaks,9.575261482492042,118.74987339719266
co-eluting peaks,9.582537517053206,114.02037447125846
co-eluting peaks,9.58981355161437,109.71041423731546
co-eluting peaks,9.597089586175533,105.80947317727153
co-eluting peaks,9.604365620736699,102.30233773049078
co-eluting peaks,9.611641655297863,99.17001497123329
co-eluting peaks,9.618917689859027,96.39061810271085
co-eluting peaks,9.62619372442019,93.94020069846839
co-eluting peaks,9.633469758981354,91.79352241601931
co-eluting peaks,9.64074579354252,89.92473370486621
co-eluting peaks,9.648021828103683,88.30797162059923
co-eluting peaks,9.655297862664847,86.9178630686305
co-eluting peaks,9.662573897226011,85.72993550887362
co-eluting peaks,9.669849931787176,84.7209382735593
co-eluting peaks,9.67712596634834,83.8690801430901
co-eluting peaks,9.684402000909504,83.15419068488025
co-eluting peaks,9.691678035470668,82.55781411416282
co-eluting peaks,9.698954070031832,82.06324513479973
co-eluting peaks,9.706230104592997,81.65551643080839
co-eluting peaks,9.71350613915416,81.32134728499989
co-eluting peaks,9.720782173715325,81.04906228391577
co-eluting peaks,9.728058208276488,80.82848831170946
co-eluting peaks,9.735334242837654,80.65083711849435
co-eluting peaks,9.742610277398818,80.50857974180738
co-eluting peaks,9.749886311959981,80.39531802400444
co-eluting peaks,9.757162346521145,80.30565745329677
co-eluting peaks,9.764438381082309,80.23508460005124
co-eluting peaks,9.771714415643475,80.1798515502907
co-eluting peaks,9.778990450204638,80.13686897242954
co-eluting peaks,9.786266484765802,80.10360879988633
co-eluting peaks,9.793542519326966,80.0780169728736
co-eluting peaks,9.800818553888131,80.05843625329452
co-eluting peaks,9.808094588449295,80.04353879909567
co-eluting peaks,9.815370623010459,80.03226794771919
co-eluting peaks,9.822646657571623,80.02378850003389
co-eluting peaks,9.829922692132786,80.01744470334503
co-eluting peaks,9.837198726693952,80.01272509208219
co-eluting peaks,9.844474761255116,80.00923334566637
co-eluting peaks,9.85175079581628,80.00666435419419
co-eluting peaks,9.859026830377443,80.00478473470135
co-eluting peaks,9.866302864938609,80.00341710614816
co-eluting peaks,9.873578899499773,80.00242750365611
co-eluting peaks,9.880854934060936,80.00171538706552
co-eluting peaks,9.8881309686221,80.00120577197319
co-eluting peaks,9.895407003183264,80.00084308051936
co-eluting peaks,9.90268303774443,80.00058637269579
co-eluting peaks,9.909959072305593,80.00040567592944
co-eluting peaks,9.917235106866757,80.00027918080544
co-eluting peaks,9.92451114142792,80.00019111408143
co-eluting peaks,9.931787175989086,80.00013013695313
co-eluting peaks,9.93906321055025,80.00008814737771
co-eluting peaks,9.946339245111414,80.00005939077263
co-eluting peaks,9.953615279672578,80.00003980424299
co-eluting peaks,9.960891314233741,80.00002653631282
co-eluting peaks,9.968167348794907,80.000017597566
co-eluting peaks,9.97544338335607,80.00001160821499
co-eluting peaks,9.982719417917234,80.00000761691481
co-eluting peaks,9.989995452478398,80.00000497157014
co-eluting peaks,9.997271487039564,80.00000322781665
co-eluting peaks,10.004547521600728,80.00000208461068
co-eluting peaks,10.011823556161891,80.00000133918901
co-eluting peaks,10.019099590723055,80.00000085577503
co-eluting peaks,10.026375625284219,80.00000054397402
co-eluting peaks,10.033651659845384,80.00000034395175
co-eluting peaks,10.040927694406548,80.00000021633048
co-eluting peaks,10.048203728967712,80.00000013534391
co-eluting peaks,10.055479763528876,80.00000008422877
co-eluting peaks,10.062755798090041,80.00000005214146
co-eluting peaks,10.070031832651205,80.00000003210751
co-eluting peaks,10.077307867212369,80.00000001966667
co-eluting peaks,10.084583901773533,80.00000001198273
co-eluting peaks,10.091859936334698,80.00000000726243
co-eluting peaks,10.099135970895862,80.00000000437834
co-eluting peaks,10.106412005457026,80.00000000262564
co-eluting peaks,10.11368804001819,80.00000000156626
co-eluting peaks,10.120964074579353,80.00000000092938
co-eluting peaks,10.128240109140519,80.00000000054855
co-eluting peaks,10.135516143701683,80.00000000032207
co-eluting peaks,10.142792178262846,80.0000000001881
co-eluting peaks,10.15006821282401,80.00000000010927
co-eluting peaks,10.157344247385176,80.00000000006315
co-eluting peaks,10.16462028194634,80.0000000000363
co-eluting peaks,10.171896316507503,80.00000000002075
co-eluting peaks,10.179172351068667,80.00000000001181
co-eluting peaks,10.18644838562983,80.00000000000668
co-eluting peaks,10.193724420190996,80.00000000000375
co-eluting peaks,10.20100045475216,80.0000000000021
co-eluting peaks,10.208276489313324,80.00000000000117
co-eluting peaks,10.215552523874488,80.00000000000065
co-eluting peaks,10.222828558435653,80.00000000000036
co-eluting peaks,10.230104592996817,80.0000000000002
co-eluting peaks,10.23738062755798,80.00000000000011
co-eluting peaks,10.244656662119144,80.00000000000006
co-eluting peaks,10.251932696680308,80.00000000000003
co-eluting peaks,10.259208731241474,80.00000000000001
co-eluting peaks,10.266484765802637,80.00000000000001
co-eluting peaks,10.273760800363801,80.0
co-eluting peaks,10.281036834924965,80.0
co-eluting peaks,10.28831286948613,80.0
co-eluting peaks,10.295588904047294,80.0
co-eluting peaks,10.302864938608458,80.0
co-eluting peaks,10.310140973169622,80.0
co-eluting peaks,10.317417007730786,80.0
co-eluting peaks,10.324693042291951,80.0
co-eluting peaks,10.331969076853115,80.0
co-eluting peaks,10.339245111414279,80.0
co-eluting peaks,10.346521145975442,80.0
co-eluting peaks,10.353797180536608,80.0
co-eluting peaks,10.361073215097772,80.0
co-eluting peaks,10.368349249658936,80.0
co-eluting peaks,10.3756252842201,80.0
co-eluting peaks,10.382901318781263,80.0
co-eluting peaks,10.390177353342429,80.0
co-eluting peaks,10.397453387903592,80.0
co-eluting peaks,10.404729422464756,80.0
co-eluting peaks,10.41200545702592,80.0
co-eluting peaks,10.419281491587085,80.0
co-eluting peaks,10.42655752614825,80.0
co-eluting peaks,10.433833560709413,80.0
co-eluting peaks,10.441109595270577,80.0
co-eluting peaks,10.44838562983174,80.0
co-eluting peaks,10.455661664392906,80.0
co-eluting peaks,10.46293769895407,80.0
co-eluting peaks,10.470213733515234,80.0
co-eluting peaks,10.477489768076397,80.0
co-eluting peaks,10.484765802637563,80.0
co-eluting peaks,10.492041837198727,80.0
co-eluting peaks,10.49931787175989,80.0
co-eluting peaks,10.506593906321054,80.0
co-eluting peaks,10.513869940882218,80.0
co-eluting peaks,10.521145975443384,80.0
co-eluting peaks,10.528422010004547,80.0
co-eluting peaks,10.535698044565711,80.0
co-eluting peaks,10.542974079126875,80.0
co-eluting peaks,10.55025011368804,80.0
co-eluting peaks,10.557526148249204,80.0
co-eluting peaks,10.564802182810368,80.0
co-eluting peaks,10.572078217371532,80.0
co-eluting peaks,10.579354251932696,80.0
co-eluting peaks,10.586630286493861,80.0
co-eluting peaks,10.593906321055025,80.0
co-eluting peaks,10.601182355616189,80.0
co-eluting peaks,10.608458390177352,80.0
co-eluting peaks,10.615734424738518,80.0
co-eluting peaks,10.623010459299682,80.0
co-eluting peaks,10.630286493860845,80.0
co-eluting peaks,10.63756252842201,80.0
co-eluting peaks,10.644838562983173,80.0
co-eluting peaks,10.652114597544339,80.0
co-eluting peaks,10.659390632105502,80.0
co-eluting peaks,10.666666666666666,80.0
co-eluting peaks,10.67394270122783,80.0
co-eluting peaks,10.681218735788995,80.0
co-eluting peaks,10.68849477035016,80.0
co-eluting peaks,10.695770804911323,80.0
co-eluting peaks,10.703046839472487,80.0
co-eluting peaks,10.71032287403365,80.0
co-eluting peaks,10.717598908594816,80.0
co-eluting peaks,10.72487494315598,80.0
co-eluting peaks,10.732150977717144,80.0
co-eluting peaks,10.739427012278307,80.0
co-eluting peaks,10.746703046839473,80.0
co-eluting peaks,10.753979081400637,80.0
co-eluting peaks,10.7612551159618,80.0
co-eluting peaks,10.768531150522964,80.0
co-eluting peaks,10.775807185084128,80.0
co-eluting peaks,10.783083219645293,80.0
co-eluting peaks,10.790359254206457,80.0
co-eluting peaks,10.797635288767621,80.0
co-eluting peaks,10.804911323328785,80.0
co-eluting peaks,10.81218735788995,80.0
co-eluting peaks,10.819463392451114,80.0
co-eluting peaks,10.826739427012278,80.0
co-eluting peaks,10.834015461573442,80.0
co-eluting peaks,10.841291496134605,80.0
co-eluting peaks,10.848567530695771,80.0
co-eluting peaks,10.855843565256935,80.0
co-eluting peaks,10.863119599818098,80.0
co-eluting peaks,10.870395634379262,80.0
co-eluting peaks,10.877671668940428,80.0
co-eluting peaks,10.884947703501592,80.0
co-eluting peaks,10.892223738062755,80.0
co-eluting peaks,10.89949977262392,80.0
co-eluting peaks,10.906775807185083,80.0
co-eluting peaks,10.914051841746248,80.0
co-eluting peaks,10.921327876307412,80.0
co-eluting peaks,10.928603910868576,80.0
co-eluting peaks,10.93587994542974,80.0
co-eluting peaks,10.943155979990905,80.0
co-eluting peaks,10.950432014552069,80.0
co-eluting peaks,10.957708049113233,80.0
co-eluting peaks,10.964984083674397,80.0
co-eluting peaks,10.972260118235562,80.0
co-eluting peaks,10.979536152796726,80.0
co-eluting peaks,10.98681218735789,80.0
co-eluting peaks,10.994088221919053,80.0
co-eluting peaks,11.001364256480217,80.0
co-eluting peaks,11.008640291041383,80.0
co-eluting peaks,11.015916325602547,80.0
co-eluting peaks,11.02319236016371,80.0
co-eluting peaks,11.030468394724874,80.0
co-eluting peaks,11.03774442928604,80.0
co-eluting peaks,11.045020463847203,80.0
co-eluting peaks,11.052296498408367,80.0
co-eluting peaks,11.059572532969531,80.0
co-eluting peaks,11.066848567530695,80.0
co-eluting peaks,11.07412460209186,80.0
co-eluting peaks,11.081400636653024,80.0
co-eluting peaks,11.088676671214188,80.0
co-eluting peaks,11.095952705775352,80.0
co-eluting peaks,11.103228740336517,80.0
co-eluting peaks,11.11050477489768,80.0
co-eluting peaks,11.117780809458845,80.0
co-eluting peaks,11.125056844020008,80.0
co-eluting peaks,11.132332878581172,80.0
co-eluting peaks,11.139608913142338,80.0
co-eluting peaks,11.146884947703501,80.0
co-eluting peaks,11.154160982264665,80.0
co-eluting peaks,11.161437016825829,80.0
co-eluting peaks,11.168713051386995,80.0
co-eluting peaks,11.175989085948158,80.0
co-eluting peaks,11.183265120509322,80.0
co-eluting peaks,11.190541155070486,80.0
co-eluting peaks,11.19781718963165,80.0
co-eluting peaks,11.205093224192815,80.0
co-eluting peaks,11.212369258753979,80.0
co-eluting peaks,11.219645293315143,80.0
co-eluting peaks,11.226921327876306,80.0
co-eluting peaks,11.234197362437472,80.0
co-eluting peaks,11.241473396998636,80.0
co-eluting peaks,11.2487494315598,80.0
co-eluting peaks,11.256025466120963,80.0
co-eluting peaks,11.263301500682127,80.0
co-eluting peaks,11.270577535243293,80.0
co-eluting peaks,11.277853569804456,80.0
co-eluting peaks,11.28512960436562,80.0
co-eluting peaks,11.292405638926784,80.0
co-eluting peaks,11.29968167348795,80.0
co-eluting peaks,11.306957708049113,80.0
co-eluting peaks,11.314233742610277,80.0
co-eluting peaks,11.32150977717144,80.0
co-eluting peaks,11.328785811732605,80.0
co-eluting peaks,11.33606184629377,80.0
co-eluting peaks,11.343337880854934,80.0
co-eluting peaks,11.350613915416098,80.0
co-eluting peaks,11.357889949977261,80.0
co-eluting peaks,11.365165984538427,80.0
co-eluting peaks,11.37244201909959,80.0
co-eluting peaks,11.379718053660755,80.0
co-eluting peaks,11.386994088221918,80.0
co-eluting peaks,11.394270122783082,80.0
co-eluting peaks,11.401546157344248,80.0
co-eluting peaks,11.408822191905411,80.0
co-eluting peaks,11.416098226466575,80.0
co-eluting peaks,11.423374261027739,80.0
co-eluting peaks,11.430650295588904,80.0
co-eluting peaks,11.437926330150068,80.0
co-eluting peaks,11.445202364711232,80.0
co-eluting peaks,11.452478399272396,80.0
co-eluting peaks,11.45975443383356,80.0
co-eluting peaks,11.467030468394725,80.0
co-eluting peaks,11.474306502955889,80.0
co-eluting peaks,11.481582537517053,80.0
co-eluting peaks,11.488858572078216,80.0
co-eluting peaks,11.496134606639382,80.0
co-eluting peaks,11.503410641200546,80.0
co-eluting peaks,11.51068667576171,80.0
co-eluting peaks,11.517962710322873,80.0
co-eluting peaks,11.525238744884037,80.0
co-eluting peaks,11.532514779445203,80.0
co-eluting peaks,11.539790814006366,80.0
co-eluting peaks,11.54706684856753,80.0
co-eluting peaks,11.554342883128694,80.0
co-eluting peaks,11.56161891768986,80.0
co-eluting peaks,11.568894952251023,80.0
co-eluting peaks,11.576170986812187,80.0
co-eluting peaks,11.58344702137335,80.0
co-eluting peaks,11.590723055934514,80.0
co-eluting peaks,11.59799909049568,80.0
co-eluting peaks,11.605275125056844,80.0
co-eluting peaks,11.612551159618008,80.0
co-eluting peaks,11.619827194179171,80.0
co-eluting peaks,11.627103228740337,80.0
co-eluting peaks,11.6343792633015,80.0
co-eluting peaks,11.641655297862664,80.0
co-eluting peaks,11.648931332423828,80.0
co-eluting peaks,11.656207366984992,80.0
co-eluting peaks,11.663483401546157,80.0
co-eluting peaks,11.670759436107321,80.0
co-eluting peaks,11.678035470668485,80.0
co-eluting peaks,11.685311505229649,80.0
co-eluting peaks,11.692587539790814,80.0
co-eluting peaks,11.699863574351978,80.0
co-eluting peaks,11.707139608913142,80.0
co-eluting peaks,11.714415643474306,80.0
co-eluting peaks,11.72169167803547,80.0
co-eluting peaks,11.728967712596635,80.0
co-eluting peaks,11.736243747157799,80.0
co-eluting peaks,11.743519781718962,80.0
co-eluting peaks,11.750795816280126,80.0
co-eluting peaks,11.758071850841292,80.0
co-eluting peaks,11.765347885402456,80.0
co-eluting peaks,11.77262391996362,80.0
co-eluting peaks,11.779899954524783,80.0
co-eluting peaks,11.787175989085947,80.0
co-eluting peaks,11.794452023647112,80.0
co-eluting peaks,11.801728058208276,80.0
co-eluting peaks,11.80900409276944,80.0
co-eluting peaks,11.816280127330604,80.0
co-eluting peaks,11.82355616189177,80.0
co-eluting peaks,11.830832196452933,80.0
co-eluting peaks,11.838108231014097,80.0
co-eluting peaks,11.84538426557526,80.0
co-eluting peaks,11.852660300136426,80.0
co-eluting peaks,11.85993633469759,80.0
co-eluting peaks,11.867212369258754,80.0
co-eluting peaks,11.874488403819917,80.0
co-eluting peaks,11.881764438381081,80.0
co-eluting peaks,11.889040472942247,80.0
co-eluting peaks,11.89631650750341,80.0
co-eluting peaks,11.903592542064574,80.0
co-eluting peaks,11.910868576625738,80.0
co-eluting peaks,11.918144611186904,80.0
co-eluting peaks,11.925420645748067,80.0
co-eluting peaks,11.932696680309231,80.0
co-eluting peaks,11.939972714870395,80.0
co-eluting peaks,11.947248749431559,80.0
co-eluting peaks,11.954524783992724,80.0
co-eluting peaks,11.961800818553888,80.0
co-eluting peaks,11.969076853115052,80.0
co-eluting peaks,11.976352887676216,80.0
co-eluting peaks,11.983628922237381,80.0
co-eluting peaks,11.990904956798545,80.0
co-eluting peaks,11.998180991359709,80.0
co-eluting peaks,12.005457025920872,80.0
co-eluting peaks,12.012733060482036,80.0
co-eluting peaks,12.020009095043202,80.0
co-eluting peaks,12.027285129604365,80.0
co-eluting peaks,12.03456116416553,80.0
co-eluting peaks,12.041837198726693,80.0
co-eluting peaks,12.049113233287859,80.0
co-eluting peaks,12.056389267849022,80.0
co-eluting peaks,12.063665302410186,80.0
co-eluting peaks,12.07094133697135,80.0
co-eluting peaks,12.078217371532514,80.0
co-eluting peaks,12.08549340609368,80.0
co-eluting peaks,12.092769440654843,80.0
co-eluting peaks,12.100045475216007,80.0
co-eluting peaks,12.10732150977717,80.0
co-eluting peaks,12.114597544338336,80.0
co-eluting peaks,12.1218735788995,80.0
co-eluting peaks,12.129149613460664,80.0
co-eluting peaks,12.136425648021827,80.0
co-eluting peaks,12.143701682582991,80.0
co-eluting peaks,12.150977717144157,80.0
co-eluting peaks,12.15825375170532,80.0
co-eluting peaks,12.165529786266484,80.0
co-eluting peaks,12.172805820827648,80.0
co-eluting peaks,12.180081855388813,80.0
co-eluting peaks,12.187357889949977,80.0
co-eluting peaks,12.194633924511141,80.0
co-eluting peaks,12.201909959072305,80.0
co-eluting peaks,12.209185993633469,80.0
co-eluting peaks,12.216462028194634,80.0
co-eluting peaks,12.223738062755798,80.0
co-eluting peaks,12.231014097316962,80.0
co-eluting peaks,12.238290131878125,80.0
co-eluting peaks,12.245566166439291,80.0
co-eluting peaks,12.252842201000455,80.0
co-eluting peaks,12.260118235561619,80.0
co-eluting peaks,12.267394270122782,80.0
co-eluting peaks,12.274670304683946,80.0
co-eluting peaks,12.281946339245112,80.0
co-eluting peaks,12.289222373806275,80.0
co-eluting peaks,12.29649840836744,80.0
co-eluting peaks,12.303774442928603,80.0
co-eluting peaks,12.311050477489768,80.0
co-eluting peaks,12.318326512050932,80.0
co-eluting peaks,12.325602546612096,80.0
co-eluting peaks,12.33287858117326,80.0
co-eluting peaks,12.340154615734424,80.0
co-eluting peaks,12.347430650295589,80.0
co-eluting peaks,12.354706684856753,80.0
co-eluting peaks,12.361982719417917,80.0
co-eluting peaks,12.36925875397908,80.0
co-eluting peaks,12.376534788540246,80.0
co-eluting peaks,12.38381082310141,80.0
co-eluting peaks,12.391086857662573,80.0
co-eluting peaks,12.398362892223737,80.0
co-eluting peaks,12.405638926784901,80.0
co-eluting peaks,12.412914961346067,80.0
co-eluting peaks,12.42019099590723,80.0
co-eluting peaks,12.427467030468394,80.0
co-eluting peaks,12.434743065029558,80.0
co-eluting peaks,12.442019099590723,80.0
co-eluting peaks,12.449295134151887,80.0
co-eluting peaks,12.456571168713051,80.0
co-eluting peaks,12.463847203274215,80.0
co-eluting peaks,12.471123237835378,80.0
co-eluting peaks,12.478399272396544,80.0
co-eluting peaks,12.485675306957708,80.0
co-eluting peaks,12.492951341518872,80.0
co-eluting peaks,12.500227376080035,80.0
co-eluting peaks,12.5075034106412,80.0
co-eluting peaks,12.514779445202365,80.0
co-eluting peaks,12.522055479763528,80.0
co-eluting peaks,12.529331514324692,80.0
co-eluting peaks,12.536607548885856,80.0
co-eluting peaks,12.543883583447021,80.0
co-eluting peaks,12.551159618008185,80.0
co-eluting peaks,12.558435652569349,80.0
co-eluting peaks,12.565711687130513,80.0
co-eluting peaks,12.572987721691678,80.0
co-eluting peaks,12.580263756252842,80.0
co-eluting peaks,12.587539790814006,80.0
co-eluting peaks,12.59481582537517,80.0
co-eluting peaks,12.602091859936333,80.0
co-eluting peaks,12.609367894497499,80.0
co-eluting peaks,12.616643929058663,80.0
co-eluting peaks,12.623919963619826,80.0
co-eluting peaks,12.63119599818099,80.0
co-eluting peaks,12.638472032742156,80.0
co-eluting peaks,12.64574806730332,80.0
co-eluting peaks,12.653024101864483,80.0
co-eluting peaks,12.660300136425647,80.0
co-eluting peaks,12.66757617098681,80.0
co-eluting peaks,12.674852205547976,80.0
co-eluting peaks,12.68212824010914,80.0
co-eluting peaks,12.689404274670304,80.0
co-eluting peaks,12.696680309231468,80.0
co-eluting peaks,12.703956343792633,80.0
co-eluting peaks,12.711232378353797,80.0
co-eluting peaks,12.71850841291496,80.0
co-eluting peaks,12.725784447476125,80.0
co-eluting peaks,12.73306048203729,80.0
co-eluting peaks,12.740336516598454,80.0
co-eluting peaks,12.747612551159618,80.0
co-eluting peaks,12.754888585720781,80.0
co-eluting peaks,12.762164620281945,80.0
co-eluting peaks,12.76944065484311,80.0
co-eluting peaks,12.776716689404275,80.0
co-eluting peaks,12.783992723965438,80.0
co-eluting peaks,12.791268758526602,80.0
co-eluting peaks,12.798544793087768,80.0
co-eluting peaks,12.805820827648931,80.0
co-eluting peaks,12.813096862210095,80.0
co-eluting peaks,12.820372896771259,80.0
co-eluting peaks,12.827648931332423,80.0
co-eluting peaks,12.834924965893588,80.0
co-eluting peaks,12.842201000454752,80.0
co-eluting peaks,12.849477035015916,80.0
co-eluting peaks,12.85675306957708,80.0
co-eluting peaks,12.864029104138245,80.0
co-eluting peaks,12.871305138699409,80.0
co-eluting peaks,12.878581173260573,80.0
co-eluting peaks,12.885857207821736,80.0
co-eluting peaks,12.8931332423829,80.0
co-eluting peaks,12.900409276944066,80.0
co-eluting peaks,12.90768531150523,80.0
co-eluting peaks,12.914961346066393,80.0
co-eluting peaks,12.922237380627557,80.0
co-eluting peaks,12.929513415188723,80.0
co-eluting peaks,12.936789449749886,80.0
co-eluting peaks,12.94406548431105,80.0
co-eluting peaks,12.951341518872214,80.0
co-eluting peaks,12.958617553433378,80.0
co-eluting peaks,12.965893587994543,80.0
co-eluting peaks,12.973169622555707,80.0
co-eluting peaks,12.98044565711687,80.0
co-eluting peaks,12.987721691678034,80.0
co-eluting peaks,12.9949977262392,80.0
co-eluting peaks,13.002273760800364,80.0
co-eluting peaks,13.009549795361528,80.0
co-eluting peaks,13.016825829922691,80.0
co-eluting peaks,13.024101864483855,80.0
co-eluting peaks,13.03137789904502,80.0
co-eluting peaks,13.038653933606184,80.0
co-eluting peaks,13.045929968167348,80.0
co-eluting peaks,13.053206002728512,80.0
co-eluting peaks,13.060482037289677,80.0
co-eluting peaks,13.067758071850841,80.0
co-eluting peaks,13.075034106412005,80.0
co-eluting peaks,13.082310140973169,80.0
co-eluting peaks,13.089586175534333,80.0
co-eluting peaks,13.096862210095498,80.0
co-eluting peaks,13.104138244656662,80.0
co-eluting peaks,13.111414279217826,80.0
co-eluting peaks,13.11869031377899,80.0
co-eluting peaks,13.125966348340155,80.0
co-eluting peaks,13.133242382901319,80.0
co-eluting peaks,13.140518417462483,80.0
co-eluting peaks,13.147794452023646,80.0
co-eluting peaks,13.15507048658481,80.0
co-eluting peaks,13.162346521145976,80.0
co-eluting peaks,13.16962255570714,80.0
co-eluting peaks,13.176898590268303,80.0
co-eluting peaks,13.184174624829467,80.0
co-eluting peaks,13.191450659390632,80.0
co-eluting peaks,13.198726693951796,80.0
co-eluting peaks,13.20600272851296,80.0
co-eluting peaks,13.213278763074124,80.0
co-eluting peaks,13.220554797635288,80.0
co-eluting peaks,13.227830832196453,80.0
co-eluting peaks,13.235106866757617,80.0
co-eluting peaks,13.24238290131878,80.0
co-eluting peaks,13.249658935879944,80.0
co-eluting peaks,13.25693497044111,80.0
co-eluting peaks,13.264211005002274,80.0
co-eluting peaks,13.271487039563437,80.0
co-eluting peaks,13.278763074124601,80.0
co-eluting peaks,13.286039108685765,80.0
co-eluting peaks,13.29331514324693,80.0
co-eluting peaks,13.300591177808094,80.0
co-eluting peaks,13.307867212369258,80.0
co-eluting peaks,13.315143246930422,80.0
co-eluting peaks,13.322419281491587,80.0
co-eluting peaks,13.329695316052751,80.0
co-eluting peaks,13.336971350613915,80.0
co-eluting peaks,13.344247385175079,80.0
co-eluting peaks,13.351523419736242,80.0
co-eluting peaks,13.358799454297408,80.0
co-eluting peaks,13.366075488858572,80.0
co-eluting peaks,13.373351523419736,80.0
co-eluting peaks,13.3806275579809,80.0
co-eluting peaks,13.387903592542065,80.0
co-eluting peaks,13.395179627103229,80.0
co-eluting peaks,13.402455661664392,80.0
co-eluting peaks,13.409731696225556,80.0
co-eluting peaks,13.41700773078672,80.0
co-eluting peaks,13.424283765347885,80.0
co-eluting peaks,13.43155979990905,80.0
co-eluting peaks,13.438835834470213,80.0
co-eluting peaks,13.446111869031377,80.0
co-eluting peaks,13.453387903592542,80.0
co-eluting peaks,13.460663938153706,80.0
co-eluting peaks,13.46793997271487,80.0
co-eluting peaks,13.475216007276034,80.0
co-eluting peaks,13.482492041837197,80.0
co-eluting peaks,13.489768076398363,80.0
co-eluting peaks,13.497044110959527,80.0
co-eluting peaks,13.50432014552069,80.0
co-eluting peaks,13.511596180081854,80.0
co-eluting peaks,13.51887221464302,80.0
co-eluting peaks,13.526148249204184,80.0
co-eluting peaks,13.533424283765347,80.0
co-eluting peaks,13.540700318326511,80.0
co-eluting peaks,13.547976352887675,80.0
co-eluting peaks,13.55525238744884,80.0
co-eluting peaks,13.562528422010004,80.0
co-eluting peaks,13.569804456571168,80.0
co-eluting peaks,13.577080491132332,80.0
co-eluting peaks,13.584356525693497,80.0
co-eluting peaks,13.591632560254661,80.0
co-eluting peaks,13.598908594815825,80.0
co-eluting peaks,13.606184629376989,80.0
co-eluting peaks,13.613460663938154,80.0
co-eluting peaks,13.620736698499318,80.0
co-eluting peaks,13.628012733060482,80.0
co-eluting peaks,13.635288767621645,80.0
co-eluting peaks,13.64256480218281,80.0
co-eluting peaks,13.649840836743975,80.0
co-eluting peaks,13.657116871305139,80.0
co-eluting peaks,13.664392905866302,80.0
co-eluting peaks,13.671668940427466,80.0
co-eluting peaks,13.678944974988632,80.0
co-eluting peaks,13.686221009549795,80.0
co-eluting peaks,13.69349704411096,80.0
co-eluting peaks,13.700773078672123,80.0
co-eluting peaks,13.708049113233287,80.0
co-eluting peaks,13.715325147794452,80.0
co-eluting peaks,13.722601182355616,80.0
co-eluting peaks,13.72987721691678,80.0
co-eluting peaks,13.737153251477944,80.0
co-eluting peaks,13.744429286039109,80.0
co-eluting peaks,13.751705320600273,80.0
co-eluting peaks,13.758981355161437,80.0
co-eluting peaks,13.7662573897226,80.0
co-eluting peaks,13.773533424283764,80.0
co-eluting peaks,13.78080945884493,80.0
co-eluting peaks,13.788085493406093,80.0
co-eluting peaks,13.795361527967257,80.0
co-eluting peaks,13.802637562528421,80.0
co-eluting peaks,13.809913597089587,80.0
co-eluting peaks,13.81718963165075,80.0
co-eluting peaks,13.824465666211914,80.0
co-eluting peaks,13.831741700773078,80.0
co-eluting peaks,13.839017735334242,80.0
co-eluting peaks,13.846293769895407,80.0
co-eluting peaks,13.853569804456571,80.0
co-eluting peaks,13.860845839017735,80.0
co-eluting peaks,13.868121873578898,80.0
co-eluting peaks,13.875397908140064,80.0
co-eluting peaks,13.882673942701228,80.0
co-eluting peaks,13.889949977262392,80.0
co-eluting peaks,13.897226011823555,80.0
co-eluting peaks,13.904502046384719,80.0
co-eluting peaks,13.911778080945885,80.0
co-eluting peaks,13.919054115507048,80.0
co-eluting peaks,13.926330150068212,80.0
co-eluting peaks,13.933606184629376,80.0
co-eluting peaks,13.940882219190541,80.0
co-eluting peaks,13.948158253751705,80.0
co-eluting peaks,13.955434288312869,80.0
co-eluting peaks,13.962710322874033,80.0
co-eluting peaks,13.969986357435197,80.0
co-eluting peaks,13.977262391996362,80.0
co-eluting peaks,13.984538426557526,80.0
co-eluting peaks,13.99181446111869,80.0
co-eluting peaks,13.999090495679853,80.0
co-eluting peaks,14.006366530241019,80.0
co-eluting peaks,14.013642564802183,80.0
co-eluting peaks,14.020918599363347,80.0
co-eluting peaks,14.02819463392451,80.0
co-eluting peaks,14.035470668485674,80.0
co-eluting peaks,14.04274670304684,80.0
co-eluting peaks,14.050022737608003,80.0
co-eluting peaks,14.057298772169167,80.0
co-eluting peaks,14.064574806730331,80.0
co-eluting peaks,14.071850841291496,80.0
co-eluting peaks,14.07912687585266,80.0
co-eluting peaks,14.086402910413824,80.0
co-eluting peaks,14.093678944974988,80.0
co-eluting peaks,14.100954979536152,80.0
co-eluting peaks,14.108231014097317,80.0
co-eluting peaks,14.11550704865848,80.0
co-eluting peaks,14.122783083219645,80.0
co-eluting peaks,14.130059117780808,80.0
co-eluting peaks,14.137335152341974,80.0
co-eluting peaks,14.144611186903138,80.0
co-eluting peaks,14.151887221464301,80.0
co-eluting peaks,14.159163256025465,80.0
co-eluting peaks,14.166439290586629,80.0
co-eluting peaks,14.173715325147795,80.0
co-eluting peaks,14.180991359708958,80.0
co-eluting peaks,14.188267394270122,80.0
co-eluting peaks,14.195543428831286,80.0
co-eluting peaks,14.202819463392451,80.0
co-eluting peaks,14.210095497953615,80.0
co-eluting peaks,14.217371532514779,80.0
co-eluting peaks,14.224647567075943,80.0
co-eluting peaks,14.231923601637106,80.0
co-eluting peaks,14.239199636198272,80.0
co-eluting peaks,14.246475670759436,80.0
co-eluting peaks,14.2537517053206,80.0
co-eluting peaks,14.261027739881763,80.0
co-eluting peaks,14.268303774442929,80.0
co-eluting peaks,14.275579809004093,80.0
co-eluting peaks,14.282855843565256,80.0
co-eluting peaks,14.29013187812642,80.0
co-eluting peaks,14.297407912687584,80.0
co-eluting peaks,14.30468394724875,80.0
co-eluting peaks,14.311959981809913,80.0
co-eluting peaks,14.319236016371077,80.0
co-eluting peaks,14.32651205093224,80.0
co-eluting peaks,14.333788085493406,80.0
co-eluting peaks,14.34106412005457,80.0
co-eluting peaks,14.348340154615734,80.0
co-eluting peaks,14.355616189176898,80.0
co-eluting peaks,14.362892223738061,80.0
co-eluting peaks,14.370168258299227,80.0
co-eluting peaks,14.37744429286039,80.0
co-eluting peaks,14.384720327421554,80.0
co-eluting peaks,14.391996361982718,80.0
co-eluting peaks,14.399272396543884,80.0
co-eluting peaks,14.406548431105048,80.0
co-eluting peaks,14.413824465666211,80.0
co-eluting peaks,14.421100500227375,80.0
co-eluting peaks,14.428376534788539,80.0
co-eluting peaks,14.435652569349704,80.0
co-eluting peaks,14.442928603910868,80.0
co-eluting peaks,14.450204638472032,80.0
co-eluting peaks,14.457480673033196,80.0
co-eluting peaks,14.464756707594361,80.0
co-eluting peaks,14.472032742155525,80.0
co-eluting peaks,14.479308776716689,80.0
co-eluting peaks,14.486584811277853,80.0
co-eluting peaks,14.493860845839018,80.0
co-eluting peaks,14.501136880400182,80.0
co-eluting peaks,14.508412914961346,80.0
co-eluting peaks,14.51568894952251,80.0
co-eluting peaks,14.522964984083673,80.0
co-eluting peaks,14.530241018644839,80.0
co-eluting peaks,14.537517053206003,80.0
co-eluting peaks,14.544793087767166,80.0
co-eluting peaks,14.55206912232833,80.0
co-eluting peaks,14.559345156889496,80.0
co-eluting peaks,14.56662119145066,80.0
co-eluting peaks,14.573897226011823,80.0
co-eluting peaks,14.581173260572987,80.0
co-eluting peaks,14.58844929513415,80.0
co-eluting peaks,14.595725329695316,80.0
co-eluting peaks,14.60300136425648,80.0
co-eluting peaks,14.610277398817644,80.0
co-eluting peaks,14.617553433378808,80.0
co-eluting peaks,14.624829467939973,80.0
co-eluting peaks,14.632105502501137,80.0
co-eluting peaks,14.6393815370623,80.0
co-eluting peaks,14.646657571623464,80.0
co-eluting peaks,14.653933606184628,80.0
co-eluting peaks,14.661209640745794,80.0
co-eluting peaks,14.668485675306957,80.0
co-eluting peaks,14.675761709868121,80.0
co-eluting peaks,14.683037744429285,80.0
co-eluting peaks,14.69031377899045,80.0
co-eluting peaks,14.697589813551614,80.0
co-eluting peaks,14.704865848112778,80.0
co-eluting peaks,14.712141882673942,80.0
co-eluting peaks,14.719417917235106,80.0
co-eluting peaks,14.726693951796271,80.0
co-eluting peaks,14.733969986357435,80.0
co-eluting peaks,14.741246020918599,80.0
co-eluting peaks,14.748522055479762,80.0
co-eluting peaks,14.755798090040928,80.0
co-eluting peaks,14.763074124602092,80.0
co-eluting peaks,14.770350159163256,80.0
co-eluting peaks,14.77762619372442,80.0
co-eluting peaks,14.784902228285583,80.0
co-eluting peaks,14.792178262846749,80.0
co-eluting peaks,14.799454297407912,80.0
co-eluting peaks,14.806730331969076,80.0
co-eluting peaks,14.81400636653024,80.0
co-eluting peaks,14.821282401091405,80.0
co-eluting peaks,14.82855843565257,80.0
co-eluting peaks,14.835834470213733,80.0
co-eluting peaks,14.843110504774897,80.0
co-eluting peaks,14.85038653933606,80.0
co-eluting peaks,14.857662573897226,80.0
co-eluting peaks,14.86493860845839,80.0
co-eluting peaks,14.872214643019554,80.0
co-eluting peaks,14.879490677580717,80.0
co-eluting peaks,14.886766712141883,80.0
co-eluting peaks,14.894042746703047,80.0
co-eluting peaks,14.90131878126421,80.0
co-eluting peaks,14.908594815825374,80.0
co-eluting peaks,14.915870850386538,80.0
co-eluting peaks,14.923146884947704,80.0
co-eluting peaks,14.930422919508867,80.0
co-eluting peaks,14.937698954070031,80.0
co-eluting peaks,14.944974988631195,80.0
co-eluting peaks,14.95225102319236,80.0
co-eluting peaks,14.959527057753524,80.0
co-eluting peaks,14.966803092314688,80.0
co-eluting peaks,14.974079126875852,80.0
co-eluting peaks,14.981355161437016,80.0
co-eluting peaks,14.988631195998181,80.0
co-eluting peaks,14.995907230559345,80.0
co-eluting peaks,15.003183265120509,80.0
co-eluting peaks,15.010459299681672,80.0
co-eluting peaks,15.017735334242838,80.0
co-eluting peaks,15.025011368804002,80.0
co-eluting peaks,15.032287403365165,80.0
co-eluting peaks,15.03956343792633,80.0
co-eluting peaks,15.046839472487493,80.0
co-eluting peaks,15.054115507048659,80.0
co-eluting peaks,15.061391541609822,80.0
co-eluting peaks,15.068667576170986,80.0
co-eluting peaks,15.07594361073215,80.0
co-eluting peaks,15.083219645293315,80.0
co-eluting peaks,15.09049567985448,80.0
co-eluting peaks,15.097771714415643,80.0
co-eluting peaks,15.105047748976807,80.0
co-eluting peaks,15.11232378353797,80.0
co-eluting peaks,15.119599818099136,80.0
co-eluting peaks,15.1268758526603,80.0
co-eluting peaks,15.134151887221464,80.0
co-eluting peaks,15.141427921782627,80.0
co-eluting peaks,15.148703956343793,80.0
co-eluting peaks,15.155979990904957,80.0
co-eluting peaks,15.16325602546612,80.0
co-eluting peaks,15.170532060027284,80.0
co-eluting peaks,15.177808094588448,80.0
co-eluting peaks,15.185084129149613,80.0
co-eluting peaks,15.192360163710777,80.0
co-eluting peaks,15.199636198271941,80.0
co-eluting peaks,15.206912232833105,80.0
co-eluting peaks,15.21418826739427,80.0
co-eluting peaks,15.221464301955434,80.0
co-eluting peaks,15.228740336516598,80.0
co-eluting peaks,15.236016371077762,80.0
co-eluting peaks,15.243292405638925,80.0
co-eluting peaks,15.250568440200091,80.0
co-eluting peaks,15.257844474761255,80.0
co-eluting peaks,15.265120509322418,80.0
co-eluting peaks,15.272396543883582,80.0
co-eluting peaks,15.279672578444748,80.0
co-eluting peaks,15.286948613005912,80.0
co-eluting peaks,15.294224647567075,80.0
co-eluting peaks,15.301500682128239,80.0
co-eluting peaks,15.308776716689403,80.0
co-eluting peaks,15.316052751250568,80.0
co-eluting peaks,15.323328785811732,80.0
co-eluting peaks,15.330604820372896,80.0
co-eluting peaks,15.33788085493406,80.0
co-eluting peaks,15.345156889495225,80.0
co-eluting peaks,15.352432924056389,80.0
co-eluting peaks,15.359708958617553,80.0
co-eluting peaks,15.366984993178717,80.0
co-eluting peaks,15.374261027739882,80.0
co-eluting peaks,15.381537062301046,80.0
co-eluting peaks,15.38881309686221,80.0
co-eluting peaks,15.396089131423373,80.0
co-eluting peaks,15.403365165984537,80.0
co-eluting peaks,15.410641200545703,80.0
co-eluting peaks,15.417917235106867,80.0
co-eluting peaks,15.42519326966803,80.0
co-eluting peaks,15.432469304229194,80.0
co-eluting peaks,15.43974533879036,80.0
co-eluting peaks,15.447021373351523,80.0
co-eluting peaks,15.454297407912687,80.0
co-eluting peaks,15.461573442473851,80.0
co-eluting peaks,15.468849477035015,80.0
co-eluting peaks,15.47612551159618,80.0
co-eluting peaks,15.483401546157344,80.0
co-eluting peaks,15.490677580718508,80.0
co-eluting peaks,15.497953615279672,80.0
co-eluting peaks,15.505229649840837,80.0
co-eluting peaks,15.512505684402,80.0
co-eluting peaks,15.519781718963165,80.0
co-eluting peaks,15.527057753524328,80.0
co-eluting peaks,15.534333788085492,80.0
co-eluting peaks,15.541609822646658,80.0
co-eluting peaks,15.548885857207821,80.0
co-eluting peaks,15.556161891768985,80.0
co-eluting peaks,15.563437926330149,80.0
co-eluting peaks,15.570713960891315,80.0
co-eluting peaks,15.577989995452478,80.0
co-eluting peaks,15.585266030013642,80.0
co-eluting peaks,15.592542064574806,80.0
co-eluting peaks,15.59981809913597,80.0
co-eluting peaks,15.607094133697135,80.0
co-eluting peaks,15.614370168258299,80.0
co-eluting peaks,15.621646202819463,80.0
co-eluting peaks,15.628922237380626,80.0
co-eluting peaks,15.636198271941792,80.0
co-eluting peaks,15.643474306502956,80.0
co-eluting peaks,15.65075034106412,80.0
co-eluting peaks,15.658026375625283,80.0
co-eluting peaks,15.665302410186447,80.0
co-eluting peaks,15.672578444747613,80.0
co-eluting peaks,15.679854479308776,80.0
co-eluting peaks,15.68713051386994,80.0
co-eluting peaks,15.694406548431104,80.0
co-eluting peaks,15.70168258299227,80.0
co-eluting peaks,15.708958617553433,80.0
co-eluting peaks,15.716234652114597,80.0
co-eluting peaks,15.72351068667576,80.0
co-eluting peaks,15.730786721236925,80.0
co-eluting peaks,15.73806275579809,80.0
co-eluting peaks,15.745338790359254,80.0
co-eluting peaks,15.752614824920418,80.0
co-eluting peaks,15.759890859481581,80.0
co-eluting peaks,15.767166894042747,80.0
co-eluting peaks,15.77444292860391,80.0
co-eluting peaks,15.781718963165074,80.0
co-eluting peaks,15.788994997726238,80.0
co-eluting peaks,15.796271032287402,80.0
co-eluting peaks,15.803547066848568,80.0
co-eluting peaks,15.810823101409731,80.0
co-eluting peaks,15.818099135970895,80.0
co-eluting peaks,15.825375170532059,80.0
co-eluting peaks,15.832651205093224,80.0
co-eluting peaks,15.839927239654388,80.0
co-eluting peaks,15.847203274215552,80.0
co-eluting peaks,15.854479308776716,80.0
co-eluting peaks,15.86175534333788,80.0
co-eluting peaks,15.869031377899045,80.0
co-eluting peaks,15.876307412460209,80.0
co-eluting peaks,15.883583447021373,80.0
co-eluting peaks,15.890859481582536,80.0
co-eluting peaks,15.898135516143702,80.0
co-eluting peaks,15.905411550704866,80.0
co-eluting peaks,15.91268758526603,80.0
co-eluting peaks,15.919963619827193,80.0
co-eluting peaks,15.927239654388357,80.0
co-eluting peaks,15.934515688949523,80.0
co-eluting peaks,15.941791723510686,80.0
co-eluting peaks,15.94906775807185,80.0
co-eluting peaks,15.956343792633014,80.0
co-eluting peaks,15.96361982719418,80.0
co-eluting peaks,15.970895861755343,80.0
co-eluting peaks,15.978171896316507,80.0
co-eluting peaks,15.98544793087767,80.0
co-eluting peaks,15.992723965438834,80.0
co-eluting peaks,16.0,80.0
