parameter,left,right,count,percent
bvir_b_tafel_mV_dec,20.0,25.0,0,0.0
bvir_b_tafel_mV_dec,25.0,30.0,307,13.058273075287111
bvir_b_tafel_mV_dec,30.0,35.0,103,4.381114419396002
bvir_b_tafel_mV_dec,35.0,40.0,100,4.253509145044662
bvir_b_tafel_mV_dec,40.0,45.0,90,3.8281582305401956
bvir_b_tafel_mV_dec,45.0,50.0,125,5.316886431305827
bvir_b_tafel_mV_dec,50.0,55.0,119,5.061675882603148
bvir_b_tafel_mV_dec,55.0,60.0,93,3.955763504891536
bvir_b_tafel_mV_dec,60.0,65.0,97,4.125903870693322
bvir_b_tafel_mV_dec,65.0,70.0,103,4.381114419396002
bvir_b_tafel_mV_dec,70.0,75.0,95,4.0408336877924285
bvir_b_tafel_mV_dec,75.0,80.0,101,4.296044236495108
bvir_b_tafel_mV_dec,80.0,85.0,90,3.8281582305401956
bvir_b_tafel_mV_dec,85.0,90.0,67,2.849851127179923
bvir_b_tafel_mV_dec,90.0,95.0,75,3.190131858783497
bvir_b_tafel_mV_dec,95.0,100.0,62,2.6371756699276903
bvir_b_tafel_mV_dec,100.0,105.0,77,3.27520204168439
bvir_b_tafel_mV_dec,105.0,110.0,67,2.849851127179923
bvir_b_tafel_mV_dec,110.0,115.0,55,2.3394300297745643
bvir_b_tafel_mV_dec,115.0,120.0,38,1.6163334751169716
bvir_b_tafel_mV_dec,120.0,125.0,53,2.2543598468736707
bvir_b_tafel_mV_dec,125.0,130.0,46,1.9566142067205443
bvir_b_tafel_mV_dec,130.0,135.0,38,1.6163334751169716
bvir_b_tafel_mV_dec,135.0,140.0,31,1.3185878349638451
bvir_b_tafel_mV_dec,140.0,145.0,31,1.3185878349638451
bvir_b_tafel_mV_dec,145.0,150.0,25,1.0633772862611655
bvir_b_tafel_mV_dec,150.0,155.0,26,1.105912377711612
bvir_b_tafel_mV_dec,155.0,160.0,24,1.020842194810719
bvir_b_tafel_mV_dec,160.0,165.0,21,0.8932369204593791
bvir_b_tafel_mV_dec,165.0,170.0,17,0.7230965546575925
bvir_b_tafel_mV_dec,170.0,175.0,12,0.5104210974053595
bvir_b_tafel_mV_dec,175.0,180.0,17,0.7230965546575925
bvir_b_tafel_mV_dec,180.0,185.0,10,0.4253509145044662
bvir_b_tafel_mV_dec,185.0,190.0,10,0.4253509145044662
bvir_b_tafel_mV_dec,190.0,195.0,10,0.4253509145044662
bvir_b_tafel_mV_dec,195.0,200.0,7,0.2977456401531263
bvir_b_tafel_mV_dec,200.0,205.0,7,0.2977456401531263
bvir_b_tafel_mV_dec,205.0,210.0,5,0.2126754572522331
bvir_b_tafel_mV_dec,210.0,215.0,12,0.5104210974053595
bvir_b_tafel_mV_dec,215.0,220.0,6,0.25521054870267973
bvir_r_mV_per_mA,0.0,0.1,441,18.75797532964696
bvir_r_mV_per_mA,0.1,0.2,219,9.31518502764781
bvir_r_mV_per_mA,0.2,0.30000000000000004,213,9.05997447894513
bvir_r_mV_per_mA,0.30000000000000004,0.4,180,7.656316461080391
bvir_r_mV_per_mA,0.4,0.5,134,5.699702254359846
bvir_r_mV_per_mA,0.5,0.6000000000000001,100,4.253509145044662
bvir_r_mV_per_mA,0.6000000000000001,0.7000000000000001,116,4.934070608251808
bvir_r_mV_per_mA,0.7000000000000001,0.8,90,3.8281582305401956
bvir_r_mV_per_mA,0.8,0.9,83,3.530412590387069
bvir_r_mV_per_mA,0.9,1.0,84,3.5729476818375163
bvir_r_mV_per_mA,1.0,1.1,77,3.27520204168439
bvir_r_mV_per_mA,1.1,1.2000000000000002,67,2.849851127179923
bvir_r_mV_per_mA,1.2000000000000002,1.3,54,2.2968949383241175
bvir_r_mV_per_mA,1.3,1.4000000000000001,49,2.0842194810718846
bvir_r_mV_per_mA,1.4000000000000001,1.5,44,1.871544023819651
bvir_r_mV_per_mA,1.5,1.6,46,1.9566142067205443
bvir_r_mV_per_mA,1.6,1.7000000000000002,24,1.020842194810719
bvir_r_mV_per_mA,1.7000000000000002,1.8,31,1.3185878349638451
bvir_r_mV_per_mA,1.8,1.9000000000000001,26,1.105912377711612
bvir_r_mV_per_mA,1.9000000000000001,2.0,18,0.7656316461080391
bvir_r_mV_per_mA,2.0,2.1,24,1.020842194810719
bvir_r_mV_per_mA,2.1,2.2,16,0.680561463207146
bvir_r_mV_per_mA,2.2,2.3000000000000003,20,0.8507018290089324
bvir_r_mV_per_mA,2.3000000000000003,2.4000000000000004,13,0.552956188855806
bvir_r_mV_per_mA,2.4000000000000004,2.5,14,0.5954912803062526
bvir_r_mV_per_mA,2.5,2.6,12,0.5104210974053595
bvir_r_mV_per_mA,2.6,2.7,10,0.4253509145044662
bvir_r_mV_per_mA,2.7,2.8000000000000003,10,0.4253509145044662
bvir_r_mV_per_mA,2.8000000000000003,2.9000000000000004,7,0.2977456401531263
bvir_r_mV_per_mA,2.9000000000000004,3.0,9,0.38281582305401957
bvir_r_mV_per_mA,3.0,3.1,6,0.25521054870267973
bvir_r_mV_per_mA,3.1,3.2,13,0.552956188855806
bvir_r_mV_per_mA,3.2,3.3000000000000003,5,0.2126754572522331
bvir_r_mV_per_mA,3.3000000000000003,3.4000000000000004,7,0.2977456401531263
bvir_r_mV_per_mA,3.4000000000000004,3.5,6,0.25521054870267973
bvir_r_mV_per_mA,3.5,3.6,6,0.25521054870267973
bvir_r_mV_per_mA,3.6,3.7,2,0.08507018290089324
bvir_r_mV_per_mA,3.7,3.8000000000000003,2,0.08507018290089324
bvir_r_mV_per_mA,3.8000000000000003,3.9000000000000004,7,0.2977456401531263
bvir_r_mV_per_mA,3.9000000000000004,4.0,5,0.2126754572522331
bvir_r_mV_per_mA,4.0,4.1000000000000005,4,0.1701403658017865
bvir_r_mV_per_mA,4.1000000000000005,4.2,1,0.04253509145044662
bvir_r_mV_per_mA,4.2,4.3,1,0.04253509145044662
bvir_r_mV_per_mA,4.3,4.4,3,0.12760527435133986
bvir_r_mV_per_mA,4.4,4.5,4,0.1701403658017865
bvir_r_mV_per_mA,4.5,4.6000000000000005,0,0.0
bvir_r_mV_per_mA,4.6000000000000005,4.7,2,0.08507018290089324
bvir_r_mV_per_mA,4.7,4.800000000000001,2,0.08507018290089324
bvir_r_mV_per_mA,4.800000000000001,4.9,1,0.04253509145044662
bvir_r_mV_per_mA,4.9,5.0,0,0.0
bvir_j0_mA,1e-08,1.7782794100389228e-08,0,0.0
bvir_j0_mA,1.7782794100389228e-08,3.162277660168379e-08,0,0.0
bvir_j0_mA,3.162277660168379e-08,5.6234132519034905e-08,0,0.0
bvir_j0_mA,5.6234132519034905e-08,1e-07,1,0.04253509145044662
bvir_j0_mA,1e-07,1.7782794100389227e-07,0,0.0
bvir_j0_mA,1.7782794100389227e-07,3.162277660168379e-07,1,0.04253509145044662
bvir_j0_mA,3.162277660168379e-07,5.62341325190349e-07,1,0.04253509145044662
bvir_j0_mA,5.62341325190349e-07,1e-06,2,0.08507018290089324
bvir_j0_mA,1e-06,1.778279410038923e-06,0,0.0
bvir_j0_mA,1.778279410038923e-06,3.162277660168379e-06,1,0.04253509145044662
bvir_j0_mA,3.162277660168379e-06,5.623413251903491e-06,2,0.08507018290089324
bvir_j0_mA,5.623413251903491e-06,1e-05,7,0.2977456401531263
bvir_j0_mA,1e-05,1.778279410038923e-05,3,0.12760527435133986
bvir_j0_mA,1.778279410038923e-05,3.1622776601683795e-05,5,0.2126754572522331
bvir_j0_mA,3.1622776601683795e-05,5.623413251903491e-05,7,0.2977456401531263
bvir_j0_mA,5.623413251903491e-05,0.0001,4,0.1701403658017865
bvir_j0_mA,0.0001,0.00017782794100389227,8,0.340280731603573
bvir_j0_mA,0.00017782794100389227,0.00031622776601683794,5,0.2126754572522331
bvir_j0_mA,0.00031622776601683794,0.0005623413251903491,11,0.46788600595491275
bvir_j0_mA,0.0005623413251903491,0.001,15,0.6380263717566993
bvir_j0_mA,0.001,0.0017782794100389228,15,0.6380263717566993
bvir_j0_mA,0.0017782794100389228,0.0031622776601683794,16,0.680561463207146
bvir_j0_mA,0.0031622776601683794,0.005623413251903491,29,1.233517652062952
bvir_j0_mA,0.005623413251903491,0.01,21,0.8932369204593791
bvir_j0_mA,0.01,0.01778279410038923,33,1.4036580178647384
bvir_j0_mA,0.01778279410038923,0.03162277660168379,47,1.999149298170991
bvir_j0_mA,0.03162277660168379,0.05623413251903491,68,2.89238621863037
bvir_j0_mA,0.05623413251903491,0.1,94,3.998298596341982
bvir_j0_mA,0.1,0.1778279410038923,81,3.445342407486176
bvir_j0_mA,0.1778279410038923,0.31622776601683794,133,5.6571671629094
bvir_j0_mA,0.31622776601683794,0.5623413251903491,155,6.592939174819226
bvir_j0_mA,0.5623413251903491,1.0,217,9.230114844746916
bvir_j0_mA,1.0,1.7782794100389228,234,9.953211399404509
bvir_j0_mA,1.7782794100389228,3.1622776601683795,329,13.994045087196938
bvir_j0_mA,3.1622776601683795,5.623413251903491,275,11.69715014887282
bvir_j0_mA,5.623413251903491,10.0,242,10.293492131008081
bvir_j0_mA,10.0,17.78279410038923,138,5.869842620161633
bvir_j0_mA,17.78279410038923,31.622776601683793,89,3.7856231390897492
bvir_j0_mA,31.622776601683793,56.23413251903491,33,1.4036580178647384
bvir_j0_mA,56.23413251903491,100.0,19,0.8081667375584858
bvir_j0_mA,100.0,177.82794100389228,7,0.2977456401531263
bvir_j0_mA,177.82794100389228,316.22776601683796,3,0.12760527435133986
bvir_j0_mA,316.22776601683796,562.341325190349,0,0.0
bvir_j0_mA,562.341325190349,1000.0,0,0.0
