panel_uid,n_curves,D_range_mV,E_range_mV,E_zero_and_nonzero,E_pos_and_neg
batch0/case10/figure_4__panel_b,4,30.61893520085515,204.37600528821247,True,False
batch0/case10/figure_4__panel_c,4,231.4630907495477,8.898355368741788,False,False
batch0/case11/figure_9__panel_a,2,87.30879755287265,0.9979564538075304,False,False
batch0/case12/figure_4__panel_a,2,4.067561711780826,9.938875755456127,False,False
batch0/case13/figure_3__panel_b,6,503.45808476092236,318.0091798808842,False,True
batch0/case13/figure_3__panel_h,4,276.5629769961824,316.91487997510893,False,True
batch0/case14/figure_5__i,2,11.160848920131933,196.0797412753106,True,False
batch0/case15/figure_3__panel_a,4,50.65208039405736,228.16201843882374,False,True
batch0/case16/figure_2__panel_a,2,75.94076870533712,3.200190436057584,False,False
batch0/case17/figure_3__panel_A,3,232.85426828501113,23.55747617167857,True,False
batch0/case18/figure_4__panel_a,4,152.85704219931552,326.77645738584135,False,True
batch0/case19/figure_4__panel_a,3,92.6429530586949,208.31939878384026,False,True
batch0/case2/figure_6__panel_a,5,182.51586312595455,260.05925571113215,True,True
batch0/case20/figure_3__panel_a,2,29.225391432422896,8.76568798034593,True,False
batch0/case21/figure_4__panel_a,6,119.63355311937352,195.76849645985206,True,False
batch0/case21/figure_6__panel_a,2,21.293553967775978,198.34879244837762,True,False
batch0/case21/figure_6__panel_b,2,26.381534320547757,304.7680782786319,False,True
batch0/case23/figure_3__panel_a,4,51.819622785889194,217.1867265226031,True,True
batch0/case23/figure_3__panel_h,4,14.282131402020163,15.57855710514386,True,True
batch0/case26/figure_4__panel_a,3,10.230213185246484,10.222673605964307,False,False
batch0/case26/figure_4__panel_e,2,26.925995067227937,0.8062723084260881,False,False
batch0/case27/figure_4__panel_a,2,18.367841109919354,1.7587799050402317,False,False
batch0/case29/figure_3__panel_a,5,205.7314992664085,42.444502490434864,False,False
batch0/case3/figure_4__a,3,17.592661216390916,15.63490365254818,False,True
batch0/case30/figure_3__panel_a,3,93.41491660297912,11.73656002601282,True,False
batch0/case31/figure_3__panel_a,3,352.459592588253,224.2774556338677,True,True
batch0/case32/figure_3__panel_a,3,25.376861266061084,204.6264807325781,True,False
batch0/case33/figure_3__panel_a,4,110.38994603730949,28.520908236845617,True,False
batch0/case34/figure_3__panel_a,5,175.57229049737143,399.9935923059717,False,True
batch0/case36/figure_4__panel_a,4,114.09245775130209,96.50248678400865,True,True
batch0/case37/figure_3__panel_A,4,62.12119168166468,196.68134213243198,True,False
batch0/case37/figure_3__panel_D,4,116.95377319625297,215.46022058400163,True,True
batch0/case39/figure_3__panel_a,4,91.21194435875825,192.22289899888176,False,False
batch0/case39/figure_3__panel_d,2,21.120541719391678,0.9832854561866029,False,False
batch0/case4/figure_4__panel_a,2,8.333228764551151,8.539847777660928,True,False
batch0/case41/figure_2__panel_a,2,48.3975029970645,204.52803112505202,True,False
batch0/case41/figure_2__panel_c,2,242.50196590424127,18.965838168602325,False,False
batch0/case41/figure_2__panel_f,2,53.8712227191147,197.95986150413506,True,False
batch0/case43/figure_3__panel_a,4,32.28487837150888,21.897360464202233,True,True
batch0/case43/figure_4__panel_d,2,40.90656672762299,5.790845653487441,True,False
batch0/case44/figure_4__panel_a,2,98.14703376764652,40.291711628482076,False,True
batch0/case45/figure_3__panel_a,4,60.779427447657824,3.6322472695221997,False,False
batch0/case45/figure_4__panel_a,4,159.60323746108196,217.97534931563152,False,True
batch0/case45/figure_4__panel_d,4,126.63927450001394,195.86064011606118,True,False
batch0/case46/figure_3__panel_a,3,50.79686558624864,206.11230940300635,False,True
batch0/case47/figure_4__panel_a,2,0.4226700800703318,50.794594272630114,True,False
batch0/case48/figure_4__panel_a,3,68.97390646864622,10.211721215058756,True,True
batch0/case48/figure_6__panel_c,2,54.048244673098566,2.555816396272311,False,False
batch0/case49/figure_3__panel_a,3,90.91335363752462,242.38022742349196,True,True
batch0/case49/figure_3__panel_d,2,12.387643901527547,2.5133317649306264e-10,False,False
batch0/case49/figure_6__a,5,109.18865064972343,99.360232132622,True,True
batch0/case5/figure_3__panel_a,2,56.374709631141734,2.4101141186268684,False,False
batch0/case51/figure_2__panel_a,3,3.070857686738755,28.61632838014004,False,False
batch0/case51/figure_2__panel_d,3,5.178048386208289,0.4957391518013705,False,False
batch0/case51/figure_2__panel_f,3,19.514813054775075,33.00245394452436,False,False
batch0/case51/figure_2__panel_g,3,6.697580492289312,24.115678793083536,True,False
batch0/case52/figure_4__panel_a,3,175.64325253481627,215.94838399122506,False,True
batch0/case52/figure_4__panel_e,2,29.8955334820604,114.08358898602839,False,False
batch0/case54/figure_5__panel_b,4,157.1800677503583,6.157346565807163,True,False
batch0/case57/figure_1__panel_g,3,12.983917004695058,205.53646999280144,False,True
batch0/case57/figure_4__panel_a,3,40.51594786214237,10.357584502487926,True,False
batch0/case58/figure_5__panel_a,3,381.3322161556825,238.92996125683914,False,True
batch0/case58/figure_6__panel_j,2,114.54729378032289,8.292642925449927,True,False
batch0/case61/figure_3__panel_a,2,92.12752338045422,8.402977172862792,False,False
batch0/case63/figure_3__panel_a,4,45.279884126495,213.41063363065697,True,True
batch0/case7/figure_4__panel_a,4,132.11753858491863,27.202039316386383,True,False
batch0/case8/figure_3__panel_a,2,65.54198949805144,35.71552669952327,False,True
batch0/case9/figure_3__panel_a,4,98.10350700003279,202.04305893673148,True,False
batch0/case9/figure_3__panel_f,2,1.7246620607012986,2.929359101254994,False,False
batch1/case1/figure_2__panel_a,3,18.740096063002277,2.198186047053241e-05,False,False
batch1/case10/figure_3__panel_a,4,305.06307502849825,195.051665861344,True,False
batch1/case10/figure_3__panel_e,2,33.009796436731875,6.135714485727586,False,False
batch1/case102/figure_3__panel_a,3,389.30704534651585,215.61963599048306,False,True
batch1/case102/figure_3__panel_c,4,263.104042056356,202.9996646509315,False,True
batch1/case103/figure_4__panel_a,4,79.82193784683653,9.278128946390941,True,False
batch1/case104/figure_3__panel_a,2,185.22846526977727,178.81256471264751,False,True
batch1/case105/figure_4__panel_b,2,3.9926230805585448,29.44130637681396,True,False
batch1/case107/figure_4__panel_A,2,1.525487683372397,5.971918426439515e-08,False,False
batch1/case107/figure_4a__panel_A,2,25.267190360553144,207.40296705672725,False,True
batch1/case108/figure_2__panel_D,2,1.6272519450086236,2.119354710433541,False,False
batch1/case108/figure_2a__panel_D,2,21.852825431935,203.68527438719906,True,False
batch1/case109/figure_3__panel_a,2,57.180894055339365,17.1424890994186,False,True
batch1/case109/figure_3__panel_e,2,6.547114649572173,12.871631146485242,True,False
batch1/case11/figure_4__panel_a,3,18.920787905718626,9.104962635463487,True,False
batch1/case12/figure_3__panel_a,3,34.68291240218528,201.60704319933276,True,False
batch1/case12/figure_4__panel_a,3,57.19653838267607,176.25524327696579,False,False
batch1/case17/figure_3__panel_a,2,80.76313210013234,1.6078117384674453,False,False
batch1/case17/figure_3__panel_b,2,0.5194238289855093,2.5700425035927235,False,False
batch1/case2/figure_2__panel_a,3,39.21593617268247,198.7872608987915,True,False
batch1/case2/figure_2__panel_e,2,13.68740221888612,22.165043842163445,True,False
batch1/case21/figure_3__panel_a,2,6.923504654921988,197.89636263076665,True,False
batch1/case22/figure_5__a,8,170.89807871191275,399.9999999950844,False,True
batch1/case23/figure_3__panel_a,2,4.286995173649252,1.0411687866510073,False,False
batch1/case24/figure_4__panel_b,2,4.329794827753918,22.70768590417159,False,False
batch1/case27/figure_4__panel_a,8,177.44879309758448,399.99999995444136,False,True
batch1/case27/figure_5__panel_b,2,11.092576590775778,1.4384603133521523e-05,False,False
batch1/case28/figure_4__panel_a,4,78.4939776986667,107.78840477771418,False,False
batch1/case29/figure_4__panel_a,2,58.92455010432589,199.53057478210775,True,False
batch1/case30/figure_2__a,3,28.240962977316293,14.581911258225864,True,True
batch1/case33/figure_3__panel_d,3,75.31325777923897,46.95377749639438,False,True
batch1/case33/figure_3__panel_g,4,150.17307321518823,199.06252073974727,True,False
batch1/case33/figure_4__panel_e,2,27.699525349991262,186.41141380855095,False,False
batch1/case33/figure_4__panel_h,4,196.75864173397673,172.68875004015558,False,True
batch1/case33/figure_6__panel_f,2,25.301553856768052,134.68783532901693,False,False
batch1/case33/figure_6__panel_g,4,293.7032194250663,87.45598959996121,False,True
batch1/case35/figure_3__panel_d,2,91.52735294673207,153.04974943943847,False,False
batch1/case36/figure_4__panel_a,2,425.5975175315415,1.6616423185448106,False,False
batch1/case39/figure_3__panel_a,5,37.71020474359122,31.1836419530953,True,False
batch1/case4/figure_4__panel_c,6,170.6674373587569,254.91294063114182,False,True
batch1/case43/figure_3__a,3,64.88332365032123,68.85272630940601,False,True
batch1/case45/figure_4__panel_A,2,17.76427449653378,72.77690866017178,False,False
batch1/case49/figure_4__panel_a,2,16.77541146417319,0.4529893067068498,True,False
batch1/case52/figure_3__panel_f,2,72.29313993241827,0.23880847772772995,False,False
batch1/case54/figure_6__panel_a,4,54.3895294650419,182.47757420455963,False,False
batch1/case61/figure_3__panel_a,6,98.89520605263758,214.64311064958818,True,True
batch1/case61/figure_3__panel_e,6,111.87623984144064,222.86360205583773,True,True
batch1/case61/figure_4__panel_a,4,133.85698676597636,147.83201049705917,False,False
batch1/case61/figure_4__panel_c,3,67.70365792077413,19.939701553736022,True,True
batch1/case62/figure_6__panel_a,5,158.93742369718728,234.0831413911576,False,True
batch1/case69/figure_2__a,3,63.85043476115979,235.10679815803786,False,True
batch1/case71/figure_3__panel_a,2,9.981018564199601,14.997437612847209,False,False
batch1/case74/figure_4__panel_a,4,6.198982696806262,82.35950466743391,True,False
batch1/case79/figure_4__panel_d,2,32.68688282051579,6.913839886681263,True,False
batch1/case82/figure_4__panel_a,6,120.3611846386062,218.92015786936898,True,True
batch1/case82/figure_4__panel_c,5,86.03076962985348,31.511291614617303,True,False
batch1/case84/figure_3__panel_a,2,0.030699777932554184,5.461634235382834,True,False
batch1/case84/figure_3__panel_g,2,12.80553829379744,0.9246979912466999,True,False
batch1/case84/figure_3__panel_h,4,121.90016998967968,39.38969688904718,True,True
batch1/case85/figure_3__panel_a,2,23.200771072247022,4.878041825016979,True,False
batch1/case85/figure_3__panel_f,3,41.05505013239946,17.880575283944275,True,False
batch1/case87/figure_3__panel_a,2,22.05045767874757,235.86143637750075,False,True
batch1/case88/figure_3__panel_a,5,180.83090456634136,388.85819661137657,False,True
batch1/case88/figure_3__panel_c,5,292.9610024283384,317.1893555696578,False,True
batch1/case89/figure_3__d,3,25.04588486417144,210.64247982444274,False,True
batch1/case9/figure_4__panel_f,2,6.5017046781807295,10.652783801505885,True,False
batch1/case91/figure_3__panel_a,4,58.364216467435334,231.4435833563082,False,True
batch1/case94/figure_2__panel_a,6,167.809735569449,32.28870576777597,True,False
batch1/case94/figure_3__a,2,29.792411294896425,196.49190855244922,True,False
batch1/case98/figure_5__panel_a,3,24.215012014649503,81.32283304991041,True,False
batch1/case98/figure_5__panel_c,3,117.04051644697806,0.8485186880317315,False,False
batch2/case100/figure_5__panel_b,6,112.69475108495136,222.24373156386582,False,True
batch2/case109/figure_4__panel_d,5,241.00233481755356,222.3962808594409,True,True
batch2/case114/figure_3__panel_a,3,28.50135921710475,43.961864263083626,False,True
batch2/case117/figure_3__panel_a,2,116.17700844947215,185.14544577639015,False,False
batch2/case118/figure_4__panel_a,4,161.16167986346184,33.05907697377559,True,False
batch2/case118/figure_4__panel_b,5,230.48214257434353,321.49386250126577,True,True
batch2/case119/figure_3__panel_a,3,4.85452926451255,51.051765178669214,True,True
batch2/case119/figure_3__panel_b,3,119.52706302532377,195.9709600372722,True,False
batch2/case119/figure_3__panel_c,3,118.98283951034108,78.60955674571011,True,False
batch2/case121/figure_3__panel_a,3,22.890734842734183,83.0661357193674,False,False
batch2/case128/figure_3__panel_D,2,47.84907346368959,17.653798733380093,False,False
batch2/case128/figure_3__panel_F,2,56.07376947865146,3.4693475394693163,False,False
batch2/case132/figure_4__panel_a,3,4.213682282831922,9.921592436512583e-09,False,False
batch2/case133/figure_5__panel_a,5,162.11225518449137,67.5107070273705,False,False
batch2/case133/figure_5__panel_e,2,46.205355483309006,262.0060161293669,False,True
batch2/case134/figure_3__panel_b,3,14.082568491784848,9.203152824635078,True,False
batch2/case134/figure_6__panel_a,5,59.06234776342033,20.942718417103265,False,False
batch2/case142/figure_2__panel_a,4,43.609793560433936,5.804975904128534,False,False
batch2/case144/figure_4__panel_a,2,51.69678417744673,312.3641826951537,False,True
batch2/case15/figure_3__panel_a,2,92.62258757822961,30.017763509669553,False,False
batch2/case15/figure_3__panel_e,2,9.262567092424433,245.2979894656771,False,True
batch2/case153/figure_4__a,5,415.55969108199787,303.7301398918603,False,True
batch2/case155/figure_3__panel_a,2,7.709573344906346,0.16324665588439302,False,False
batch2/case155/figure_3__panel_d,2,15.290742838722018,81.72875886856376,False,False
batch2/case155/figure_5__f,2,79.20110072106837,12.763852912949853,False,False
batch2/case156/figure_4__panel_a,2,71.15852725203027,217.44583320877337,False,True
batch2/case158/figure_3__panel_a,4,175.5720786552967,8.707343898352105,False,False
batch2/case161/figure_3__panel_a,7,89.99895472734556,353.039869148949,True,True
batch2/case162/figure_2__panel_a,3,130.87158739388033,304.54352431728387,False,True
batch2/case162/figure_2__panel_d,2,39.66689747635127,290.1793522299161,False,True
batch2/case163/figure_1__panel_a,6,140.81770901782048,399.93833646816006,False,True
batch2/case168/figure_6__panel_e,2,13.68582311434767,199.20438240881944,True,False
batch2/case169/figure_4__panel_a,3,81.63716382026007,96.78610933566462,False,True
batch2/case177/figure_3__a,2,68.90733980708357,3.269859689680743e-07,False,False
batch2/case177/figure_3__d,3,161.28955652733498,217.324722119896,False,True
batch2/case177/figure_4__panel_a,3,49.6491378768542,329.3640186884469,False,True
batch2/case178/figure_3__panel_a,4,271.64828340873277,219.7587316581313,True,True
batch2/case18/figure_4__panel_a,3,22.002683359733833,210.24630621555698,False,True
batch2/case18/figure_5__panel_a,4,126.34360153093826,277.5124212123019,False,True
batch2/case18/figure_6__panel_a,2,23.316126182832924,0.005667296888390183,False,False
batch2/case187/figure_4__d,4,55.98409779298182,300.6961563952306,True,True
batch2/case187/figure_4__e,2,37.37894824648613,195.92338239181453,True,False
batch2/case187/figure_4__i,3,143.1845956842989,9.970970040740212e-07,False,False
batch2/case187/figure_5__h,4,37.556285611025345,258.91247131398507,True,True
batch2/case187/figure_5__i,4,88.68577233619447,211.0933352655773,True,True
batch2/case187/figure_6__panel_m,2,68.0685772677677,204.7896301339241,True,False
batch2/case188/figure_3__panel_a,2,28.688757204680556,0.8411403066821668,False,False
batch2/case188/figure_3__panel_e,2,36.282849763468946,4.007371210643676,True,False
batch2/case189/figure_3__panel_a,2,104.70886163291273,98.781341069166,False,False
batch2/case19/figure_2__panel_A,3,220.1620265875914,190.04836978036846,False,False
batch2/case19/figure_2__panel_D,2,54.033808020194584,168.26490285721115,False,False
batch2/case192/figure_4__panel_a,4,75.4168418778483,391.0878444267837,False,True
batch2/case192/figure_5__panel_c,2,9.716628749589546,0.0006477782546028266,False,False
batch2/case196/figure_8__panel_A,2,6.358340962367535,0.0019428787487640875,False,False
batch2/case196/figure_8__panel_I,3,194.83225442366597,318.4963343359053,False,True
batch2/case197/figure_3__a,2,113.67071021415839,8.51118657103733,False,False
batch2/case197/figure_4__panel_a,4,53.921469643641814,184.08584838589192,True,True
batch2/case197/figure_4__panel_b,4,433.1815115724129,185.9514715979396,False,False
batch2/case20/figure_1__panel_d,6,93.48383655222784,294.50797483852466,False,True
batch2/case20/figure_3__panel_e,3,87.27744936903937,26.28669763989184,False,False
batch2/case20/figure_4__panel_a,2,33.62717260224495,8.871159232626269e-05,False,False
batch2/case202/figure_4__panel_a,4,33.352447807292094,254.76598513557457,False,True
batch2/case202/figure_5__panel_a,3,36.23145347022234,311.7491194296665,True,True
batch2/case202/figure_6__panel_f,2,12.27054036462986,288.73211278450185,False,True
batch2/case208/figure_3__panel_a,3,7.39376214876723,54.55405213143847,False,True
batch2/case208/figure_3__panel_e,2,8.787232500548047,214.76654187745356,False,True
batch2/case212/figure_3__panel_g,2,143.0586692292406,5.448211518449298,False,False
batch2/case214/figure_1__panel_f,2,178.27464677928657,177.63490950711486,False,False
batch2/case214/figure_4__panel_a,4,287.25042512357385,88.58404462295125,True,True
batch2/case214/figure_4__panel_c,2,128.88935276216242,91.20165096519314,False,False
batch2/case214/figure_5__panel_a,2,3.493599802267134,183.06317938123783,False,False
batch2/case215/figure_4__panel_a,2,48.45662300261789,318.96454952936347,False,True
batch2/case218/figure_4__panel_a,2,141.764257620436,399.1143323485851,False,True
batch2/case218/figure_4__panel_c,3,37.332581378795616,208.69799899083452,False,True
batch2/case223/figure_3__panel_a,2,84.49630222611745,14.799800708276049,True,False
batch2/case227/figure_3__panel_a,2,92.54119084335028,264.0082661300925,False,True
batch2/case229/figure_9__panel_l,3,112.9341563485705,204.66408961480863,True,False
batch2/case231/figure_4__panel_a,3,127.3631789411777,204.3680182543774,True,False
batch2/case231/figure_4__panel_e,3,45.085738732067114,16.603219533490687,True,False
batch2/case231/figure_4__panel_i,2,4.717718025103068,11.857690434847528,True,False
batch2/case232/figure_4__panel_a,3,57.2911400975785,215.7423258293672,False,True
batch2/case237/figure_4__c,5,193.53776730382452,22.014844446212088,True,False
batch2/case237/figure_5__panel_a,3,108.51631466522508,18.018757238481857,True,False
batch2/case237/figure_5__panel_b,2,303.27615678085834,8.871703481135183,True,False
batch2/case237/figure_5__panel_f,4,289.1837515810183,252.21097873977962,False,True
batch2/case244/figure_4__panel_a,2,74.13777856480364,15.430413433420817,False,False
batch2/case244/figure_4__panel_f,2,18.093638724415463,61.77877456005073,False,False
batch2/case247/figure_1__e,2,15.226114192805412,203.8455370526948,True,False
batch2/case247/figure_4__panel_a,4,52.40637257037826,216.7619788642383,True,True
batch2/case25/figure_4__a,3,34.521731790837435,54.335070957327304,False,False
batch2/case250/figure_5__panel_a,3,23.951300372005193,42.04857631792041,False,False
batch2/case254/figure_3__a,4,245.5568638651438,399.5929096097077,False,True
batch2/case257/figure_3__panel_a,2,20.87738427092691,0.01676783684249017,False,False
batch2/case270/figure_5__panel_a,2,264.7318522904481,43.919146298680005,False,True
batch2/case273/figure_3__panel_a,5,23.554238601503236,16.544306044325158,True,False
batch2/case273/figure_3__panel_f,2,3.0880704154138385,5.464220211286969,True,False
batch2/case275/figure_2__a,4,56.27964928841338,214.33599500559487,True,True
batch2/case275/figure_2__f,2,0.002520406093594829,9.639205522757608,False,False
batch2/case278/figure_3__panel_a,3,98.42582866014347,215.42569207312164,False,True
batch2/case278/figure_4__panel_a,2,41.945394289008775,1.1747235930670286e-06,False,False
batch2/case28/figure_6__a,2,24.242034777532353,293.2341581953368,False,True
batch2/case283/figure_6__panel_c,3,69.29009761905668,222.99974013594945,False,True
batch2/case286/figure_4__panel_g,4,129.46100310454383,315.77568525024486,True,True
batch2/case288/figure_4__panel_a,3,32.578060439428384,270.13644792816734,False,True
batch2/case35/figure_5__panel_a,3,43.2054562746772,223.64275603705838,False,True
batch2/case38/figure_2__panel_a,4,19.13157256581934,1.7740576224416031,False,False
batch2/case44/figure_5__panel_A,6,70.80739239800744,285.1212699168907,True,True
batch2/case45/figure_5__panel_d,4,44.894172708431924,291.5546540465507,False,True
batch2/case46/figure_6__panel_a,2,254.20230119432307,32.96715319310335,False,True
batch2/case49/figure_3__panel_b,2,0.42076588669414505,1.92813203772306,False,False
batch2/case51/figure_10__panel_D,2,12.127383929706603,10.592790291914781,False,False
batch2/case51/figure_8__panel_C,2,43.17034198156587,145.21601544187052,True,False
batch2/case55/figure_4__panel_a,6,290.29733782743966,184.17051767069518,False,False
batch2/case57/figure_4__panel_d,6,66.52975211157528,399.9963074834355,False,True
batch2/case57/figure_6__panel_d,5,81.09707119879346,288.6170184387528,True,True
batch2/case58/figure_3__panel_a,2,60.79865424134347,98.22636499751025,False,False
batch2/case60/figure_2__panel_a,3,28.281683561838864,6.753793826419496e-05,False,False
batch2/case64/figure_2__panel_b,2,192.56069893190747,12.766244156620388,False,False
batch2/case69/figure_4__panel_a,4,44.31656462822308,391.08831593487963,False,True
batch2/case71/figure_3__panel_d,3,59.17730118800365,199.85006483048778,True,False
batch2/case72/figure_5__panel_a,7,219.51447262366247,399.9999774970548,False,True
batch2/case76/figure_5__panel_a,2,18.918722079169385,214.9525843326716,False,True
batch2/case82/figure_6__panel_d,3,16.769616460799522,377.00302752993144,False,True
batch2/case84/figure_2__a,2,38.92828442972296,11.93025647381666,True,False
batch2/case84/figure_3__panel_d,2,32.551397614393586,1.8237855670122372e-07,False,False
batch2/case85/figure_2__panel_d,2,197.99073536746317,8.371898434234026e-05,False,False
batch2/case90/figure_4__panel_a,2,4.0030947622928466,40.87495040563938,False,True
batch2/case90/figure_5__panel_d,2,3.8437285095446043,237.4706787377257,False,True
batch2/case91/figure_4__panel_a,4,61.74090235692532,206.0865743554492,False,True
batch2/case95/figure_2__panel_a,4,66.30997540814016,20.42861441138735,True,True
batch2/case95/figure_2__panel_d,2,17.77061304643017,4.734160683501415,False,False
batch2/case97/figure_5__panel_b,2,54.131164030783225,399.9999997025095,False,True
batch2/case98/figure_3__a,3,31.857070984112973,305.86339819217267,False,True
batch2/case98/figure_3__f,2,12.634865178169441,154.91072422508637,False,False
batch3/case303/figure_5__panel_a,5,110.83874469573138,214.3520202249401,False,True
batch3/case303/figure_5__panel_c,2,23.581782444845032,4.246353370263023e-06,False,False
batch3/case303/figure_5__panel_d,4,72.50238748739488,193.0600716377944,True,False
batch3/case303/figure_6__panel_c,2,111.19711918099829,211.58751199421843,False,True
batch3/case310/figure_3__panel_a,3,269.9599892871603,8.706332201646859,False,False
batch3/case311/figure_3__panel_d,2,88.45052913199865,2.7614536920662562,True,False
batch3/case311/figure_3__panel_e,2,7.72207849646891,194.17982763958415,False,False
batch3/case314/figure_5__panel_a,3,37.815252759882895,213.98658809891663,True,True
batch3/case314/figure_5__panel_i,4,73.26829941378476,198.60948321637576,True,False
batch3/case315/figure_4__panel_a,4,29.48497410221748,21.302039812443212,True,False
batch3/case315/figure_5__a,2,79.29236331994102,0.025272705415176233,False,False
batch3/case316/figure_3__panel_d,2,179.18701317958005,0.34288948694284693,False,False
batch3/case318/figure_6__panel_A,2,119.03355218626528,249.48909003788268,False,True
batch3/case318/figure_7__B,4,135.62087703038867,389.9151030045208,False,True
batch3/case324/figure_5__panel_d,2,7.641095385105174,6.575028688306968,False,False
batch3/case325/figure_4__panel_b,3,174.1691023033482,17.241996279024292,False,False
batch3/case328/figure_5__panel_a,2,40.805155539963124,86.08466775390823,True,False
batch3/case330/figure_4__panel_a,2,9.391090626139338,50.71995819653054,False,False
batch3/case334/figure_3__a,3,118.68021281119425,218.60304294876175,True,True
batch3/case334/figure_3__f,2,27.065123881987688,5.13514692102035e-07,False,False
batch3/case342/figure_3__panel_a,4,112.05401613083315,73.84353953211352,False,False
batch3/case343/figure_3__panel_g,2,60.76680225686789,92.36785079586454,False,False
batch3/case344/figure_3__panel_a,2,88.2755357621776,219.76759343554863,False,True
batch3/case346/figure_2__a,4,168.10519316399615,9.470301186789637,True,False
batch3/case347/figure_3__panel_a,3,214.23294195796854,29.29490626644668,False,False
batch3/case347/figure_4__a,3,61.62006361275388,28.344647174044212,False,False
batch3/case347/figure_5__panel_c,3,131.02166900522653,244.29744051106417,False,True
batch3/case351/figure_6__panel_a,2,0.8815902385043586,21.01750680959239,False,False
batch3/case357/figure_3__panel_a,2,19.94347996793683,2.2645492969716106,False,False
batch3/case357/figure_4__panel_g,4,64.8040471578528,45.53016300514702,True,True
batch3/case359/figure_2__panel_a,3,73.86989733908015,206.48925737360352,True,True
batch3/case362/figure_3__panel_A,4,207.3122824129,233.74605667718117,False,True
batch3/case367/figure_5__panel_a,2,56.905116641155146,112.91609734670178,True,False
batch3/case368/figure_4__panel_a,3,40.480112793195524,42.061748969993964,False,True
batch3/case369/figure_4__panel_a,4,102.33336427803354,34.42107306526942,True,True
batch3/case369/figure_4__panel_f,4,149.83235648818413,14.346360657471454,False,False
batch3/case377/figure_4__d,3,38.91247738775655,127.77745873291292,True,False
batch3/case379/figure_3__panel_a,4,124.20875933058645,184.61492670382594,True,False
batch3/case379/figure_3__panel_b,3,42.569143597475815,399.9999999919115,True,True
batch3/case384/figure_4__panel_a,5,112.21310510679153,33.82438717912467,True,True
batch3/case390/figure_4__panel_a,6,765.6585615950221,399.9996646704496,False,True
batch3/case393/figure_3__panel_a,2,37.82786574895621,28.242576466988353,False,True
batch3/case400/figure_3__panel_a,3,47.78279006103445,216.47558216475036,False,True
batch3/case400/figure_5__panel_a,4,118.99905405106298,24.997336462655042,True,False
batch3/case407/figure_3__panel_a,4,197.22031631928775,301.2759382728231,False,True
batch3/case407/figure_3__panel_h,2,146.55514099247245,275.3739537214308,False,True
batch3/case407/figure_4__panel_a,5,273.57604455152534,152.47436533197623,False,False
batch3/case407/figure_4__panel_d,3,241.2642661245785,356.0226633363925,False,True
batch3/case414/figure_4__panel_f,2,3.205973166851649,9.531902726711408,False,False
batch3/case417/figure_4__panel_a,3,145.7263217332208,259.10531884489524,False,True
batch3/case419/figure_4__panel_a,3,83.56040416341104,79.72272649388309,True,False
batch3/case419/figure_4__panel_b,2,12.79544823176683,81.95132792093008,False,False
batch3/case422/figure_3__a,3,126.0402697304169,196.41564695568388,True,False
batch3/case423/figure_3__panel_a,4,52.27072494699946,265.66944031431,False,True
batch3/case432/figure_3__c,5,80.7910144724101,353.076269717014,False,True
batch3/case433/figure_3__f,2,76.00903562100457,147.72599874536917,False,True
batch3/case446/figure_3__panel_a,2,35.06408511133714,24.4645388205777,False,False
batch3/case446/figure_3__panel_f,2,38.62267688408615,29.672197937593143,True,False
batch3/case446/figure_4__panel_a,2,116.4153852954253,201.92354394325346,True,False
batch3/case446/figure_4__panel_f,3,116.35049559622212,215.12070615893035,False,True
batch3/case453/figure_3__panel_a,2,19.68369090010639,56.33492326743969,True,False
batch3/case457/figure_4__panel_a,3,127.57189441772802,372.6122945438733,True,True
batch3/case463/figure_5__panel_g,4,102.21687081332102,43.250512022075526,False,True
batch3/case463/figure_6__panel_b,2,11.355963722267248,217.41157750355916,False,True
batch3/case464/figure_4__panel_b,3,279.1537349900334,16.350998245167535,True,False
batch3/case470/figure_3__panel_a,3,65.58215986042372,192.58559342046075,False,False
batch3/case471/figure_4__panel_a,4,252.32466438241846,287.0448505539342,False,True
batch3/case477/figure_2__panel_a,3,56.71595733855332,127.51565533386932,False,False
batch3/case477/figure_2__panel_h,2,21.620285296320766,0.7302751266954761,False,False
batch3/case482/figure_4__panel_E,2,3.0054539817931607,2.29666097118836,False,False
batch3/case483/figure_4__a,2,12.682489799717345,6.593940149079988,True,False
batch3/case483/figure_4__f,2,6.038756791695889,7.123077319447245,False,False
batch3/case484/figure_3__panel_a,3,55.66023319788858,97.43142611562249,True,False
batch3/case492/figure_5__panel_d,4,48.76406648599204,13.881158725593822,True,False
batch3/case492/figure_5__panel_g,3,101.7553347620976,203.3609758457196,True,False
batch3/case493/figure_3__panel_a,3,134.607153398339,312.15296688080116,False,True
batch3/case494/figure_6__panel_a,3,188.0699944335005,204.43433674022958,True,False
batch3/case498/figure_3__panel_A,2,23.109902053674624,213.11387516200824,False,True
batch3/case499/figure_3__panel_a,3,27.348969092541566,17.630157011624913,True,False
batch3/case499/figure_4__panel_a,2,21.330335555717138,29.652608119224826,False,True
batch3/case499/figure_4__panel_g,3,149.08911896534687,207.9232395183162,False,True
batch4/case504/figure_3__panel_a,3,36.184013556770935,8.56158603666384,True,False
batch4/case507/figure_8__c,2,49.940915686465985,0.0004443655609520647,False,False
batch4/case524/figure_4__panel_a,2,32.519608163719575,235.11726815943126,False,True
batch4/case530/figure_3__panel_a,4,108.3485327141766,328.9583416033694,True,True
batch4/case537/figure_4__panel_a,4,270.2982015407376,184.66355424041154,False,True
batch4/case540/figure_3__a,2,197.68654675635133,15.321839348754438,False,False
batch4/case570/figure_4__panel_a,2,20.675172121192617,107.83158323044923,False,True
batch4/case573/figure_4__panel_b,2,16.066638984608602,0.10106160843318435,False,False
batch4/case582/figure_2__panel_a,5,142.48670275911866,219.66811889172527,True,True
batch4/case582/figure_2__panel_c,2,36.11463145195694,1.775070444409721e-06,False,False
batch4/case589/figure_5__a,3,82.36254184816552,185.54779381980086,False,False
batch4/case591/figure_3__panel_b,4,114.12810809900465,228.95369534707763,False,True
batch4/case607/figure_3__a,4,114.82833967988998,16.571136805575748,False,False
batch4/case607/figure_3__d,7,239.2753205414333,203.82971936993033,True,False
batch4/case609/figure_7__panel_f,4,97.8381126381333,399.6700281128784,False,True
batch4/case616/figure_2__panel_a,3,222.2207171545969,394.6250282936264,False,True
batch4/case619/figure_6__a,2,54.95111457113435,399.99999997924124,False,True
batch4/case626/figure_3__panel_a,2,126.93667381994123,7.218253585961065e-07,False,False
batch4/case626/figure_3__panel_e,2,5.498860937379163,223.98738892044673,False,True
batch4/case628/figure_4__panel_e,3,47.53557636252082,166.77693374574724,False,False
batch4/case634/figure_4__panel_a,5,194.02674291235408,311.49951351427114,False,True
batch4/case638/figure_6__panel_c,2,4.656683324871146,44.121285409877665,True,False
batch4/case674/figure_4__g,5,163.59751451681484,336.8486233469979,False,True
batch4/case696/figure_7__panel_e,2,221.27876875322437,67.23746431215572,True,False
batch4/case696/figure_8__panel_g,3,259.3182512225486,345.0632884593405,False,True
batch4/case698/figure_3__panel_c,2,148.854442973495,249.7858987656374,False,True
batch5/case732/figure_3__a,2,6.94273676045799,13.98560835960508,True,False
batch5/case734/figure_2__panel_c,2,58.12434099494338,0.23176812109725375,False,False
batch5/case739/figure_2__g,2,62.881494035125215,2.6149680645072064,True,False
batch5/case747/figure_5__panel_a,4,261.12490094685785,231.1884808101532,True,True
batch5/case747/figure_5__panel_h,2,8.308151677982735,63.016121511846166,False,True
batch5/case748/figure_3__panel_a,3,6.67046088778885,12.707431951210182,False,False
batch5/case760/figure_3__panel_a,3,35.87144533870618,30.104521588140837,True,False
batch5/case767/figure_4__panel_c,3,23.719099295810476,174.98905053039002,False,False
batch5/case791/figure_3__panel_a,2,132.9923392742908,9.805015903313897,True,False
batch5/case791/figure_4__a,3,79.86024870013115,215.2879582545036,False,True
batch5/case799/figure_3__panel_a,4,62.28095635050198,31.3932679729906,False,False
batch5/case803/figure_3__panel_a,2,50.89057224685763,0.003201347020336698,False,False
batch5/case806/figure_4__panel_a,4,228.64272610058234,390.44094597057443,False,True
batch5/case822/figure_3__panel_a,3,229.3504732886622,251.8931156022411,True,True
batch5/case826/figure_5__panel_b,3,20.022456527740403,1.7852856636687662,False,False
batch5/case832/figure_6__panel_a,3,3.4959087138572613,11.989472094012957,True,False
batch5/case832/figure_6__panel_e,2,8.188723725702587,9.729840552321551,True,False
batch5/case834/figure_3__panel_b,3,103.98432103756664,74.62644281757782,True,False
batch5/case839/figure_3__a,3,232.48162116095645,243.6840657727132,False,True
batch5/case843/figure_3__a,4,94.46254168882207,265.1042768190864,True,True
batch5/case849/figure_4__panel_a,2,24.980265960619867,27.12065258895464,False,True
batch5/case855/figure_4__panel_d,4,190.4116325990584,104.25471964564176,False,False
batch5/case890/figure_3__panel_a,6,408.19294459481745,262.79946737238436,False,True
batch5/case892/figure_4__panel_f,3,113.60657886182918,10.515759872688221,True,False
batch6/case1021/figure_5__panel_b,3,77.75185758223418,202.77800801688892,True,False
batch6/case1024/figure_4__panel_d,3,128.6929911960434,250.784912535532,False,True
batch6/case1034/figure_4__panel_a,2,4.514319995897658,0.5610890740729264,False,False
batch6/case1037/figure_3__panel_a,2,6.662913111931573,28.77299750456528,True,False
batch6/case1049/figure_5__panel_a,2,146.02357113163976,149.48332543937704,False,False
batch6/case1053/figure_3__a,3,68.88874047735541,11.03119798951566,False,False
batch6/case1053/figure_4__d,4,56.38272044130596,225.06533143475005,False,True
batch6/case1053/figure_4__e,3,263.17493058527583,76.4555720421074,False,True
batch6/case1053/figure_4__f,4,74.89896447302473,13.216490209329514,True,False
batch6/case1053/figure_4__g,4,91.7205876331135,188.62081946848508,False,False
batch6/case1053/figure_4__h,6,96.64356140892889,52.69067468565057,True,True
batch6/case1073/figure_3__panel_a,2,10.167183330595883,16.524764893376503,True,False
batch6/case1073/figure_3__panel_e,3,49.13416986379039,8.17248223094846,False,False
batch6/case1082/figure_3__a,2,7.889749840707271,211.7126680935142,False,True
batch6/case1083/figure_5__panel_F,3,288.7984488855543,210.1438201373864,False,True
batch6/case1090/figure_4__panel_c,5,28.4643340728838,5.7086608621818336,False,False
batch6/case1091/figure_3__panel_a,3,46.293212024553014,190.20892301982883,False,False
batch6/case1095/figure_2__panel_a,6,92.93488877569015,217.48078902988382,False,True
batch6/case931/figure_3__panel_a,3,20.755269279699895,49.25246132271467,True,False
batch6/case957/figure_2__panel_D,3,57.84024778138624,377.04342827679216,False,True
batch6/case994/figure_4__panel_a,3,126.95263350889931,45.03953930136382,False,False
batch7/case1144/figure_2__panel_a,2,37.23623287047056,222.39007917734494,False,True
batch7/case1147/figure_4__panel_b,2,150.47716884629295,10.947003429556304,False,False
batch7/case1148/figure_4__panel_a,4,38.224884133829,14.06331161098207,False,False
batch7/case1153/figure_8__panel_e,2,81.52917362051775,324.8603841722146,False,True
batch7/case1153/figure_9__panel_b,2,78.80327312037019,1.4158487715576484e-07,False,False
batch7/case1178/figure_3__panel_a,2,30.999850091641463,33.04588722272606,False,True
batch7/case1195/figure_4__a,3,157.51192700759069,237.7367027821668,False,True
batch7/case1198/figure_4__panel_a,2,1.1694625524583451e-22,279.420273118821,False,True
batch7/case1199/figure_3__panel_a,3,80.19223609461265,31.232145985379073,True,False
batch7/case1206/figure_2__panel_a,3,1.6139489211555471,280.2548141850571,False,True
batch7/case1206/figure_2__panel_b,2,19.03742563770936,239.04745121547688,False,True
batch7/case1208/figure_3__panel_g,3,267.8010178424397,0.3113773514131992,False,False
batch7/case1221/figure_4__panel_a,2,84.74445799611348,107.57866562322081,False,True
batch7/case1226/figure_3__panel_F,2,158.77067550506598,51.06562611659741,False,True
batch7/case1226/figure_4__A_lower,3,68.68308230071219,206.98467087589958,False,True
batch7/case1226/figure_4__B_lower,3,71.90100867177253,18.55551765846567,True,False
batch8/case1490/figure_3__A,2,8.912483374239791,182.02452544855296,True,False
batch8/case1490/figure_3__D,2,3.9126785740552563,295.76234551759194,False,True
batch8/case1533/figure_3__panel_a,4,28.78583347464333,399.7866091578105,False,True
batch8/case1533/figure_3__panel_f,2,3.0971551911594837,364.46761324351803,False,True
batch8/case1561/figure_5__panel_b,3,23.848128153283685,283.4439925509379,False,True
batch8/case1565/figure_6__panel_a,2,28.51638381821865,1.436038363493758,False,False
batch8/case1568/figure_5__panel_b,2,0.05919361934452816,1.9617217822123845,False,False
batch8/case1587/figure_4__panel_a,4,60.39984058671239,21.605517562038315,True,True
batch8/case1587/figure_4__panel_e,6,35.67405006633327,24.48825554839747,True,True
batch8/case1594/figure_5__panel_a,2,67.74384268180465,26.562727939082137,True,False
batch8/case1605/figure_3__panel_a,3,129.39361147686614,50.03313201665325,False,False
batch8/case1618/figure_4__a,3,14.249555374231818,11.510783057858415,True,False
batch8/case1618/figure_5__panel_a,2,140.20902936284733,7.752970344385703,False,False
batch8/case1620/figure_4__panel_b,2,7.015513469840783e-19,5.829895189212541,False,False
batch8/case1620/figure_5__panel_a,2,5.848499103679046,223.86544647557122,False,True
batch8/case1620/figure_5__panel_b,4,119.46988179260485,78.75755979904376,False,True
batch8/case1620/figure_5__panel_c,2,13.341656037120082,15.458893226365227,False,False
batch8/case1632/figure_4__a,5,86.38804284787055,229.4516552331447,False,True
batch8/case1632/figure_5__b,5,67.27584122609909,7.846471508755686,False,False
batch8/case1647/figure_3__panel_a,3,73.54241290985524,5.668784862677967e-05,False,False
batch8/case1652/figure_7__panel_a,4,187.06600166895737,262.48077950509065,False,True
batch8/case1663/figure_4__panel_a,2,25.88825189174775,26.87750009257585,True,False
batch8/case1682/figure_5__panel_A,2,38.72542806759478,167.43258297160358,False,False
batch8/case1689/figure_5__panel_a,2,21.362994258571717,34.49702687459296,False,False
batch8/case1700/figure_5__panel_a,3,84.62330528949298,61.77470998981636,False,False
batch8/case1700/figure_7__panel_b,2,118.02730524903771,156.97192787937706,False,False
batch8/case1701/figure_5__panel_a,2,246.74044198631785,13.337411889011232,True,False
batch8/case1702/figure_3__panel_A,2,10.567272440791555,39.953523936096616,True,False
batch8/case1702/figure_3__panel_C,4,90.52282845641004,211.6333716250058,True,True
batch8/case1703/figure_7__panel_a,4,197.87345372066687,213.42672871574385,True,True
batch8/case1709/figure_5__panel_a,6,103.01862225743206,265.3957323174133,False,True
batch8/case1719/figure_3__a_middle,4,60.46748443749907,209.314142702577,True,True
batch8/case1719/figure_3__a_top,2,52.76014157016943,190.71024356952597,False,False
batch8/case1739/figure_4__panel_a,3,188.87371620473158,3.1030600950998632e-06,False,False
batch8/case1741/figure_3__panel_a,3,72.03498812475573,59.57996277813118,True,False
batch8/case1747/figure_4__panel_a,4,46.9195999807097,241.54870120300092,True,True
batch8/case1748/figure_4__panel_a,5,190.28654369084953,238.1550675533225,True,True
batch8/case1760/figure_2__panel_a,2,59.57858205782531,205.57900307647506,False,True
batch8/case1765/figure_4__panel_a,2,107.8440210387065,1.7716303091219743e-08,False,False
batch8/case1774/figure_3__panel_a,3,154.8429223271761,344.0829060632339,False,True
batch8/case1774/figure_4__panel_a,2,72.08614924378215,23.28004586685214,False,False
batch8/case1791/figure_3__panel_a,2,12.063995516150726,6.730107131503971,False,False
batch8/case1792/figure_6__panel_b,2,2.114298498009486,0.38966251729740975,False,False
batch8/case1796/figure_2__panel_a,2,26.855348717382434,0.00016422964765183679,False,False
batch8/case1800/figure_4__panel_a,3,56.55683721255588,234.1146565946672,False,True
batch8/case1800/figure_4__panel_e,3,78.70762898814664,20.609460949046838,True,False
batch8/case1810/figure_3__panel_A,3,53.773046244045155,21.658110461124494,True,False
batch8/case1821/figure_3__panel_a,3,42.92444963748987,10.458326280986963,True,False
batch8/case1830/figure_2__panel_a_left,4,343.1901299392052,140.6019607471403,False,False
batch8/case1830/figure_2__panel_a_right,3,92.85556358201362,332.10321260502366,True,True
batch8/case1831/figure_5__panel_a,2,33.95622708700252,12.073914659047688,False,True
batch8/case1836/figure_3__panel_a,3,113.29867132341005,204.363394305339,True,False
batch8/case1843/figure_3__panel_a,3,70.25839767608825,200.26411080518832,True,False
batch8/case1843/figure_3__panel_e,4,5.6674935460510945,14.052066077227991,True,True
batch8/case1844/figure_5__panel_d,2,6.248507331255567,160.94859333472604,False,False
