condition,case_id,family,valid_axis_fit,x_axis_model,y_axis_model,truth_x_display_model,truth_y_display_model,x_anchor_count,y_anchor_count,x_anchor_fit_rmse,y_anchor_fit_rmse,predicted_curve_count,truth_curve_count,curve_count_correct,identity_exact_count,matched_curve_count,case_median_symmetric_scaled_distance,case_p95_symmetric_scaled_distance,case_geometry_complete_pass,case_complete_pass,overlap_panel_quality,elapsed_seconds,model_calls,input_tokens,output_tokens,total_tokens,evaluation_error
monolithic,a_lsv_01,LSV,True,linear,linear,linear,linear,5,7,0.00023164833547467597,1.89900533991096e-15,3,3,True,3,3,0.00024686748004465085,0.0008735956273800364,True,True,fail,683.9788317680359,1,525156,16418,541574,
monolithic,a_lsv_02,LSV,True,linear,linear,linear,linear,7,5,0.00015710206559711747,0.029601068294201473,3,3,True,3,3,0.0004744625486528026,0.0025484811277916015,True,True,pass,670.8506281375885,1,,,,
monolithic,a_lsv_03,LSV,True,linear,linear,linear,linear,4,6,0.00013743500646234361,0.03985858208588331,3,3,True,3,3,0.0004374982409837394,0.0023142974157798588,True,True,warn,642.4078917503357,1,610067,17897,627964,
monolithic,a_lsv_04,LSV,True,linear,linear,linear,linear,5,6,0.00014489885451475447,0.0394405055936679,4,4,True,4,4,0.0003727820664817757,0.01353537409931908,True,True,warn,1291.8081800937653,1,1574217,37474,1611691,
monolithic,a_lsv_05,LSV,True,linear,linear,linear,linear,5,6,0.00015355187065782625,0.03585500923366326,3,3,True,3,3,0.000513439560186519,0.0024285259737798523,True,True,warn,832.1216723918915,1,975974,22931,998905,
monolithic,a_lsv_06,LSV,True,linear,linear,linear,linear,5,5,5.822058658345462e-17,0.03311973285307214,3,3,True,3,3,0.0016789442647029155,0.014397343551425499,True,True,warn,642.3356170654297,1,636333,16358,652691,
monolithic,a_lsv_07,LSV,True,linear,linear,linear,linear,5,5,0.00024616414739216813,0.03607684724397486,3,3,True,3,3,0.0006263850674706947,0.0026462151724764376,True,True,warn,702.0422303676605,1,777110,20272,797382,
monolithic,a_lsv_08,LSV,True,linear,log10,linear,log10,6,4,0.00016235949512263944,0.0009613358344367706,3,3,True,3,3,0.00026304055359016576,0.0008475621211317618,True,True,pass,568.7321255207062,1,569209,17314,586523,
monolithic,a_lsv_09,LSV,True,linear,linear,linear,linear,4,5,0.00017174096144179546,0.029636883219567877,3,3,True,3,3,0.0022774125321026123,0.014986134888304704,True,True,fail,822.8053135871887,1,928051,24093,952144,
monolithic,a_lsv_10,LSV,True,linear,linear,linear,linear,4,5,3.1031676915590914e-17,1.7763568394002505e-15,3,3,True,3,3,0.0002194413075521939,0.000826833280102086,True,True,pass,691.9200901985168,1,632459,18340,650799,
monolithic,b_kinetic_time_course_01,kinetic_time_course,True,linear,linear,linear,linear,7,6,0.030400180909985607,0.00043651852639241555,3,3,True,3,3,0.0006079899061011965,0.0030968499090534736,True,True,pass,808.7868955135345,1,643443,17883,661326,
monolithic,b_kinetic_time_course_02,kinetic_time_course,True,linear,linear,linear,linear,7,6,0.035118511486937544,0.03985858208588331,3,3,True,3,3,0.000712584630914713,0.006939005206108672,True,True,pass,723.7806324958801,1,,,,
monolithic,b_kinetic_time_course_03,kinetic_time_course,True,linear,linear,linear,linear,10,6,0.02268650061586089,0.002050496438139953,3,3,True,3,3,0.0004197792630003011,0.004108942243429899,True,True,warn,767.9086043834686,1,552036,17559,569595,
monolithic,b_kinetic_time_course_04,kinetic_time_course,True,linear,linear,linear,linear,7,6,0.030400180909985607,0.00043651852639241555,2,2,True,2,2,0.0002814149733686769,0.0028316550430352427,True,True,warn,759.0585899353027,1,761883,17747,779630,
monolithic,b_kinetic_time_course_05,kinetic_time_course,True,linear,linear,linear,linear,7,6,0.017559255743468772,0.03985858208588331,3,3,True,0,3,0.0011356614277832887,0.010814459033128204,True,False,pass,655.9272541999817,1,570787,18784,589571,
monolithic,b_kinetic_time_course_06,kinetic_time_course,True,linear,linear,linear,linear,10,6,0.04537300123171697,0.00043651852639241555,3,3,True,3,3,0.0013238692701798937,0.014368860166714393,True,True,fail,954.2685332298279,1,999528,25031,1024559,
monolithic,b_kinetic_time_course_07,kinetic_time_course,True,linear,linear,linear,linear,7,6,0.0304268828540614,0.00019710407456508043,2,2,True,2,2,0.0006824439886991165,0.0032839914520030092,True,True,pass,909.9599289894104,1,809259,20521,829780,
monolithic,b_kinetic_time_course_08,kinetic_time_course,True,linear,linear,linear,linear,7,6,0.030400180909985607,0.00043651852639241555,3,3,True,3,3,0.0002671051686714225,0.0014417598737209965,True,True,warn,708.5820920467377,1,695925,17138,713063,
monolithic,b_kinetic_time_course_09,kinetic_time_course,True,linear,linear,linear,linear,7,6,0.030400180909985607,0.00043651852639241555,2,2,True,2,2,0.0007559972837484749,0.01070883515049588,True,True,fail,1117.2747485637665,1,1009969,24510,1034479,
monolithic,b_kinetic_time_course_10,kinetic_time_course,True,linear,linear,linear,linear,10,6,0.04537300123171697,0.00043651852639241555,4,4,True,4,4,0.0015952075928321646,0.011107407236538254,True,True,warn,876.4874713420868,1,904363,24912,929275,
monolithic,c_uv_vis_01,UV_Vis,True,linear,linear,linear,linear,6,7,0.12242607719680917,6.294372906377364e-17,3,3,True,3,3,0.0007508702779373595,0.004600768528177189,True,True,fail,767.9990952014923,1,561857,20900,582757,
monolithic,c_uv_vis_02,UV_Vis,True,linear,linear,linear,linear,6,7,0.12242607719680917,0.000440236544533323,4,4,True,4,4,0.0005314140575749008,0.2649601482097563,False,False,warn,902.3160498142242,1,1054170,26094,1080264,
monolithic,c_uv_vis_03,UV_Vis,True,linear,linear,linear,linear,6,6,0.12242607719680917,0.0003944050559366555,2,2,True,2,2,0.0006204277947326896,0.0024610500577276527,True,True,pass,651.1076953411102,1,,,,
monolithic,c_uv_vis_04,UV_Vis,True,linear,linear,linear,linear,6,6,0.12242607719680917,0.00039858582085885666,3,3,True,3,3,0.0006196901146986575,0.003021037273925187,True,True,warn,673.3785219192505,1,694775,17623,712398,
monolithic,c_uv_vis_05,UV_Vis,True,linear,linear,linear,linear,6,6,0.12242607719680917,0.00039858582085885666,2,2,True,0,2,0.2609184775134046,0.593559430191701,False,False,fail,512.7085919380188,1,,,,
monolithic,c_uv_vis_06,UV_Vis,True,linear,linear,linear,linear,6,8,0.12242607719680917,0.00023277931571843405,2,2,True,2,2,0.0005556892972789071,0.003322413484242297,True,True,fail,810.1742753982544,1,769000,21817,790817,
monolithic,c_uv_vis_07,UV_Vis,True,linear,linear,linear,linear,6,5,0.12242607719680917,0.0002960106829420649,4,4,True,0,4,0.0005244802847879041,0.0026644903003933454,True,False,warn,1015.8977527618408,1,,,,
monolithic,c_uv_vis_08,UV_Vis,True,linear,linear,linear,linear,6,9,0.12242607719680917,0.00029173117773797006,1,1,True,0,1,0.00021937250952516117,0.0015913058639063994,True,False,pass,496.8854081630707,1,,,,
monolithic,c_uv_vis_09,UV_Vis,True,linear,linear,linear,linear,6,6,0.14436499925356577,0.0003944050559366555,2,2,True,2,2,0.0007360161934253384,0.16614807017753017,False,False,pass,544.2524378299713,1,470741,14472,485213,
monolithic,c_uv_vis_10,UV_Vis,True,linear,linear,linear,linear,6,6,0.08852204180441106,0.0003585500923365861,2,2,True,2,2,0.00035558353679448075,0.003964349814393364,True,True,warn,895.9085676670074,1,876921,24318,901239,
monolithic,d_raman_01,Raman,True,linear,linear,linear,linear,5,5,0.5267718415220553,0.5658624418341605,2,2,True,2,2,0.00018073348031024284,0.002368983471664913,True,True,fail,655.4939363002777,1,592716,15827,608543,
monolithic,d_raman_02,Raman,True,linear,linear,linear,linear,9,9,0.6139578801424006,0.5864478318783387,4,4,True,4,4,0.0003395714524033042,0.0027717706781809066,True,True,pass,715.0758423805237,1,565291,20481,585772,
monolithic,d_raman_03,Raman,True,linear,linear,linear,linear,5,5,0.5267718415220553,0.5614873435297435,2,2,True,2,2,0.0006289589521429415,0.003883169195731049,True,True,pass,638.2115671634674,1,544563,15966,560529,
monolithic,d_raman_04,Raman,True,linear,linear,linear,linear,5,6,0.5267718415220553,0.38685147154043037,2,2,True,2,2,0.0009883327500927054,0.0070129235365114385,True,True,warn,513.2826154232025,1,352757,14408,367165,
monolithic,d_raman_05,Raman,True,linear,linear,linear,linear,5,5,0.5267718415220923,0.20230970315493602,3,3,True,3,3,0.0008282966372302363,0.3333015529129808,False,False,fail,832.5780522823334,1,845856,22860,868716,
monolithic,d_raman_06,Raman,True,linear,linear,linear,linear,9,6,0.5653743801435616,0.0760046961408352,1,1,True,0,1,0.01492518439797659,0.0628346932037006,False,False,pass,610.0510821342468,1,,,,
monolithic,d_raman_07,Raman,True,linear,linear,linear,linear,9,7,0.6139578801424006,0.42269917420958225,5,5,True,5,5,0.0003028336976203527,0.004571457454933656,True,True,pass,922.5537252426147,1,988803,27689,1016492,
monolithic,d_raman_08,Raman,True,linear,linear,linear,linear,5,5,0.6434089976904542,0.16236654768124245,1,1,True,0,1,0.0014274680230917031,0.0018845538986508616,True,False,pass,631.1448400020599,1,546339,17846,564185,
monolithic,d_raman_09,Raman,True,linear,linear,linear,linear,9,7,0.6139578801424006,0.47565005931488064,2,2,True,2,2,0.00040601079565109817,0.0017902307399827967,True,True,fail,798.5416033267975,1,594426,17798,612224,
monolithic,d_raman_10,Raman,True,linear,linear,linear,linear,9,7,0.0,1.0742396426884034e-13,1,1,True,0,1,0.0005138477505353457,0.003038264891752757,True,False,pass,465.24053478240967,1,338809,11840,350649,
monolithic,e_xrd_01,XRD,True,linear,linear,linear,linear,8,8,0.017486259013579863,0.49206683843518373,2,2,True,2,2,0.0020833359234362927,0.006522566111239665,True,True,pass,796.1688539981842,1,994808,20355,1015163,
monolithic,e_xrd_02,XRD,True,linear,linear,linear,linear,8,6,0.01748625901357882,0.3944050559366866,3,3,True,0,3,0.0019475230591904078,0.009007775168351117,True,False,pass,867.8910479545593,1,1006548,25957,1032505,
monolithic,e_xrd_03,XRD,True,linear,linear,linear,linear,8,6,0.01752813507979287,0.18639181662338689,1,1,True,0,1,0.004489870128574723,0.02092757562141232,True,False,pass,469.4323763847351,1,,,,
monolithic,e_xrd_04,XRD,True,linear,linear,linear,linear,8,7,0.01748625901357882,0.4576639067819869,1,1,True,0,1,0.0016555201189969223,0.005177004510854512,True,False,warn,970.2630589008331,1,1240340,24947,1265287,
monolithic,e_xrd_05,XRD,True,linear,linear,linear,linear,8,7,0.01748625901357882,0.4402365445332927,2,2,True,2,2,0.0019247393017403046,0.007467572306246956,True,True,pass,643.3852331638336,1,582347,16450,598797,
monolithic,e_xrd_06,XRD,True,linear,linear,linear,linear,8,7,0.01748625901357882,2.1484792853768068e-13,2,2,True,2,2,0.0020066051310278724,0.006647691339392196,True,True,pass,574.2676513195038,1,478333,15516,493849,
monolithic,e_xrd_07,XRD,True,linear,linear,linear,linear,8,9,0.017492229054146782,0.2917311777379878,1,1,True,0,1,0.0030611549909832694,0.010315145402728123,True,False,pass,777.453400850296,1,624982,19186,644168,
monolithic,e_xrd_08,XRD,True,linear,linear,linear,linear,6,5,0.0024466045459480726,0.5491912315412774,1,1,True,0,1,0.0016235245044860318,0.00653627531849617,True,False,pass,570.0785164833069,1,,,,
monolithic,e_xrd_09,XRD,True,linear,linear,linear,linear,8,6,0.017492229054146782,0.10999211340823559,1,1,True,0,1,0.010237212550972047,0.06741267675776483,False,False,pass,565.7250077724457,1,582214,14573,596787,
monolithic,e_xrd_10,XRD,True,linear,linear,linear,linear,8,7,0.009285771854521285,0.22883195339099344,1,1,True,0,1,0.0037457316604939273,0.013958288325714864,True,False,pass,540.0302157402039,1,408372,13184,421556,
monolithic,f_gc_trace_01,GC_trace,True,linear,linear,linear,linear,9,10,0.004400193653399521,0.6577457106044013,2,2,True,2,2,0.00036971782651845083,0.010260607905109295,True,True,warn,809.6423251628876,1,752398,20745,773143,
monolithic,f_gc_trace_02,GC_trace,True,linear,linear,linear,linear,9,9,1.117600002952727e-15,0.2769698679460542,1,1,True,0,1,0.0018932717896756753,0.0050851474604529335,True,False,warn,1073.9641253948212,1,1354515,26204,1380719,
monolithic,f_gc_trace_03,GC_trace,True,linear,linear,linear,linear,9,6,0.004400193653399166,0.33729474646179913,1,1,True,0,1,0.00023166527624705012,0.0014297095278844225,True,False,warn,526.3579556941986,1,534368,13588,547956,
monolithic,f_gc_trace_04,GC_trace,True,linear,linear,linear,linear,9,10,0.004400193653399521,0.6577457106044013,4,4,True,4,4,0.00029222936593409354,0.007060677615398109,True,True,warn,870.7938768863678,1,887218,24740,911958,
monolithic,f_gc_trace_05,GC_trace,True,linear,linear,linear,linear,9,6,0.004400193653399521,0.3585500923366406,1,1,True,0,1,0.00021822103627757914,0.003140144630584262,True,False,warn,560.6180920600891,1,567702,13900,581602,
monolithic,f_gc_trace_06,GC_trace,True,linear,linear,linear,linear,9,7,1.117600002952727e-15,5.371198213442017e-14,1,1,True,0,1,0.013847759949136436,0.05653150303248872,False,False,pass,576.5166862010956,1,542719,15866,558585,
monolithic,f_gc_trace_07,GC_trace,True,linear,linear,linear,linear,6,7,0.0013536692099269403,0.24033388457300578,1,1,True,0,1,5.044449441082338e-05,0.0007914409090310087,True,False,pass,646.5251548290253,1,522684,18731,541415,
monolithic,f_gc_trace_08,GC_trace,True,linear,linear,linear,linear,9,8,0.004400193653399521,0.4818391907778083,2,2,True,2,2,0.0002744841403810188,0.007494951635576731,True,True,warn,685.3404598236084,1,706428,15417,721845,
monolithic,f_gc_trace_09,GC_trace,True,linear,linear,linear,linear,9,6,0.004400193653399521,0.3635856673211374,1,1,True,0,1,0.00016472541774049796,0.0021609311542022916,True,False,warn,460.7483434677124,1,328948,10186,339134,
monolithic,f_gc_trace_10,GC_trace,True,linear,linear,linear,linear,9,6,1.4802973661668753e-16,0.1792750461683203,1,1,True,0,1,0.0008779721680433082,0.002900672209316987,True,False,warn,566.6359565258026,1,498801,12604,511405,
staged,a_lsv_01,LSV,True,linear,linear,linear,linear,5,7,0.00023164833547467597,1.89900533991096e-15,3,3,True,3,3,0.00033654191991670107,0.0028366675045655935,True,True,pass,,,,,,
staged,a_lsv_02,LSV,True,linear,linear,linear,linear,7,5,0.00015710206559711747,0.029601068294201473,3,3,True,3,3,0.0004325808546078913,0.0011826840027268,True,True,pass,,,,,,
staged,a_lsv_03,LSV,True,linear,linear,linear,linear,4,6,0.00013743500646234361,0.03985858208588331,3,3,True,3,3,0.00042292424569753575,0.002601369914487954,True,True,warn,,,,,,
staged,a_lsv_04,LSV,True,linear,linear,linear,linear,5,6,0.00014489885451475447,0.0394405055936679,4,4,True,4,4,0.0007538220549324882,0.17392845051459843,False,False,warn,,,,,,
staged,a_lsv_05,LSV,True,linear,linear,linear,linear,5,6,0.00015355187065782625,0.03585500923366286,3,3,True,3,3,0.0005935269068491436,0.004013072442780879,True,True,pass,,,,,,
staged,a_lsv_06,LSV,True,linear,linear,linear,linear,5,5,5.822058658345462e-17,0.03311973285307214,3,3,True,3,3,0.0009394424461661715,0.003107727932953499,True,True,warn,,,,,,
staged,a_lsv_07,LSV,True,linear,linear,linear,linear,5,5,0.0002716066200716747,3.552713678800501e-15,3,3,True,3,3,0.00031133616170684117,0.0027990985182670906,True,True,warn,,,,,,
staged,a_lsv_08,LSV,True,linear,log10,linear,log10,6,4,0.00016235949512263944,0.0009613358344367706,3,3,True,3,3,0.0005145529979952148,0.0032477069664514687,True,True,pass,,,,,,
staged,a_lsv_09,LSV,True,linear,linear,linear,linear,4,5,0.00017174096144179546,0.029636883219567877,3,3,True,3,3,0.0024294007213182967,0.015224121177337496,True,True,warn,,,,,,
staged,a_lsv_10,LSV,True,linear,linear,linear,linear,4,5,3.1031676915590914e-17,1.5888218580782547e-15,3,3,True,3,3,0.0011324258312663212,0.0032113656155378653,True,True,pass,,,,,,
staged,b_kinetic_time_course_01,kinetic_time_course,True,linear,linear,linear,linear,7,6,5.536504392537577e-15,0.000386851471540448,3,3,True,3,3,0.0015763738412979873,0.010694421358295838,True,True,pass,,,,,,
staged,b_kinetic_time_course_02,kinetic_time_course,True,linear,linear,linear,linear,7,6,0.035118511486937544,0.03985858208588331,3,3,True,3,3,0.00039470142842621905,0.003534999679760323,True,True,pass,,,,,,
staged,b_kinetic_time_course_03,kinetic_time_course,True,linear,linear,linear,linear,3,3,0.009630084473620007,0.0006441675853617507,3,3,True,3,3,0.0004461612495309389,0.005074048107477016,True,True,warn,,,,,,
staged,b_kinetic_time_course_04,kinetic_time_course,True,linear,linear,linear,linear,7,6,0.030400180909985607,0.00043651852639241555,2,2,True,2,2,0.0008209381208123391,0.003912280377637443,True,True,warn,,,,,,
staged,b_kinetic_time_course_05,kinetic_time_course,True,linear,linear,linear,linear,7,6,0.016990488917118015,0.03985858208588808,3,3,True,0,3,0.0011099421472255224,0.002567382208562971,True,False,pass,,,,,,
staged,b_kinetic_time_course_06,kinetic_time_course,True,linear,linear,linear,linear,4,4,0.04120517608712693,0.0002334932271660074,3,3,True,3,3,0.0006657198528024404,0.007449763524319252,True,True,pass,,,,,,
staged,b_kinetic_time_course_07,kinetic_time_course,True,linear,linear,linear,linear,7,6,0.0304268828540614,0.0003944050559366555,2,2,True,2,2,0.0004940308520376847,0.00786224716824381,True,True,pass,,,,,,
staged,b_kinetic_time_course_08,kinetic_time_course,True,linear,linear,linear,linear,7,6,0.030400180909985607,0.0009038658308584331,3,3,True,3,3,0.001660050275616823,0.013858967364343139,True,True,warn,,,,,,
staged,b_kinetic_time_course_09,kinetic_time_course,True,linear,linear,linear,linear,7,6,0.030400180909985607,0.00043651852639241555,2,2,True,2,2,0.0009707639896370346,0.0034676698484216017,True,True,pass,,,,,,
staged,b_kinetic_time_course_10,kinetic_time_course,True,linear,linear,linear,linear,10,6,0.04537300123171697,0.00043651852639241555,4,4,True,4,4,0.0008007145114588075,0.011649334610561203,True,True,warn,,,,,,
staged,c_uv_vis_01,UV_Vis,True,linear,linear,linear,linear,6,7,0.12242607719680917,6.294372906377364e-17,3,3,True,3,3,0.0008758709348786137,0.003369369275926558,True,True,warn,,,,,,
staged,c_uv_vis_02,UV_Vis,True,linear,linear,linear,linear,6,7,0.12242607719680917,0.0004402365445332718,4,4,True,4,4,0.0010650191428358557,0.3353936663471161,False,False,warn,,,,,,
staged,c_uv_vis_03,UV_Vis,True,linear,linear,linear,linear,6,6,0.12242607719680917,0.0003944050559366555,2,2,True,2,2,0.0006705600851443865,0.002875185867766073,True,True,pass,,,,,,
staged,c_uv_vis_04,UV_Vis,True,linear,linear,linear,linear,6,6,0.12242607719680917,0.00039858582085885666,3,3,True,3,3,0.0005071513611133576,0.002554787395216617,True,True,warn,,,,,,
staged,c_uv_vis_05,UV_Vis,True,linear,linear,linear,linear,6,6,0.12242607719680917,0.00039858582085885666,2,2,True,2,2,0.0003477584335804998,0.0025737643309997472,True,True,pass,,,,,,
staged,c_uv_vis_06,UV_Vis,True,linear,linear,linear,linear,6,8,0.12242607719680917,0.00023277931571843405,2,2,True,2,2,0.0007250428446410573,0.15250574345472384,False,False,pass,,,,,,
staged,c_uv_vis_07,UV_Vis,True,linear,linear,linear,linear,6,5,0.12242607719680917,0.0002960106829420649,4,4,True,4,4,0.00046316108970452795,0.34116533913099734,False,False,warn,,,,,,
staged,c_uv_vis_08,UV_Vis,True,linear,linear,linear,linear,6,9,0.12242607719680917,0.00029173117773797006,1,1,True,0,1,0.00021075933617338354,0.0014726938954922985,True,False,pass,,,,,,
staged,c_uv_vis_09,UV_Vis,True,linear,linear,linear,linear,6,6,0.12242607719680917,0.0003944050559366555,2,2,True,2,2,0.0005051959481933205,0.15206185890778628,False,False,pass,,,,,,
staged,c_uv_vis_10,UV_Vis,True,linear,linear,linear,linear,6,6,0.1929289284972384,5.067451620406765e-17,2,2,True,2,2,0.0016448348549240482,0.011354485309750185,True,True,warn,,,,,,
staged,d_raman_01,Raman,True,linear,linear,linear,linear,9,8,0.6139578801424006,0.5311804317700849,2,2,True,2,2,0.0002475425740977723,0.004704946668895374,True,True,pass,,,,,,
staged,d_raman_02,Raman,True,linear,linear,linear,linear,5,5,0.5267718415220553,0.9577149643154481,4,4,True,4,4,0.0002762250929295995,0.0018951714905812893,True,True,pass,,,,,,
staged,d_raman_03,Raman,True,linear,linear,linear,linear,5,6,0.4302925192978662,0.6383800019222229,2,2,True,2,2,0.0007611488815331175,0.00692314491867045,True,True,pass,,,,,,
staged,d_raman_04,Raman,True,linear,linear,linear,linear,9,6,0.6139578801424006,0.38685147154043037,2,2,True,2,2,0.0005423631710581299,0.005950603779965411,True,True,pass,,,,,,
staged,d_raman_05,Raman,True,linear,linear,linear,linear,5,5,0.5267718415220923,0.20230970315493602,3,3,True,3,3,0.10648744540600555,0.35045512863409833,False,False,warn,,,,,,
staged,d_raman_06,Raman,True,linear,linear,linear,linear,9,6,0.5653743801435616,0.0760046961408352,1,1,True,0,1,0.013681434991307244,0.05877043364211028,False,False,pass,,,,,,
staged,d_raman_07,Raman,True,linear,linear,linear,linear,5,4,0.5267718415220738,5.684341886080802e-14,5,5,True,5,5,0.0008481674815675466,0.003875941458007386,True,True,pass,,,,,,
staged,d_raman_08,Raman,True,linear,linear,linear,linear,9,5,0.5655202628606354,0.16236654768124245,1,1,True,0,1,0.0023916144359092434,0.003107699438871486,True,False,pass,,,,,,
staged,d_raman_09,Raman,True,linear,linear,linear,linear,9,7,0.6139578801423963,0.4756500593148869,2,2,True,2,2,0.0007797869060823103,0.003121166329734316,True,True,pass,,,,,,
staged,d_raman_10,Raman,True,linear,linear,linear,linear,9,7,0.0,1.0742396426884034e-13,1,1,True,0,1,0.0005241265869336518,0.0034294622015365126,True,False,pass,,,,,,
staged,e_xrd_01,XRD,True,linear,linear,linear,linear,8,8,0.01748625901357882,0.4655586314368598,2,2,True,2,2,0.001860899555806661,0.007341792907407121,True,True,pass,,,,,,
staged,e_xrd_02,XRD,True,linear,linear,linear,linear,8,6,0.01748625901357882,0.3944050559366866,3,3,True,3,3,0.0018354590723923835,0.008753323034195288,True,True,pass,,,,,,
staged,e_xrd_03,XRD,True,linear,linear,linear,linear,8,6,0.01857391948842363,0.6892271412139079,1,1,True,0,1,0.004287359239972026,0.020777486068862563,True,False,pass,,,,,,
staged,e_xrd_04,XRD,True,linear,linear,linear,linear,8,7,0.01748625901357882,0.4576639067819869,1,1,True,0,1,0.002528322523102894,0.015256045869840607,True,False,pass,,,,,,
staged,e_xrd_05,XRD,True,linear,linear,linear,linear,8,7,0.023628677714883528,0.45454516106341686,2,2,True,2,2,0.0019511000526961219,0.007628764301859089,True,True,pass,,,,,,
staged,e_xrd_06,XRD,True,linear,linear,linear,linear,8,7,1.7763568394002505e-15,2.1484792853768068e-13,2,2,True,2,2,0.0018319850241918616,0.006699342815779059,True,True,pass,,,,,,
staged,e_xrd_07,XRD,True,linear,linear,linear,linear,8,9,0.017492229054146782,0.2917311777379878,1,1,True,0,1,0.0036816757410119555,0.011737160758385174,True,False,pass,,,,,,
staged,e_xrd_08,XRD,True,linear,linear,linear,linear,10,8,0.0022692837623251748,0.26846381773632183,1,1,True,0,1,0.0015056827570304342,0.0061664410299181556,True,False,pass,,,,,,
staged,e_xrd_09,XRD,True,linear,linear,linear,linear,8,6,0.02316376415714983,0.16464405697613077,1,1,True,0,1,0.007449306818127123,0.0638089702341702,False,False,pass,,,,,,
staged,e_xrd_10,XRD,True,linear,linear,linear,linear,8,7,0.017492229054146782,0.22883195339099344,1,1,True,0,1,0.003370104186021119,0.013325359989273677,True,False,pass,,,,,,
staged,f_gc_trace_01,GC_trace,True,linear,linear,linear,linear,3,3,0.0038600158729239784,0.3591013457490333,2,2,True,2,2,0.0008611521505964113,0.010663817295131465,True,True,warn,,,,,,
staged,f_gc_trace_02,GC_trace,True,linear,linear,linear,linear,9,9,1.117600002952727e-15,0.30121289337270735,1,1,True,0,1,0.0005799960112494784,0.0024666060662279707,True,False,pass,,,,,,
staged,f_gc_trace_03,GC_trace,True,linear,linear,linear,linear,9,6,0.004400193653399521,0.33729474646183766,1,1,True,0,1,0.00023166527624728304,0.00135952099825596,True,False,pass,,,,,,
staged,f_gc_trace_04,GC_trace,True,linear,linear,linear,linear,9,10,0.004400193653399521,0.6577457106044013,4,4,True,4,4,0.00048397746340132775,0.007006162848897785,True,True,warn,,,,,,
staged,f_gc_trace_05,GC_trace,True,linear,linear,linear,linear,9,6,5.921189464667501e-16,0.8076884947901066,1,1,True,0,1,0.00038727822957104123,0.0030461207858769766,True,False,pass,,,,,,
staged,f_gc_trace_06,GC_trace,True,linear,linear,linear,linear,9,7,1.117600002952727e-15,0.08621255411586125,1,1,True,0,1,0.011590047274638431,0.05353278876794808,False,False,pass,,,,,,
staged,f_gc_trace_07,GC_trace,True,linear,linear,linear,linear,6,7,0.0013536692099269403,0.24033388457300578,1,1,True,0,1,0.0005838330967652361,0.004840476590348631,True,False,pass,,,,,,
staged,f_gc_trace_08,GC_trace,True,linear,linear,linear,linear,9,8,0.004400193653399521,0.5369276354726437,2,2,True,2,2,0.000670864299114549,0.004249142771595892,True,True,pass,,,,,,
staged,f_gc_trace_09,GC_trace,True,linear,linear,linear,linear,9,6,0.004400193653399521,0.3635856673211374,1,1,True,0,1,0.00016472541774049796,0.002690189878153561,True,False,pass,,,,,,
staged,f_gc_trace_10,GC_trace,True,linear,linear,linear,linear,9,6,1.117600002952727e-15,0.0,1,1,True,0,1,0.0006706631968607223,0.0019566919751694083,True,False,pass,,,,,,
