case_id,family,monolithic_case_median_scaled_distance,staged_case_median_scaled_distance,staged_minus_monolithic,staged_better,monolithic_complete_pass,staged_complete_pass
a_lsv_01,LSV,0.00024686748004465085,0.00033654191991670107,8.967443987205022e-05,False,True,True
a_lsv_02,LSV,0.0004744625486528026,0.0004325808546078913,-4.188169404491129e-05,True,True,True
a_lsv_03,LSV,0.0004374982409837394,0.00042292424569753575,-1.4573995286203643e-05,True,True,True
a_lsv_04,LSV,0.0003727820664817757,0.0007538220549324882,0.00038103998845071246,False,True,False
a_lsv_05,LSV,0.000513439560186519,0.0005935269068491436,8.008734666262456e-05,False,True,True
a_lsv_06,LSV,0.0016789442647029155,0.0009394424461661715,-0.0007395018185367441,True,True,True
a_lsv_07,LSV,0.0006263850674706947,0.00031133616170684117,-0.0003150489057638536,True,True,True
a_lsv_08,LSV,0.00026304055359016576,0.0005145529979952148,0.00025151244440504907,False,True,True
a_lsv_09,LSV,0.0022774125321026123,0.0024294007213182967,0.0001519881892156844,False,True,True
a_lsv_10,LSV,0.0002194413075521939,0.0011324258312663212,0.0009129845237141273,False,True,True
b_kinetic_time_course_01,kinetic_time_course,0.0006079899061011965,0.0015763738412979873,0.0009683839351967907,False,True,True
b_kinetic_time_course_02,kinetic_time_course,0.000712584630914713,0.00039470142842621905,-0.00031788320248849394,True,True,True
b_kinetic_time_course_03,kinetic_time_course,0.0004197792630003011,0.0004461612495309389,2.6381986530637797e-05,False,True,True
b_kinetic_time_course_04,kinetic_time_course,0.0002814149733686769,0.0008209381208123391,0.0005395231474436622,False,True,True
b_kinetic_time_course_05,kinetic_time_course,0.0011356614277832887,0.0011099421472255224,-2.5719280557766257e-05,True,False,False
b_kinetic_time_course_06,kinetic_time_course,0.0013238692701798937,0.0006657198528024404,-0.0006581494173774534,True,True,True
b_kinetic_time_course_07,kinetic_time_course,0.0006824439886991165,0.0004940308520376847,-0.00018841313666143186,True,True,True
b_kinetic_time_course_08,kinetic_time_course,0.0002671051686714225,0.001660050275616823,0.0013929451069454005,False,True,True
b_kinetic_time_course_09,kinetic_time_course,0.0007559972837484749,0.0009707639896370346,0.00021476670588855965,False,True,True
b_kinetic_time_course_10,kinetic_time_course,0.0015952075928321646,0.0008007145114588075,-0.0007944930813733571,True,True,True
c_uv_vis_01,UV_Vis,0.0007508702779373595,0.0008758709348786137,0.00012500065694125422,False,True,True
c_uv_vis_02,UV_Vis,0.0005314140575749008,0.0010650191428358557,0.0005336050852609549,False,False,False
c_uv_vis_03,UV_Vis,0.0006204277947326896,0.0006705600851443865,5.01322904116969e-05,False,True,True
c_uv_vis_04,UV_Vis,0.0006196901146986575,0.0005071513611133576,-0.00011253875358529987,True,True,True
c_uv_vis_05,UV_Vis,0.2609184775134046,0.0003477584335804998,-0.2605707190798241,True,False,True
c_uv_vis_06,UV_Vis,0.0005556892972789071,0.0007250428446410573,0.0001693535473621502,False,True,False
c_uv_vis_07,UV_Vis,0.0005244802847879041,0.00046316108970452795,-6.131919508337616e-05,True,False,False
c_uv_vis_08,UV_Vis,0.00021937250952516117,0.00021075933617338354,-8.613173351777628e-06,True,False,False
c_uv_vis_09,UV_Vis,0.0007360161934253384,0.0005051959481933205,-0.00023082024523201792,True,False,False
c_uv_vis_10,UV_Vis,0.00035558353679448075,0.0016448348549240482,0.0012892513181295673,False,True,True
d_raman_01,Raman,0.00018073348031024284,0.0002475425740977723,6.680909378752948e-05,False,True,True
d_raman_02,Raman,0.0003395714524033042,0.0002762250929295995,-6.33463594737047e-05,True,True,True
d_raman_03,Raman,0.0006289589521429415,0.0007611488815331175,0.00013218992939017593,False,True,True
d_raman_04,Raman,0.0009883327500927054,0.0005423631710581299,-0.00044596957903457544,True,True,True
d_raman_05,Raman,0.0008282966372302363,0.10648744540600555,0.10565914876877532,False,False,False
d_raman_06,Raman,0.01492518439797659,0.013681434991307244,-0.0012437494066693464,True,False,False
d_raman_07,Raman,0.0003028336976203527,0.0008481674815675466,0.0005453337839471939,False,True,True
d_raman_08,Raman,0.0014274680230917031,0.0023916144359092434,0.0009641464128175403,False,False,False
d_raman_09,Raman,0.00040601079565109817,0.0007797869060823103,0.0003737761104312121,False,True,True
d_raman_10,Raman,0.0005138477505353457,0.0005241265869336518,1.027883639830615e-05,False,False,False
e_xrd_01,XRD,0.0020833359234362927,0.001860899555806661,-0.00022243636762963172,True,True,True
e_xrd_02,XRD,0.0019475230591904078,0.0018354590723923835,-0.00011206398679802429,True,False,True
e_xrd_03,XRD,0.004489870128574723,0.004287359239972026,-0.000202510888602697,True,False,False
e_xrd_04,XRD,0.0016555201189969223,0.002528322523102894,0.0008728024041059716,False,False,False
e_xrd_05,XRD,0.0019247393017403046,0.0019511000526961219,2.636075095581729e-05,False,True,True
e_xrd_06,XRD,0.0020066051310278724,0.0018319850241918616,-0.00017462010683601085,True,True,True
e_xrd_07,XRD,0.0030611549909832694,0.0036816757410119555,0.0006205207500286861,False,False,False
e_xrd_08,XRD,0.0016235245044860318,0.0015056827570304342,-0.00011784174745559767,True,False,False
e_xrd_09,XRD,0.010237212550972047,0.007449306818127123,-0.002787905732844924,True,False,False
e_xrd_10,XRD,0.0037457316604939273,0.003370104186021119,-0.00037562747447280817,True,False,False
f_gc_trace_01,GC_trace,0.00036971782651845083,0.0008611521505964113,0.0004914343240779604,False,True,True
f_gc_trace_02,GC_trace,0.0018932717896756753,0.0005799960112494784,-0.0013132757784261968,True,False,False
f_gc_trace_03,GC_trace,0.00023166527624705012,0.00023166527624728304,2.329137317041985e-16,False,False,False
f_gc_trace_04,GC_trace,0.00029222936593409354,0.00048397746340132775,0.0001917480974672342,False,True,True
f_gc_trace_05,GC_trace,0.00021822103627757914,0.00038727822957104123,0.0001690571932934621,False,False,False
f_gc_trace_06,GC_trace,0.013847759949136436,0.011590047274638431,-0.0022577126744980046,True,False,False
f_gc_trace_07,GC_trace,5.044449441082338e-05,0.0005838330967652361,0.0005333886023544128,False,False,False
f_gc_trace_08,GC_trace,0.0002744841403810188,0.000670864299114549,0.00039638015873353017,False,True,True
f_gc_trace_09,GC_trace,0.00016472541774049796,0.00016472541774049796,0.0,False,False,False
f_gc_trace_10,GC_trace,0.0008779721680433082,0.0006706631968607223,-0.00020730897118258586,True,False,False
