series,raman_shift_cm-1,intensity_au
sample,400.0,80.0
sample,401.40093395597063,80.0
sample,402.8018679119413,80.0
sample,404.20280186791194,80.0
sample,405.6037358238826,80.0
sample,407.00466977985326,80.0
sample,408.4056037358239,80.0
sample,409.8065376917945,80.0
sample,411.2074716477652,80.0
sample,412.60840560373583,80.0
sample,414.00933955970646,80.0
sample,415.4102735156771,80.0
sample,416.8112074716478,80.0
sample,418.2121414276184,80.0
sample,419.61307538358903,80.0
sample,421.0140093395597,80.0
sample,422.41494329553035,80.0
sample,423.815877251501,80.0
sample,425.21681120747166,80.0
sample,426.6177451634423,80.0
sample,428.0186791194129,80.0
sample,429.4196130753836,80.0
sample,430.82054703135424,80.0
sample,432.22148098732487,80.0
sample,433.62241494329555,80.0
sample,435.0233488992662,80.0
sample,436.4242828552368,80.0
sample,437.8252168112075,80.0
sample,439.2261507671781,80.0
sample,440.62708472314876,80.0
sample,442.02801867911944,80.0
sample,443.42895263509007,80.0
sample,444.8298865910607,80.0
sample,446.2308205470314,80.0
sample,447.631754503002,80.0
sample,449.03268845897264,80.0
sample,450.4336224149433,80.0
sample,451.83455637091396,80.0
sample,453.2354903268846,80.0
sample,454.6364242828552,80.0
sample,456.0373582388259,80.0
sample,457.43829219479653,80.0
sample,458.83922615076716,80.0
sample,460.24016010673785,80.0
sample,461.6410940627085,80.0
sample,463.0420280186791,80.0
sample,464.44296197464973,80.0
sample,465.8438959306204,80.0
sample,467.24482988659105,80.0
sample,468.6457638425617,80.0
sample,470.04669779853236,80.0
sample,471.447631754503,80.0
sample,472.8485657104736,80.0
sample,474.2494996664443,80.0
sample,475.65043362241494,80.0
sample,477.05136757838557,80.0
sample,478.45230153435625,80.0
sample,479.8532354903269,80.0
sample,481.2541694462975,80.0
sample,482.6551034022682,80.0
sample,484.0560373582388,80.0
sample,485.45697131420945,80.0
sample,486.85790527018014,80.0
sample,488.25883922615077,80.0
sample,489.6597731821214,80.0
sample,491.0607071380921,80.0
sample,492.4616410940627,80.0
sample,493.86257505003334,80.0
sample,495.263509006004,80.0
sample,496.66444296197466,80.0
sample,498.0653769179453,80.0
sample,499.466310873916,80.0
sample,500.8672448298866,80.0
sample,502.26817878585723,80.0
sample,503.6691127418279,80.0
sample,505.07004669779855,80.0
sample,506.4709806537692,80.0
sample,507.8719146097398,80.0
sample,509.2728485657105,80.0
sample,510.6737825216811,80.0
sample,512.0747164776518,80.0
sample,513.4756504336224,80.0
sample,514.8765843895931,80.0
sample,516.2775183455637,80.0
sample,517.6784523015343,80.0
sample,519.079386257505,80.0
sample,520.4803202134757,80.0
sample,521.8812541694463,80.0
sample,523.282188125417,80.0
sample,524.6831220813876,80.0
sample,526.0840560373582,80.0
sample,527.4849899933289,80.0
sample,528.8859239492995,80.0
sample,530.2868579052702,80.0
sample,531.6877918612408,80.0
sample,533.0887258172115,80.0
sample,534.4896597731821,80.0
sample,535.8905937291528,80.0
sample,537.2915276851234,80.0
sample,538.692461641094,80.0
sample,540.0933955970647,80.0
sample,541.4943295530354,80.0
sample,542.895263509006,80.0
sample,544.2961974649767,80.0
sample,545.6971314209472,80.0
sample,547.0980653769179,80.0
sample,548.4989993328886,80.0
sample,549.8999332888593,80.0
sample,551.3008672448299,80.0
sample,552.7018012008006,80.0
sample,554.1027351567711,80.0
sample,555.5036691127418,80.0
sample,556.9046030687125,80.0
sample,558.3055370246832,80.0
sample,559.7064709806538,80.0
sample,561.1074049366244,80.0
sample,562.508338892595,80.0
sample,563.9092728485657,80.0
sample,565.3102068045364,80.0
sample,566.711140760507,80.0
sample,568.1120747164777,80.0
sample,569.5130086724483,80.0
sample,570.9139426284189,80.0
sample,572.3148765843896,80.0
sample,573.7158105403603,80.0
sample,575.1167444963309,80.0
sample,576.5176784523015,80.0
sample,577.9186124082721,80.0
sample,579.3195463642428,80.0
sample,580.7204803202135,80.0
sample,582.1214142761842,80.0
sample,583.5223482321547,80.0
sample,584.9232821881254,80.0
sample,586.324216144096,80.0
sample,587.7251501000667,80.0
sample,589.1260840560374,80.0
sample,590.527018012008,80.0
sample,591.9279519679786,80.0
sample,593.3288859239493,80.0
sample,594.7298198799199,80.0
sample,596.1307538358906,80.0
sample,597.5316877918613,80.0
sample,598.932621747832,80.0
sample,600.3335557038025,80.0
sample,601.7344896597732,80.0
sample,603.1354236157438,80.0
sample,604.5363575717145,80.0
sample,605.9372915276851,80.0
sample,607.3382254836558,80.0
sample,608.7391594396264,80.0
sample,610.1400933955971,80.0
sample,611.5410273515677,80.0
sample,612.9419613075383,80.0
sample,614.342895263509,80.0
sample,615.7438292194796,80.0
sample,617.1447631754503,80.0
sample,618.545697131421,80.0
sample,619.9466310873916,80.0
sample,621.3475650433622,80.0
sample,622.7484989993329,80.0
sample,624.1494329553035,80.0
sample,625.5503669112742,80.0
sample,626.9513008672449,80.0
sample,628.3522348232154,80.0
sample,629.7531687791861,80.0
sample,631.1541027351568,80.0
sample,632.5550366911274,80.0
sample,633.9559706470981,80.0
sample,635.3569046030686,80.0
sample,636.7578385590393,80.0
sample,638.15877251501,80.0
sample,639.5597064709807,80.0
sample,640.9606404269513,80.0
sample,642.361574382922,80.0
sample,643.7625083388925,80.0
sample,645.1634422948632,80.0
sample,646.5643762508339,80.0
sample,647.9653102068046,80.0
sample,649.3662441627752,80.0
sample,650.7671781187458,80.0
sample,652.1681120747164,80.0
sample,653.5690460306871,80.0
sample,654.9699799866578,80.0
sample,656.3709139426285,80.0
sample,657.771847898599,80.0
sample,659.1727818545697,80.0
sample,660.5737158105403,80.0
sample,661.974649766511,80.0
sample,663.3755837224817,80.0
sample,664.7765176784524,80.0
sample,666.1774516344229,80.0
sample,667.5783855903935,80.0
sample,668.9793195463642,80.0
sample,670.3802535023349,80.0
sample,671.7811874583056,80.0
sample,673.1821214142763,80.0
sample,674.5830553702468,80.0
sample,675.9839893262174,80.00000000000001
sample,677.3849232821881,80.00000000000001
sample,678.7858572381588,80.00000000000001
sample,680.1867911941295,80.00000000000003
sample,681.5877251501001,80.00000000000003
sample,682.9886591060707,80.00000000000004
sample,684.3895930620413,80.00000000000007
sample,685.790527018012,80.0000000000001
sample,687.1914609739827,80.00000000000013
sample,688.5923949299533,80.00000000000018
sample,689.9933288859239,80.00000000000026
sample,691.3942628418946,80.00000000000036
sample,692.7951967978652,80.0000000000005
sample,694.1961307538359,80.0000000000007
sample,695.5970647098065,80.00000000000097
sample,696.9979986657772,80.00000000000134
sample,698.3989326217478,80.00000000000185
sample,699.7998665777185,80.00000000000254
sample,701.2008005336891,80.0000000000035
sample,702.6017344896597,80.0000000000048
sample,704.0026684456304,80.0000000000066
sample,705.4036024016011,80.00000000000904
sample,706.8045363575717,80.00000000001236
sample,708.2054703135424,80.00000000001688
sample,709.606404269513,80.00000000002302
sample,711.0073382254836,80.00000000003133
sample,712.4082721814543,80.00000000004259
sample,713.809206137425,80.00000000005778
sample,715.2101400933956,80.00000000007829
sample,716.6110740493663,80.00000000010589
sample,718.0120080053368,80.00000000014299
sample,719.4129419613075,80.00000000019278
sample,720.8138759172782,80.0000000002595
sample,722.2148098732489,80.00000000034876
sample,723.6157438292195,80.00000000046796
sample,725.01667778519,80.0000000006269
sample,726.4176117411607,80.00000000083848
sample,727.8185456971314,80.00000000111967
sample,729.2194796531021,80.00000000149277
sample,730.6204136090728,80.000000001987
sample,732.0213475650434,80.00000000264065
sample,733.4222815210139,80.00000000350369
sample,734.8232154769846,80.00000000464134
sample,736.2241494329553,80.00000000613856
sample,737.625083388926,80.00000000810579
sample,739.0260173448967,80.00000001068628
sample,740.4269513008672,80.00000001406575
sample,741.8278852568378,80.0000000184843
sample,743.2288192128085,80.000000024252
sample,744.6297531687792,80.00000003176847
sample,746.0306871247499,80.0000000415479
sample,747.4316210807204,80.0000000542508
sample,748.8325550366911,80.00000007072411
sample,750.2334889926617,80.00000009205195
sample,751.6344229486324,80.0000001196197
sample,753.0353569046031,80.0000001551946
sample,754.4362908605738,80.00000020102715
sample,755.8372248165443,80.00000025997824
sample,757.238158772515,80.00000033567848
sample,758.6390927284856,80.00000043272722
sample,760.0400266844563,80.0000005569409
sample,761.440960640427,80.00000071566244
sample,762.8418945963977,80.00000091814555
sample,764.2428285523682,80.00000117603173
sample,765.6437625083389,80.00000150394084
sample,767.0446964643095,80.00000192020087
sample,768.4456304202802,80.0000024477484
sample,769.8465643762509,80.000003115237
sample,771.2474983322215,80.00000395839938
sample,772.6484322881921,80.00000502171807
sample,774.0493662441627,80.00000636047055
sample,775.4503002001334,80.00000804322777
sample,776.851234156104,80.0000101549009
sample,778.2521681120747,80.0000128004493
sample,779.6531020680454,80.00001610938418
sample,781.054036024016,80.00002024122841
sample,782.4549699799866,80.00002539212188
sample,783.8559039359573,80.00003180279751
sample,785.256837891928,80.00003976819279
sample,786.6577718478986,80.00004964900948
sample,788.0587058038693,80.00006188558822
sample,789.4596397598399,80.00007701452827
sample,790.8605737158105,80.00009568855529
sample,792.2615076717811,80.00011870022371
sample,793.6624416277518,80.00014701013586
sample,795.0633755837225,80.00018178047016
sample,796.4643095396932,80.00022441473422
sample,797.8652434956638,80.00027660480171
sample,799.2661774516343,80.00034038645065
sample,800.667111407605,80.00041820480263
sample,802.0680453635757,80.00051299126454
sample,803.4689793195464,80.00062825380297
sample,804.869913275517,80.0007681826342
sample,806.2708472314877,80.00093777369607
sample,807.6717811874582,80.00114297257981
sample,809.0727151434289,80.00139084194525
sample,810.4736490993996,80.00168975582146
sample,811.8745830553703,80.00204962460874
sample,813.2755170113409,80.00248215504915
sample,814.6764509673116,80.00300114991987
sample,816.0773849232821,80.00362285273023
sample,817.4783188792528,80.00436634326593
sample,818.8792528352235,80.00525399042274
sample,820.2801867911942,80.00631196940694
sample,821.6811207471648,80.00757085104395
sample,823.0820547031354,80.0090662716304
sample,824.482988659106,80.01083969247962
sample,825.8839226150767,80.01293925904142
sample,827.2848565710474,80.01542077021489
sample,828.6857905270181,80.01834876920722
sample,830.0867244829886,80.02179776801084
sample,831.4876584389592,80.02585361826115
sample,832.8885923949299,80.03061504187995
sample,834.2895263509006,80.03619533548863
sample,835.6904603068713,80.04272426306693
sample,837.091394262842,80.05035015171545
sample,838.4923282188125,80.05924220562538
sample,839.8932621747831,80.06959305343979
sample,841.2941961307538,80.08162154407493
sample,842.6951300867245,80.09557580572536
sample,844.0960640426952,80.11173658216715
sample,845.4969979986658,80.13042085956313
sample,846.8979319546364,80.15198579572422
sample,848.298865910607,80.17683296215476
sample,849.6997998665777,80.2054129071666
sample,851.1007338225484,80.23823004585093
sample,852.501667778519,80.27584787971217
sample,853.9026017344897,80.31889454525947
sample,855.3035356904603,80.36806868679199
sample,856.7044696464309,80.42414564397679
sample,858.1054036024016,80.48798393958526
sample,859.5063375583723,80.56053204691422
sample,860.9072715143429,80.64283540996993
sample,862.3082054703135,80.73604368244308
sample,863.7091394262842,80.8414181438734
sample,865.1100733822548,80.96033924322431
sample,866.5110073382255,81.09431421141186
sample,867.9119412941961,81.2449846752182
sample,869.3128752501668,81.4141341955545
sample,870.7138092061374,81.60369564331427
sample,872.1147431621081,81.81575831620009
sample,873.5156771180787,82.05257469004599
sample,874.9166110740493,82.31656668845756
sample,876.31754503002,82.61033134522069
sample,877.7184789859907,82.9366457250904
sample,879.1194129419613,83.29847096046808
sample,880.520346897932,83.6989552543406
sample,881.9212808539025,84.14143569392674
sample,883.3222148098732,84.62943871500757
sample,884.7231487658439,85.16667905416365
sample,886.1240827218146,85.75705702536744
sample,887.5250166777852,86.4046539588393
sample,888.9259506337557,87.11372564402568
sample,890.3268845897264,87.88869362523407
sample,891.7278185456971,88.73413420808407
sample,893.1287525016678,89.6547650477
sample,894.5296864576385,90.6554292056377
sample,895.9306204136091,91.74107658203185
sample,897.3315543695796,92.91674265244018
sample,898.7324883255503,94.1875244653681
sample,900.133422281521,95.55855388644328
sample,901.5343562374917,97.03496810856024
sample,902.9352901934624,98.62187748385166
sample,904.336224149433,100.32433077280369
sample,905.7371581054035,102.14727794787632
sample,907.1380920613742,104.09553073318611
sample,908.5390260173449,106.17372110764973
sample,909.9399599733156,108.3862580458741
sample,911.3408939292862,110.73728281832639
sample,912.7418278852568,113.2306232191817
sample,914.1427618412275,115.86974713587945
sample,915.5436957971981,118.657715917956
sample,916.9446297531688,121.5971380431908
sample,918.3455637091395,124.6901236155487
sample,919.74649766511,127.93824026081924
sample,921.1474316210807,131.3424710112251
sample,922.5483655770514,134.90317478862403
sample,923.949299533022,138.6200501063135
sample,925.3502334889927,142.49210261095632
sample,926.7511674449632,146.5176170779916
sample,928.1521014009339,150.69413445539288
sample,929.5530353569046,155.01843452118317
sample,930.9539693128752,159.48652467937723
sample,932.3549032688459,164.09363536671754
sample,933.7558372248166,168.83422247872008
sample,935.1567711807871,173.70197714837047
sample,936.5577051367578,178.68984312471835
sample,937.9586390927285,183.79004190234957
sample,939.3595730486991,188.99410564723237
sample,940.7605070046698,194.29291785092778
sample,942.1614409606404,199.67676152514954
sample,943.562374916611,205.13537462389084
sample,944.9633088725817,210.65801225274964
sample,946.3642428285524,216.23351509690042
sample,947.765176784523,221.85038337275768
sample,949.1661107404937,227.4968554862433
sample,950.5670446964643,233.1609904653689
sample,951.9679786524349,238.83075312926914
sample,953.3689126084056,244.49410086252286
sample,954.7698465643763,250.13907078525108
sample,956.1707805203469,255.75386604859534
sample,957.5717144763175,261.32693994405753
sample,958.9726484322882,266.8470764959316
sample,960.3735823882588,272.3034662104506
sample,961.7745163442295,277.68577568464474
sample,963.1754503002002,282.98420983324337
sample,964.5763842561707,288.189565573705
sample,965.9773182121414,293.2932759174863
sample,967.3782521681121,298.28744354934975
sample,968.7791861240827,303.16486313458233
sample,970.1801200800534,307.9190317745427
sample,971.581054036024,312.54414723153315
sample,972.9819879919946,317.03509376151175
sample,974.3829219479653,321.3874156239698
sample,975.783855903936,325.59727857829034
sample,977.1847898599066,329.66141992049734
sample,978.5857238158773,333.57708785853583
sample,979.9866577718478,337.34197126293776
sample,981.3875917278185,340.9541210575627
sample,982.7885256837892,344.4118647266549
sample,984.1894596397598,347.71371560449273
sample,985.5903935957305,350.8582787773079
sample,986.9913275517011,353.8441555592633
sample,988.3922615076717,356.6698486008865
sample,989.7931954636424,359.33366974585414
sample,991.1941294196131,361.8336527675916
sample,992.5950633755837,364.16747308878024
sample,993.9959973315543,366.33237651344535
sample,995.396931287525,368.3251188827942
sample,996.7978652434956,370.1419184033007
sample,998.1987991994663,371.7784221907354
sample,999.599733155437,373.22968832995684
sample,1001.0006671114076,374.490184471427
sample,1002.4016010673782,375.553803676582
sample,1003.8025350233489,376.41389789129624
sample,1005.2034689793195,377.0633290763513
sample,1006.6044029352902,377.49453766327576
sample,1008.0053368912609,377.69962764084806
sample,1009.4062708472314,377.6704672198689
sample,1010.8072048032021,377.3988036795161
sample,1012.2081387591728,376.87639067556256
sample,1013.6090727151434,376.09512599651316
sample,1015.0100066711141,375.04719749532273
sample,1016.4109406270848,373.72523470810256
sample,1017.8118745830553,372.12246350255003
sample,1019.212808539026,370.2328609821456
sample,1020.6137424949967,368.05130781071557
sample,1022.0146764509673,365.57373511774256
sample,1023.415610406938,362.79726319852614
sample,1024.8165443629086,359.72032933428574
sample,1026.2174783188793,356.3428022235469
sample,1027.61841227485,352.66608073439767
sample,1029.0193462308207,348.69317495288703
sample,1030.4202801867912,344.4287678103721
sample,1031.8212141427618,339.8792559153623
sample,1033.2221480987325,335.0527685860006
sample,1034.623082054703,329.9591644696537
sample,1036.0240160106737,324.6100055377973
sample,1037.4249499666444,319.01850864875894
sample,1038.825883922615,313.19947526925927
sample,1040.2268178785857,307.16920032974184
sample,1041.6277518345564,300.9453615500918
sample,1043.028685790527,294.5468909042395
sample,1044.4296197464978,287.99383018770095
sample,1045.8305537024683,281.30717290571863
sample,1047.231487658439,274.50869490674694
sample,1048.6324216144096,267.6207763432144
sample,1050.03335557038,260.6662176464988
sample,1051.4342895263508,253.66805225503705
sample,1052.8352234823215,246.64935883363532
sample,1054.2361574382921,239.63307566979532
sample,1055.6370913942628,232.64181983189474
sample,1057.0380253502335,225.69771352781976
sample,1058.4389593062042,218.82221991570378
sample,1059.8398932621749,212.03599039597978
sample,1061.2408272181456,205.3587251618378
sample,1062.641761174116,198.8090485096569
sample,1064.0426951300867,192.40440011856634
sample,1065.4436290860574,186.16094320563388
sample,1066.8445630420279,180.09349015674215
sample,1068.2454969979985,174.2154459294359
sample,1069.6464309539692,168.53876922875975
sample,1071.04736490994,163.07395117582865
sample,1072.4482988659106,157.83001092652518
sample,1073.8492328218813,152.81450745838595
sample,1075.250166777852,148.0335665309347
sample,1076.6511007338227,143.4919216410898
sample,1078.0520346897933,139.1929676426912
sample,1079.4529686457638,135.13882557874325
sample,1080.8539026017345,131.33041718697115
sample,1082.2548365577052,127.76754748336221
sample,1083.6557705136756,124.44899380339596
sample,1085.0567044696463,121.37259968508789
sample,1086.457638425617,118.53537200956366
sample,1087.8585723815877,115.93357987107964
sample,1089.2595063375584,113.5628537263588
sample,1090.660440293529,111.41828346962691
sample,1092.0613742494997,109.49451419158979
sample,1093.4623082054704,107.7858385044474
sample,1094.863242161441,106.28628444761328
sample,1096.2641761174116,104.98969812690903
sample,1097.6651100733823,103.88982038063031
sample,1099.0660440293527,102.98035690621963
sample,1100.4669779853234,102.25504141884137
sample,1101.867911941294,101.70769154568742
sample,1103.2688458972648,101.33225728545713
sample,1104.6697798532355,101.12286197959793
sample,1106.0707138092062,101.07383584931787
sample,1107.4716477651768,101.17974224920057
sample,1108.8725817211475,101.43539687387715
sample,1110.2735156771182,101.835880228347
sample,1111.6744496330887,102.37654373516641
sample,1113.0753835890594,103.05300990305385
sample,1114.47631754503,103.86116702190374
sample,1115.8772515010005,104.79715887935565
sample,1117.2781854569712,105.85737001463706
sample,1118.6791194129419,107.03840703721747
sample,1120.0800533689126,108.33707654177235
sample,1121.4809873248832,109.75036014796892
sample,1122.881921280854,111.27538718460914
sample,1124.2828552368246,112.90940552360824
sample,1125.6837891927953,114.64975105104601
sample,1127.084723148766,116.4938162409375
sample,1128.4856571047364,118.4390182732022
sample,1129.8865910607071,120.48276711126577
sample,1131.2875250166778,122.62243392740932
sample,1132.6884589726483,124.855320235946
sample,1134.089392928619,127.17862806595942
sample,1135.4903268845896,129.58943147707384
sample,1136.8912608405603,132.08464969382646
sample,1138.292194796531,134.6610221068537
sample,1139.6931287525017,137.31508536247077
sample,1141.0940627084724,140.0431527363726
sample,1142.494996664443,142.84129596215985
sample,1143.8959306204138,145.70532966119524
sample,1145.2968645763842,148.63079849687512
sample,1146.697798532355,151.6129671537174
sample,1148.0987324883254,154.64681321961692
sample,1149.499666444296,157.72702302817754
sample,1150.9006004002667,160.8479904970306
sample,1152.3015343562374,164.0038189775281
sample,1153.702468312208,167.18832611098094
sample,1155.1034022681788,170.39505166674238
sample,1156.5043362241495,173.61726831782607
sample,1157.9052701801202,176.84799529041675
sample,1159.3062041360909,180.08001480458174
sample,1160.7071380920613,183.30589120476083
sample,1162.108072048032,186.51799266025932
sample,1163.5090060040027,189.70851529805486
sample,1164.9099399599731,192.86950961288835
sample,1166.3108739159438,195.9929089828987
sample,1167.7118078719145,199.07056010314753
sample,1169.1127418278852,202.09425513440462
sample,1170.513675783856,205.0557653506246
sample,1171.9146097398266,207.94687605584647
sample,1173.3155436957973,210.75942252990177
sample,1174.716477651768,213.48532675248453
sample,1176.1174116077386,216.116634646957
sample,1177.518345563709,218.6455535788666
sample,1178.9192795196798,221.06448983965583
sample,1180.3202134756505,223.36608584354826
sample,1181.721147431621,225.543256765203
sample,1183.1220813875916,227.58922634746978
sample,1184.5230153435623,229.49756161252594
sample,1185.923949299533,231.26220621584878
sample,1187.3248832555037,232.8775121908351
sample,1188.7258172114744,234.3382698424399
sample,1190.126751167445,235.63973556087328
sample,1191.5276851234157,236.77765734110662
sample,1192.9286190793864,237.7482978105791
sample,1194.3295530353569,238.54845458593917
sample,1195.7304869913276,239.17547779974274
sample,1197.1314209472982,239.62728465958594
sample,1198.5323549032687,239.9023709249904
sample,1199.9332888592394,239.9998192112561
sample,1201.33422281521,239.91930405424011
sample,1202.7351567711808,239.66109369537028
sample,1204.1360907271514,239.22604857190666
sample,1205.5370246831221,238.615616523285
sample,1206.9379586390928,237.83182475005185
sample,1208.3388925950635,236.87726858718372
sample,1209.739826551034,235.75509717822752
sample,1211.1407605070046,234.46899616045852
sample,1212.5416944629753,233.02316749390866
sample,1213.9426284189458,231.4223065884376
sample,1215.3435623749165,229.67157690281567
sample,1216.7444963308872,227.7765822078769
sample,1218.1454302868578,225.7433367219966
sample,1219.5463642428285,223.57823334135088
sample,1220.9472981987992,221.28801019946417
sample,1222.34823215477,218.87971580038254
sample,1223.7491661107406,216.36067297734525
sample,1225.1501000667113,213.73844193402275
sample,1226.5510340226817,211.02078262823824
sample,1227.9519679786524,208.21561675859095
sample,1229.352901934623,205.33098961261302
sample,1230.7538358905936,202.37503203103353
sample,1232.1547698465642,199.35592273653964
sample,1233.555703802535,196.28185126717221
sample,1234.9566377585056,193.16098174430599
sample,1236.3575717144763,190.00141769322397
sample,1237.758505670447,186.81116812071167
sample,1239.1594396264177,183.59811503908122
sample,1240.5603735823884,180.3699826097582
sample,1241.961307538359,177.13430806222385
sample,1243.3622414943295,173.89841452590525
sample,1244.7631754503002,170.669385893742
sample,1246.1641094062709,167.45404381685915
sample,1247.5650433622413,164.25892691020144
sample,1248.965977318212,161.09027222939199
sample,1250.3669112741827,157.95399905962358
sample,1251.7678452301534,154.85569503825133
sample,1253.168779186124,151.8006046141576
sample,1254.5697131420948,148.7936198290093
sample,1255.9706470980655,145.83927338840988
sample,1257.3715810540361,142.94173397478988
sample,1258.7725150100066,140.10480373879594
sample,1260.1734489659773,137.33191789203588
sample,1261.574382921948,134.62614631141304
sample,1262.9753168779184,131.99019705396879
sample,1264.3762508338891,129.42642167125547
sample,1265.7771847898598,126.93682220376895
sample,1267.1781187458305,124.52305972890561
sample,1268.5790527018012,122.18646433030479
sample,1269.9799866577719,119.92804635223598
sample,1271.3809206137425,117.74850879988789
sample,1272.7818545697132,115.64826074496345
sample,1274.182788525684,113.62743159582286
sample,1275.5837224816544,111.68588609248002
sample,1276.984656437625,109.82323988897095
sample,1278.3855903935957,108.03887558889483
sample,1279.7865243495662,106.33195910416964
sample,1281.187458305537,104.7014562121795
sample,1282.5883922615076,103.1461491923918
sample,1283.9893262174783,101.66465343008855
sample,1285.390260173449,100.25543388200731
sample,1286.7911941294196,98.9168213062875
sample,1288.1921280853903,97.64702816708498
sample,1289.593062041361,96.44416413244784
sample,1290.9939959973317,95.30625109243685
sample,1292.3949299533022,94.23123763294181
sample,1293.7958639092728,93.21701290909496
sample,1295.1967978652435,92.26141987054454
sample,1296.597731821214,91.36226779903463
sample,1297.9986657771847,90.51734412669596
sample,1299.3995997331554,89.72442551110987
sample,1300.800533689126,88.98128815051271
sample,1302.2014676450967,88.28571732942916
sample,1303.6024016010674,87.63551619150554
sample,1305.003335557038,87.02851374233865
sample,1306.4042695130088,86.46257209063673
sample,1307.8052034689795,85.93559294108898
sample,1309.20613742495,85.44552335685124
sample,1310.6070713809206,84.99036081357335
sample,1312.008005336891,84.56815757040329
sample,1313.4089392928618,84.17702438640578
sample,1314.8098732488324,83.81513361335227
sample,1316.2108072048031,83.48072169787734
sample,1317.6117411607738,83.172091127588
sample,1319.0126751167445,82.88761185686943
sample,1320.4136090727152,82.62572224888595
sample,1321.8145430286859,82.38492957065463
sample,1323.2154769846566,82.1638100781006
sample,1324.616410940627,81.96100872772006
sample,1326.0173448965977,81.77523855090743
sample,1327.4182788525684,81.60527972618218
sample,1328.8192128085389,81.44997838350504
sample,1330.2201467645095,81.3082451736393
sample,1331.6210807204802,81.17905363411401
sample,1333.022014676451,81.0614383818153
sample,1334.4229486324216,80.9544931605965
sample,1335.8238825883923,80.85736877058021
sample,1337.224816544363,80.76927090405418
sample,1338.6257505003337,80.68945791105693
sample,1340.0266844563043,80.61723851593084
sample,1341.4276184122748,80.55196950430695
sample,1342.8285523682455,80.49305339819607
sample,1344.2294863242162,80.4399361351059
sample,1345.6304202801866,80.3921047654005
sample,1347.0313542361573,80.34908518047453
sample,1348.432288192128,80.3104398827407
sample,1349.8332221480987,80.27576580693209
sample,1351.2341561040694,80.2446922008071
sample,1352.63509006004,80.21687857201745
sample,1354.0360240160107,80.19201270666365
sample,1355.4369579719814,80.16980876391659
sample,1356.8378919279521,80.15000545003176
sample,1358.2388258839226,80.13236427412119
sample,1359.6397598398933,80.11666788717763
sample,1361.040693795864,80.10271850506297
sample,1362.4416277518344,80.09033641547542
sample,1363.842561707805,80.07935856829455
sample,1365.2434956637758,80.06963724816586
sample,1366.6444296197465,80.06103882772233
sample,1368.0453635757171,80.05344259944634
sample,1369.4462975316878,80.0467396838449
sample,1370.8472314876585,80.04083201134121
sample,1372.2481654436292,80.0356313750699
sample,1373.6490993995997,80.03105855159878
sample,1375.0500333555703,80.02704248647959
sample,1376.450967311541,80.02351954145223
sample,1377.8519012675115,80.02043280008384
sample,1379.2528352234822,80.01773142861448
sample,1380.6537691794529,80.01537008879866
sample,1382.0547031354236,80.01330839957451
sample,1383.4556370913942,80.01151044445503
sample,1384.856571047365,80.00994432161625
sample,1386.2575050033356,80.00858173375222
sample,1387.6584389593063,80.0073976148724
sample,1389.059372915277,80.0063697913328
sample,1390.4603068712474,80.00547867451402
sample,1391.8612408272181,80.00470698268609
sample,1393.2621747831888,80.00403948972937
sample,1394.6631087391593,80.00346279851188
sample,1396.06404269513,80.00296513685367
sample,1397.4649766511006,80.00253617413856
sample,1398.8659106070713,80.00216685676017
sample,1400.266844563042,80.00184926071327
sample,1401.6677785190127,80.00157645976132
sample,1403.0687124749834,80.00134240772643
sample,1404.469646430954,80.00114183355862
sample,1405.8705803869248,80.00097014794716
sample,1407.2715143428952,80.00082336033607
sample,1408.672448298866,80.0006980053013
sample,1410.0733822548366,80.00059107733547
sample,1411.474316210807,80.00049997316974
sample,1412.8752501667777,80.00042244084058
sample,1414.2761841227484,80.00035653478149
sample,1415.677118078719,80.0003005762871
sample,1417.0780520346898,80.00025311875982
sample,1418.4789859906605,80.00021291720621
sample,1419.8799199466312,80.00017890150353
sample,1421.2808539026018,80.00015015300517
sample,1422.6817878585723,80.00012588409824
sample,1424.082721814543,80.00010542036713
sample,1425.4836557705137,80.00008818505336
sample,1426.8845897264844,80.00007368553587
sample,1428.285523682455,80.0000615015862
sample,1429.6864576384255,80.00005127518007
sample,1431.0873915943962,80.00004270167177
sample,1432.4883255503669,80.00003552216019
sample,1433.8892595063376,80.00002951689464
sample,1435.2901934623083,80.0000244995873
sample,1436.691127418279,80.00002031251404
sample,1438.0920613742494,80.00001682230082
sample,1439.49299533022,80.00001391630434
sample,1440.8939292861908,80.00001149950768
sample,1442.2948632421615,80.0000094918613
sample,1443.6957971981321,80.0000078260087
sample,1445.0967311541028,80.00000644534362
sample,1446.4976651100733,80.00000530235292
sample,1447.898599066044,80.000004357205
sample,1449.2995330220147,80.00000357654885
sample,1450.7004669779853,80.00000293249403
sample,1452.101400933956,80.00000240174514
sample,1453.5023348899265,80.00000196486857
sample,1454.9032688458972,80.00000160567225
sample,1456.3042028018679,80.0000013106813
sample,1457.7051367578385,80.00000106869582
sample,1459.1060707138092,80.00000087041812
sample,1460.50700466978,80.00000070813905
sample,1461.9079386257504,80.00000057547436
sample,1463.308872581721,80.0000004671434
sample,1464.7098065376917,80.00000037878367
sample,1466.1107404936624,80.00000030679558
sample,1467.5116744496331,80.00000024821256
sample,1468.9126084056038,80.00000020059274
sample,1470.3135423615743,80.00000016192857
sample,1471.714476317545,80.00000013057155
sample,1473.1154102735156,80.00000010516965
sample,1474.5163442294863,80.00000008461534
sample,1475.917278185457,80.00000006800246
sample,1477.3182121414277,80.00000005459047
sample,1478.7191460973982,80.00000004377499
sample,1480.1200800533688,80.00000003506322
sample,1481.5210140093395,80.00000002805399
sample,1482.9219479653102,80.00000002242096
sample,1484.322881921281,80.00000001789907
sample,1485.7238158772516,80.00000001427327
sample,1487.124749833222,80.0000000113693
sample,1488.5256837891927,80.00000000904608
sample,1489.9266177451634,80.00000000718958
sample,1491.327551701134,80.00000000570775
sample,1492.7284856571048,80.00000000452629
sample,1494.1294196130755,80.00000000358538
sample,1495.530353569046,80.00000000283691
sample,1496.9312875250166,80.0000000022422
sample,1498.3322214809873,80.00000000177019
sample,1499.733155436958,80.00000000139597
sample,1501.1340893929287,80.00000000109966
sample,1502.5350233488994,80.00000000086527
sample,1503.9359573048698,80.00000000068009
sample,1505.3368912608405,80.00000000053394
sample,1506.7378252168112,80.00000000041874
sample,1508.1387591727819,80.00000000032801
sample,1509.5396931287526,80.00000000025668
sample,1510.940627084723,80.00000000020061
sample,1512.3415610406937,80.00000000015663
sample,1513.7424949966644,80.00000000012216
sample,1515.143428952635,80.00000000009516
sample,1516.5443629086058,80.00000000007405
sample,1517.9452968645764,80.00000000005755
sample,1519.346230820547,80.0000000000447
sample,1520.7471647765176,80.00000000003466
sample,1522.1480987324883,80.00000000002684
sample,1523.549032688459,80.00000000002078
sample,1524.9499666444297,80.00000000001606
sample,1526.3509006004003,80.0000000000124
sample,1527.7518345563708,80.00000000000956
sample,1529.1527685123415,80.00000000000736
sample,1530.5537024683122,80.00000000000567
sample,1531.9546364242829,80.00000000000436
sample,1533.3555703802535,80.00000000000334
sample,1534.7565043362242,80.00000000000257
sample,1536.1574382921947,80.00000000000196
sample,1537.5583722481654,80.0000000000015
sample,1538.959306204136,80.00000000000115
sample,1540.3602401601067,80.00000000000088
sample,1541.7611741160774,80.00000000000067
sample,1543.162108072048,80.00000000000051
sample,1544.5630420280186,80.00000000000038
sample,1545.9639759839893,80.0000000000003
sample,1547.36490993996,80.00000000000023
sample,1548.7658438959306,80.00000000000017
sample,1550.1667778519013,80.00000000000013
sample,1551.567711807872,80.0000000000001
sample,1552.9686457638425,80.00000000000007
sample,1554.3695797198131,80.00000000000006
sample,1555.7705136757838,80.00000000000004
sample,1557.1714476317545,80.00000000000003
sample,1558.5723815877252,80.00000000000003
sample,1559.9733155436957,80.00000000000001
sample,1561.3742494996663,80.00000000000001
sample,1562.775183455637,80.00000000000001
sample,1564.1761174116077,80.00000000000001
sample,1565.5770513675784,80.0
sample,1566.977985323549,80.0
sample,1568.3789192795196,80.0
sample,1569.7798532354902,80.0
sample,1571.180787191461,80.0
sample,1572.5817211474316,80.0
sample,1573.9826551034023,80.0
sample,1575.383589059373,80.0
sample,1576.7845230153434,80.0
sample,1578.1854569713141,80.0
sample,1579.5863909272848,80.0
sample,1580.9873248832555,80.0
sample,1582.3882588392262,80.0
sample,1583.7891927951969,80.0
sample,1585.1901267511673,80.0
sample,1586.591060707138,80.0
sample,1587.9919946631087,80.0
sample,1589.3929286190794,80.0
sample,1590.79386257505,80.0
sample,1592.1947965310208,80.0
sample,1593.5957304869912,80.0
sample,1594.996664442962,80.0
sample,1596.3975983989326,80.0
sample,1597.7985323549033,80.0
sample,1599.199466310874,80.0
sample,1600.6004002668446,80.0
sample,1602.001334222815,80.0
sample,1603.4022681787858,80.0
sample,1604.8032021347565,80.0
sample,1606.2041360907272,80.0
sample,1607.6050700466978,80.0
sample,1609.0060040026685,80.0
sample,1610.406937958639,80.0
sample,1611.8078719146097,80.0
sample,1613.2088058705804,80.0
sample,1614.609739826551,80.0
sample,1616.0106737825217,80.0
sample,1617.4116077384922,80.0
sample,1618.8125416944629,80.0
sample,1620.2134756504336,80.0
sample,1621.6144096064043,80.0
sample,1623.015343562375,80.0
sample,1624.4162775183456,80.0
sample,1625.817211474316,80.0
sample,1627.2181454302868,80.0
sample,1628.6190793862575,80.0
sample,1630.0200133422281,80.0
sample,1631.4209472981988,80.0
sample,1632.8218812541695,80.0
sample,1634.22281521014,80.0
sample,1635.6237491661107,80.0
sample,1637.0246831220813,80.0
sample,1638.425617078052,80.0
sample,1639.8265510340227,80.0
sample,1641.2274849899934,80.0
sample,1642.6284189459639,80.0
sample,1644.0293529019345,80.0
sample,1645.4302868579052,80.0
sample,1646.831220813876,80.0
sample,1648.2321547698466,80.0
sample,1649.6330887258173,80.0
sample,1651.0340226817877,80.0
sample,1652.4349566377584,80.0
sample,1653.8358905937291,80.0
sample,1655.2368245496998,80.0
sample,1656.6377585056705,80.0
sample,1658.0386924616412,80.0
sample,1659.4396264176116,80.0
sample,1660.8405603735823,80.0
sample,1662.241494329553,80.0
sample,1663.6424282855237,80.0
sample,1665.0433622414944,80.0
sample,1666.444296197465,80.0
sample,1667.8452301534355,80.0
sample,1669.2461641094062,80.0
sample,1670.647098065377,80.0
sample,1672.0480320213476,80.0
sample,1673.4489659773183,80.0
sample,1674.8498999332887,80.0
sample,1676.2508338892594,80.0
sample,1677.65176784523,80.0
sample,1679.0527018012008,80.0
sample,1680.4536357571715,80.0
sample,1681.8545697131422,80.0
sample,1683.2555036691126,80.0
sample,1684.6564376250833,80.0
sample,1686.057371581054,80.0
sample,1687.4583055370247,80.0
sample,1688.8592394929954,80.0
sample,1690.260173448966,80.0
sample,1691.6611074049365,80.0
sample,1693.0620413609072,80.0
sample,1694.4629753168779,80.0
sample,1695.8639092728486,80.0
sample,1697.2648432288192,80.0
sample,1698.66577718479,80.0
sample,1700.0667111407604,80.0
sample,1701.467645096731,80.0
sample,1702.8685790527018,80.0
sample,1704.2695130086724,80.0
sample,1705.6704469646431,80.0
sample,1707.0713809206138,80.0
sample,1708.4723148765843,80.0
sample,1709.873248832555,80.0
sample,1711.2741827885256,80.0
sample,1712.6751167444963,80.0
sample,1714.076050700467,80.0
sample,1715.4769846564377,80.0
sample,1716.8779186124082,80.0
sample,1718.2788525683789,80.0
sample,1719.6797865243495,80.0
sample,1721.0807204803202,80.0
sample,1722.481654436291,80.0
sample,1723.8825883922616,80.0
sample,1725.283522348232,80.0
sample,1726.6844563042027,80.0
sample,1728.0853902601734,80.0
sample,1729.486324216144,80.0
sample,1730.8872581721148,80.0
sample,1732.2881921280853,80.0
sample,1733.689126084056,80.0
sample,1735.0900600400266,80.0
sample,1736.4909939959973,80.0
sample,1737.891927951968,80.0
sample,1739.2928619079387,80.0
sample,1740.6937958639091,80.0
sample,1742.0947298198798,80.0
sample,1743.4956637758505,80.0
sample,1744.8965977318212,80.0
sample,1746.297531687792,80.0
sample,1747.6984656437626,80.0
sample,1749.099399599733,80.0
sample,1750.5003335557037,80.0
sample,1751.9012675116744,80.0
sample,1753.302201467645,80.0
sample,1754.7031354236158,80.0
sample,1756.1040693795865,80.0
sample,1757.505003335557,80.0
sample,1758.9059372915276,80.0
sample,1760.3068712474983,80.0
sample,1761.707805203469,80.0
sample,1763.1087391594397,80.0
sample,1764.5096731154104,80.0
sample,1765.9106070713808,80.0
sample,1767.3115410273515,80.0
sample,1768.7124749833222,80.0
sample,1770.1134089392929,80.0
sample,1771.5143428952636,80.0
sample,1772.9152768512342,80.0
sample,1774.3162108072047,80.0
sample,1775.7171447631754,80.0
sample,1777.118078719146,80.0
sample,1778.5190126751168,80.0
sample,1779.9199466310874,80.0
sample,1781.320880587058,80.0
sample,1782.7218145430286,80.0
sample,1784.1227484989993,80.0
sample,1785.52368245497,80.0
sample,1786.9246164109406,80.0
sample,1788.3255503669113,80.0
sample,1789.7264843228818,80.0
sample,1791.1274182788525,80.0
sample,1792.5283522348232,80.0
sample,1793.9292861907938,80.0
sample,1795.3302201467645,80.0
sample,1796.7311541027352,80.0
sample,1798.1320880587057,80.0
sample,1799.5330220146764,80.0
sample,1800.933955970647,80.0
sample,1802.3348899266177,80.0
sample,1803.7358238825884,80.0
sample,1805.136757838559,80.0
sample,1806.5376917945296,80.0
sample,1807.9386257505003,80.0
sample,1809.339559706471,80.0
sample,1810.7404936624416,80.0
sample,1812.1414276184123,80.0
sample,1813.542361574383,80.0
sample,1814.9432955303535,80.0
sample,1816.3442294863241,80.0
sample,1817.7451634422948,80.0
sample,1819.1460973982655,80.0
sample,1820.5470313542362,80.0
sample,1821.9479653102069,80.0
sample,1823.3488992661773,80.0
sample,1824.749833222148,80.0
sample,1826.1507671781187,80.0
sample,1827.5517011340894,80.0
sample,1828.95263509006,80.0
sample,1830.3535690460308,80.0
sample,1831.7545030020012,80.0
sample,1833.155436957972,80.0
sample,1834.5563709139426,80.0
sample,1835.9573048699133,80.0
sample,1837.358238825884,80.0
sample,1838.7591727818544,80.0
sample,1840.1601067378251,80.0
sample,1841.5610406937958,80.0
sample,1842.9619746497665,80.0
sample,1844.3629086057372,80.0
sample,1845.7638425617079,80.0
sample,1847.1647765176783,80.0
sample,1848.565710473649,80.0
sample,1849.9666444296197,80.0
sample,1851.3675783855904,80.0
sample,1852.768512341561,80.0
sample,1854.1694462975317,80.0
sample,1855.5703802535022,80.0
sample,1856.971314209473,80.0
sample,1858.3722481654436,80.0
sample,1859.7731821214143,80.0
sample,1861.174116077385,80.0
sample,1862.5750500333556,80.0
sample,1863.975983989326,80.0
sample,1865.3769179452968,80.0
sample,1866.7778519012675,80.0
sample,1868.1787858572382,80.0
sample,1869.5797198132088,80.0
sample,1870.9806537691795,80.0
sample,1872.38158772515,80.0
sample,1873.7825216811207,80.0
sample,1875.1834556370914,80.0
sample,1876.584389593062,80.0
sample,1877.9853235490327,80.0
sample,1879.3862575050034,80.0
sample,1880.7871914609739,80.0
sample,1882.1881254169446,80.0
sample,1883.5890593729152,80.0
sample,1884.989993328886,80.0
sample,1886.3909272848566,80.0
sample,1887.7918612408273,80.0
sample,1889.1927951967978,80.0
sample,1890.5937291527684,80.0
sample,1891.9946631087391,80.0
sample,1893.3955970647098,80.0
sample,1894.7965310206805,80.0
sample,1896.197464976651,80.0
sample,1897.5983989326216,80.0
sample,1898.9993328885923,80.0
sample,1900.400266844563,80.0
sample,1901.8012008005337,80.0
sample,1903.2021347565044,80.0
sample,1904.6030687124749,80.0
sample,1906.0040026684455,80.0
sample,1907.4049366244162,80.0
sample,1908.805870580387,80.0
sample,1910.2068045363576,80.0
sample,1911.6077384923283,80.0
sample,1913.0086724482987,80.0
sample,1914.4096064042694,80.0
sample,1915.81054036024,80.0
sample,1917.2114743162108,80.0
sample,1918.6124082721815,80.0
sample,1920.0133422281522,80.0
sample,1921.4142761841226,80.0
sample,1922.8152101400933,80.0
sample,1924.216144096064,80.0
sample,1925.6170780520347,80.0
sample,1927.0180120080054,80.0
sample,1928.418945963976,80.0
sample,1929.8198799199465,80.0
sample,1931.2208138759172,80.0
sample,1932.621747831888,80.0
sample,1934.0226817878586,80.0
sample,1935.4236157438293,80.0
sample,1936.8245496998,80.0
sample,1938.2254836557704,80.0
sample,1939.626417611741,80.0
sample,1941.0273515677118,80.0
sample,1942.4282855236825,80.0
sample,1943.8292194796531,80.0
sample,1945.2301534356236,80.0
sample,1946.6310873915943,80.0
sample,1948.032021347565,80.0
sample,1949.4329553035357,80.0
sample,1950.8338892595063,80.0
sample,1952.234823215477,80.0
sample,1953.6357571714475,80.0
sample,1955.0366911274182,80.0
sample,1956.4376250833889,80.0
sample,1957.8385590393596,80.0
sample,1959.2394929953302,80.0
sample,1960.640426951301,80.0
sample,1962.0413609072714,80.0
sample,1963.442294863242,80.0
sample,1964.8432288192128,80.0
sample,1966.2441627751834,80.0
sample,1967.6450967311541,80.0
sample,1969.0460306871248,80.0
sample,1970.4469646430953,80.0
sample,1971.847898599066,80.0
sample,1973.2488325550366,80.0
sample,1974.6497665110073,80.0
sample,1976.050700466978,80.0
sample,1977.4516344229487,80.0
sample,1978.8525683789192,80.0
sample,1980.2535023348898,80.0
sample,1981.6544362908605,80.0
sample,1983.0553702468312,80.0
sample,1984.456304202802,80.0
sample,1985.8572381587726,80.0
sample,1987.258172114743,80.0
sample,1988.6591060707137,80.0
sample,1990.0600400266844,80.0
sample,1991.460973982655,80.0
sample,1992.8619079386258,80.0
sample,1994.2628418945965,80.0
sample,1995.663775850567,80.0
sample,1997.0647098065376,80.0
sample,1998.4656437625083,80.0
sample,1999.866577718479,80.0
sample,2001.2675116744497,80.0
sample,2002.6684456304201,80.0
sample,2004.0693795863908,80.0
sample,2005.4703135423615,80.0
sample,2006.8712474983322,80.0
sample,2008.2721814543029,80.0
sample,2009.6731154102736,80.0
sample,2011.074049366244,80.0
sample,2012.4749833222147,80.0
sample,2013.8759172781854,80.0
sample,2015.276851234156,80.0
sample,2016.6777851901268,80.0
sample,2018.0787191460975,80.0
sample,2019.479653102068,80.0
sample,2020.8805870580386,80.0
sample,2022.2815210140093,80.0
sample,2023.68245496998,80.0
sample,2025.0833889259507,80.0
sample,2026.4843228819213,80.0
sample,2027.8852568378918,80.0
sample,2029.2861907938625,80.0
sample,2030.6871247498332,80.0
sample,2032.0880587058039,80.0
sample,2033.4889926617745,80.0
sample,2034.8899266177452,80.0
sample,2036.2908605737157,80.0
sample,2037.6917945296864,80.0
sample,2039.092728485657,80.0
sample,2040.4936624416277,80.0
sample,2041.8945963975984,80.0
sample,2043.2955303535691,80.0
sample,2044.6964643095396,80.0
sample,2046.0973982655103,80.0
sample,2047.498332221481,80.0
sample,2048.899266177452,80.0
sample,2050.3002001334225,80.0
sample,2051.7011340893932,80.0
sample,2053.1020680453635,80.0
sample,2054.503002001334,80.0
sample,2055.903935957305,80.0
sample,2057.3048699132755,80.0
sample,2058.705803869246,80.0
sample,2060.1067378252164,80.0
sample,2061.507671781187,80.0
sample,2062.908605737158,80.0
sample,2064.3095396931285,80.0
sample,2065.710473649099,80.0
sample,2067.11140760507,80.0
sample,2068.5123415610406,80.0
sample,2069.9132755170112,80.0
sample,2071.314209472982,80.0
sample,2072.7151434289526,80.0
sample,2074.1160773849233,80.0
sample,2075.517011340894,80.0
sample,2076.9179452968647,80.0
sample,2078.3188792528354,80.0
sample,2079.719813208806,80.0
sample,2081.1207471647767,80.0
sample,2082.5216811207474,80.0
sample,2083.922615076718,80.0
sample,2085.3235490326883,80.0
sample,2086.724482988659,80.0
sample,2088.1254169446297,80.0
sample,2089.5263509006004,80.0
sample,2090.927284856571,80.0
sample,2092.3282188125418,80.0
sample,2093.729152768512,80.0
sample,2095.1300867244827,80.0
sample,2096.5310206804534,80.0
sample,2097.931954636424,80.0
sample,2099.3328885923947,80.0
sample,2100.7338225483654,80.0
sample,2102.134756504336,80.0
sample,2103.535690460307,80.0
sample,2104.9366244162775,80.0
sample,2106.337558372248,80.0
sample,2107.738492328219,80.0
sample,2109.1394262841895,80.0
sample,2110.54036024016,80.0
sample,2111.941294196131,80.0
sample,2113.3422281521016,80.0
sample,2114.7431621080723,80.0
sample,2116.144096064043,80.0
sample,2117.545030020013,80.0
sample,2118.945963975984,80.0
sample,2120.3468979319546,80.0
sample,2121.7478318879253,80.0
sample,2123.148765843896,80.0
sample,2124.5496997998666,80.0
sample,2125.950633755837,80.0
sample,2127.3515677118075,80.0
sample,2128.7525016677782,80.0
sample,2130.153435623749,80.0
sample,2131.5543695797196,80.0
sample,2132.9553035356903,80.0
sample,2134.356237491661,80.0
sample,2135.7571714476317,80.0
sample,2137.1581054036023,80.0
sample,2138.559039359573,80.0
sample,2139.9599733155437,80.0
sample,2141.3609072715144,80.0
sample,2142.761841227485,80.0
sample,2144.162775183456,80.0
sample,2145.5637091394265,80.0
sample,2146.964643095397,80.0
sample,2148.365577051368,80.0
sample,2149.7665110073385,80.0
sample,2151.1674449633088,80.0
sample,2152.5683789192794,80.0
sample,2153.96931287525,80.0
sample,2155.370246831221,80.0
sample,2156.7711807871915,80.0
sample,2158.172114743162,80.0
sample,2159.5730486991324,80.0
sample,2160.973982655103,80.0
sample,2162.374916611074,80.0
sample,2163.7758505670445,80.0
sample,2165.176784523015,80.0
sample,2166.577718478986,80.0
sample,2167.9786524349565,80.0
sample,2169.379586390927,80.0
sample,2170.780520346898,80.0
sample,2172.1814543028686,80.0
sample,2173.5823882588393,80.0
sample,2174.98332221481,80.0
sample,2176.3842561707806,80.0
sample,2177.7851901267513,80.0
sample,2179.186124082722,80.0
sample,2180.5870580386927,80.0
sample,2181.9879919946634,80.0
sample,2183.3889259506336,80.0
sample,2184.7898599066043,80.0
sample,2186.190793862575,80.0
sample,2187.5917278185457,80.0
sample,2188.9926617745164,80.0
sample,2190.393595730487,80.0
sample,2191.7945296864573,80.0
sample,2193.195463642428,80.0
sample,2194.5963975983987,80.0
sample,2195.9973315543693,80.0
sample,2197.39826551034,80.0
sample,2198.7991994663107,80.0
sample,2200.2001334222814,80.0
sample,2201.601067378252,80.0
sample,2203.0020013342228,80.0
sample,2204.4029352901935,80.0
sample,2205.803869246164,80.0
sample,2207.204803202135,80.0
sample,2208.6057371581055,80.0
sample,2210.006671114076,80.0
sample,2211.407605070047,80.0
sample,2212.8085390260176,80.0
sample,2214.2094729819883,80.0
sample,2215.610406937959,80.0
sample,2217.011340893929,80.0
sample,2218.4122748499,80.0
sample,2219.8132088058705,80.0
sample,2221.2141427618412,80.0
sample,2222.615076717812,80.0
sample,2224.016010673782,80.0
sample,2225.416944629753,80.0
sample,2226.8178785857235,80.0
sample,2228.218812541694,80.0
sample,2229.619746497665,80.0
sample,2231.0206804536356,80.0
sample,2232.4216144096063,80.0
sample,2233.822548365577,80.0
sample,2235.2234823215476,80.0
sample,2236.6244162775183,80.0
sample,2238.025350233489,80.0
sample,2239.4262841894597,80.0
sample,2240.8272181454304,80.0
sample,2242.228152101401,80.0
sample,2243.6290860573718,80.0
sample,2245.0300200133424,80.0
sample,2246.430953969313,80.0
sample,2247.831887925284,80.0
sample,2249.232821881254,80.0
sample,2250.6337558372247,80.0
sample,2252.0346897931954,80.0
sample,2253.435623749166,80.0
sample,2254.836557705137,80.0
sample,2256.2374916611075,80.0
sample,2257.6384256170777,80.0
sample,2259.0393595730484,80.0
sample,2260.440293529019,80.0
sample,2261.8412274849898,80.0
sample,2263.2421614409604,80.0
sample,2264.643095396931,80.0
sample,2266.044029352902,80.0
sample,2267.4449633088725,80.0
sample,2268.845897264843,80.0
sample,2270.246831220814,80.0
sample,2271.6477651767846,80.0
sample,2273.0486991327552,80.0
sample,2274.449633088726,80.0
sample,2275.8505670446966,80.0
sample,2277.2515010006673,80.0
sample,2278.652434956638,80.0
sample,2280.0533689126087,80.0
sample,2281.454302868579,80.0
sample,2282.8552368245496,80.0
sample,2284.2561707805203,80.0
sample,2285.657104736491,80.0
sample,2287.0580386924617,80.0
sample,2288.4589726484323,80.0
sample,2289.8599066044026,80.0
sample,2291.2608405603733,80.0
sample,2292.661774516344,80.0
sample,2294.0627084723146,80.0
sample,2295.4636424282853,80.0
sample,2296.864576384256,80.0
sample,2298.2655103402267,80.0
sample,2299.6664442961974,80.0
sample,2301.067378252168,80.0
sample,2302.4683122081387,80.0
sample,2303.8692461641094,80.0
sample,2305.27018012008,80.0
sample,2306.671114076051,80.0
sample,2308.0720480320215,80.0
sample,2309.472981987992,80.0
sample,2310.873915943963,80.0
sample,2312.2748498999335,80.0
sample,2313.6757838559042,80.0
sample,2315.0767178118745,80.0
sample,2316.477651767845,80.0
sample,2317.878585723816,80.0
sample,2319.2795196797865,80.0
sample,2320.680453635757,80.0
sample,2322.081387591728,80.0
sample,2323.482321547698,80.0
sample,2324.883255503669,80.0
sample,2326.2841894596395,80.0
sample,2327.68512341561,80.0
sample,2329.086057371581,80.0
sample,2330.4869913275516,80.0
sample,2331.8879252835222,80.0
sample,2333.288859239493,80.0
sample,2334.6897931954636,80.0
sample,2336.0907271514343,80.0
sample,2337.491661107405,80.0
sample,2338.8925950633757,80.0
sample,2340.2935290193464,80.0
sample,2341.694462975317,80.0
sample,2343.0953969312877,80.0
sample,2344.4963308872584,80.0
sample,2345.897264843229,80.0
sample,2347.2981987991993,80.0
sample,2348.69913275517,80.0
sample,2350.1000667111407,80.0
sample,2351.5010006671114,80.0
sample,2352.901934623082,80.0
sample,2354.3028685790528,80.0
sample,2355.703802535023,80.0
sample,2357.1047364909937,80.0
sample,2358.5056704469644,80.0
sample,2359.906604402935,80.0
sample,2361.3075383589057,80.0
sample,2362.7084723148764,80.0
sample,2364.109406270847,80.0
sample,2365.510340226818,80.0
sample,2366.9112741827885,80.0
sample,2368.312208138759,80.0
sample,2369.71314209473,80.0
sample,2371.1140760507005,80.0
sample,2372.515010006671,80.0
sample,2373.915943962642,80.0
sample,2375.3168779186126,80.0
sample,2376.7178118745833,80.0
sample,2378.118745830554,80.0
sample,2379.5196797865246,80.0
sample,2380.920613742495,80.0
sample,2382.3215476984656,80.0
sample,2383.7224816544363,80.0
sample,2385.123415610407,80.0
sample,2386.5243495663776,80.0
sample,2387.925283522348,80.0
sample,2389.3262174783185,80.0
sample,2390.727151434289,80.0
sample,2392.12808539026,80.0
sample,2393.5290193462306,80.0
sample,2394.9299533022013,80.0
sample,2396.330887258172,80.0
sample,2397.7318212141427,80.0
sample,2399.1327551701133,80.0
sample,2400.533689126084,80.0
sample,2401.9346230820547,80.0
sample,2403.3355570380254,80.0
sample,2404.736490993996,80.0
sample,2406.1374249499668,80.0
sample,2407.5383589059375,80.0
sample,2408.939292861908,80.0
sample,2410.340226817879,80.0
sample,2411.7411607738495,80.0
sample,2413.1420947298197,80.0
sample,2414.5430286857904,80.0
sample,2415.943962641761,80.0
sample,2417.344896597732,80.0
sample,2418.7458305537025,80.0
sample,2420.146764509673,80.0
sample,2421.5476984656434,80.0
sample,2422.948632421614,80.0
sample,2424.349566377585,80.0
sample,2425.7505003335555,80.0
sample,2427.151434289526,80.0
sample,2428.552368245497,80.0
sample,2429.9533022014675,80.0
sample,2431.354236157438,80.0
sample,2432.755170113409,80.0
sample,2434.1561040693796,80.0
sample,2435.5570380253503,80.0
sample,2436.957971981321,80.0
sample,2438.3589059372916,80.0
sample,2439.7598398932623,80.0
sample,2441.160773849233,80.0
sample,2442.5617078052037,80.0
sample,2443.9626417611744,80.0
sample,2445.3635757171446,80.0
sample,2446.7645096731153,80.0
sample,2448.165443629086,80.0
sample,2449.5663775850567,80.0
sample,2450.9673115410274,80.0
sample,2452.368245496998,80.0
sample,2453.7691794529687,80.0
sample,2455.1701134089394,80.0
sample,2456.57104736491,80.0
sample,2457.9719813208803,80.0
sample,2459.372915276851,80.0
sample,2460.7738492328217,80.0
sample,2462.1747831887924,80.0
sample,2463.575717144763,80.0
sample,2464.9766511007338,80.0
sample,2466.3775850567044,80.0
sample,2467.778519012675,80.0
sample,2469.179452968646,80.0
sample,2470.5803869246165,80.0
sample,2471.981320880587,80.0
sample,2473.382254836558,80.0
sample,2474.783188792528,80.0
sample,2476.184122748499,80.0
sample,2477.5850567044695,80.0
sample,2478.98599066044,80.0
sample,2480.386924616411,80.0
sample,2481.7878585723815,80.0
sample,2483.188792528352,80.0
sample,2484.589726484323,80.0
sample,2485.9906604402936,80.0
sample,2487.3915943962643,80.0
sample,2488.792528352235,80.0
sample,2490.1934623082057,80.0
sample,2491.594396264176,80.0
sample,2492.9953302201466,80.0
sample,2494.3962641761173,80.0
sample,2495.797198132088,80.0
sample,2497.1981320880586,80.0
sample,2498.5990660440293,80.0
sample,2500.0,80.0
