case_rel_path,curve_label,both_better,Alloy/intermetallic/bimetallic,Explicit carbon support,Pt-containing,Ir-containing,Ru-containing,Ru + carbon support,Ru + alloy/bimetallic,Phase-controlled Ru nanocages,Ru without carbon/alloy/phase,Oxide/hydroxide interface,Other PM chalcogenide/phosphide,Ru chalcogenide/MoS2,Ru MOF/framework
batch0/case10,C15-Ir2Ce/C,True,True,True,False,True,False,False,False,False,False,False,False,False,False
batch0/case19,RST-300°C,True,False,True,False,False,True,True,False,False,False,False,False,True,False
batch0/case19,RST-600°C,False,False,True,False,False,True,True,False,False,False,False,False,True,False
batch0/case19,RST-Fresh,False,False,True,False,False,True,True,False,False,False,False,False,True,False
batch0/case20,1%-RuSA/α-MoC1-x/C,False,False,True,False,False,True,True,False,False,False,False,False,False,False
batch0/case20,2%-RuCS/SA/α-MoC1-x/C,True,False,True,False,False,True,True,False,False,False,False,False,False,False
batch0/case20,3%-RuCS/SA/α-MoC1-x/C,True,False,True,False,False,True,True,False,False,False,False,False,False,False
batch0/case20,4%-RuCS/SA/α-MoC1-x/C,True,False,True,False,False,True,True,False,False,False,False,False,False,False
batch0/case21,Ru/MoB,False,False,False,False,False,True,False,False,False,True,False,False,False,False
batch0/case21,Ru/MoB-BV,True,False,False,False,False,True,False,False,False,True,False,False,False,False
batch0/case23,Ru/ac-CeO2-δ,True,False,False,False,False,True,False,False,False,True,True,False,False,False
batch0/case30,Ru-RuO2/C60-x,True,False,True,False,False,True,True,False,False,False,True,False,False,False
batch0/case32,A1-(IrRh)2PrNdTb,True,True,False,False,True,False,False,False,False,False,False,False,False,False
batch0/case32,C15-(IrRh)2PrNdTb,True,True,False,False,True,False,False,False,False,False,False,False,False,False
batch0/case33,Ru-Fe7C3@CNF,True,False,True,False,False,True,True,False,False,False,False,False,False,False
batch0/case35,Rh@Dy-CuO,True,False,False,False,False,False,False,False,False,False,True,False,False,False
batch0/case36,L-Ru/Co(OH)x,True,False,True,False,False,True,True,False,False,False,False,False,False,False
batch0/case37,RuSA/NP-PNCFs,True,False,True,False,False,True,True,False,False,False,False,False,False,False
batch0/case37,RuSA/NP-PNCFs,True,False,True,False,False,True,True,False,False,False,False,False,False,False
batch0/case39,Ir-Ni2P/CPDs,True,False,True,False,True,False,False,False,False,False,False,False,False,False
batch0/case4,HTS-Ru-NCs/TiN,True,False,True,False,False,True,True,False,False,False,False,False,False,False
batch0/case41,Pd5P2/PdP2@CNTs,True,False,True,False,False,False,False,False,False,False,False,True,False,False
batch0/case45,Ru-NC-500,True,False,True,False,False,True,True,False,False,False,True,False,False,False
batch0/case45,Ru-NC-900,True,False,True,False,False,True,True,False,False,False,True,False,False,False
batch0/case48,IrMo-CBC-4.2,True,True,True,False,True,False,False,False,False,False,False,False,False,False
batch0/case49,Pt/CNT@SnO2-x-K2PtCl4,False,False,True,True,False,False,False,False,False,False,True,False,False,False
batch0/case49,PtRu/CNT@SnO2-x,True,True,True,True,False,True,True,True,False,False,True,False,False,False
batch0/case49,PtRu/CNT@CeO2-x,True,True,True,True,False,True,True,True,False,False,True,False,False,False
batch0/case49,PtRu/CNT@SnO2-x,True,True,True,True,False,True,True,True,False,False,True,False,False,False
batch0/case51,RuSn0.8 NWs/C,True,True,True,False,False,True,True,True,False,False,False,False,False,False
batch0/case57,BRO,True,False,True,False,False,True,True,False,False,False,True,False,False,False
batch0/case57,CRO,False,False,True,False,False,True,True,False,False,False,True,False,False,False
batch0/case57,LRO,False,False,True,False,False,True,True,False,False,False,True,False,False,False
batch0/case57,SRO,False,False,True,False,False,True,True,False,False,False,True,False,False,False
batch0/case7,Ru1/Au_n-2LWS2,True,False,False,False,False,True,False,False,False,True,False,False,True,False
batch0/case9,Ru-Sn NS,True,True,False,False,False,True,False,True,False,False,False,False,False,False
batch0/case9,Ru-Sn/SnO2 NS,True,False,False,False,False,True,False,False,False,True,True,False,False,False
batch1/case10,DSIrNi,True,True,True,False,True,False,False,False,False,False,False,False,False,False
batch1/case103,Turing PtNiNb,True,True,False,True,False,False,False,False,False,False,False,False,False,False
batch1/case12,RhSe2,False,False,False,False,False,False,False,False,False,False,False,True,False,False
batch1/case2,Ni5P4-Ru/CC,False,False,True,False,False,True,True,False,False,False,False,False,False,False
batch1/case29,Cu-Ru NSs/C,False,False,True,False,False,True,True,False,False,False,False,False,True,False
batch1/case29,Cu-Ru/RuSe2 NSs/C,True,False,True,False,False,True,True,False,False,False,False,False,True,False
batch1/case29,Cu-RuSe2 NSs/C,False,False,True,False,False,True,True,False,False,False,False,False,True,False
batch1/case30,Ru/NC,False,False,False,False,False,True,False,False,False,True,True,False,False,False
batch1/case49,Ru/Co1.7@OG,True,False,True,False,False,True,True,False,False,False,False,False,False,False
batch1/case49,Ru/Co@OG,True,False,True,False,False,True,True,False,False,False,False,False,False,False
batch1/case82,NiRu0.09-BDC,False,False,False,False,False,True,False,False,False,True,False,False,False,True
batch1/case82,NiRu0.13-BDC,False,False,False,False,False,True,False,False,False,True,False,False,False,True
batch1/case84,PtTe2-400 NSs,False,False,True,True,False,False,False,False,False,False,False,False,False,False
batch1/case84,PtTe2-600 NSs,True,False,True,True,False,False,False,False,False,False,False,False,False,False
batch1/case84,PtTe₂-600 NSs,True,False,True,True,False,False,False,False,False,False,False,False,False,False
batch1/case84,PtTe2-600 NSs,True,False,True,True,False,False,False,False,False,False,False,False,False,False
batch1/case85,Ru-Mo$_2$C@CNT,True,False,True,False,False,True,True,False,False,False,False,False,False,False
batch1/case85,Ru-Mo2C@CNT,True,False,True,False,False,True,True,False,False,False,False,False,False,False
batch1/case87,Ru1/D-NiFe LDH,False,False,False,False,False,True,False,False,False,True,True,False,False,False
batch1/case89,B-Os Aerogel,True,True,False,False,False,False,False,False,False,False,False,False,False,False
batch2/case100,PtNi5-0,True,True,True,True,False,False,False,False,False,False,False,False,False,False
batch2/case100,PtNi5-0.1,True,True,True,True,False,False,False,False,False,False,False,False,False,False
batch2/case100,PtNi5-0.3,True,True,True,True,False,False,False,False,False,False,False,False,False,False
batch2/case100,PtNi5-0.5,True,True,True,True,False,False,False,False,False,False,False,False,False,False
batch2/case100,PtNi5-0.7,True,True,True,True,False,False,False,False,False,False,False,False,False,False
batch2/case118,PdPtCuNiP Nanosponge,True,True,False,True,False,False,False,False,False,False,False,False,False,False
batch2/case142,RuCr@C,True,False,True,False,False,True,True,False,False,False,False,False,False,False
batch2/case158,Ir@NBD-C,True,False,True,False,True,False,False,False,False,False,False,False,False,False
batch2/case168,Pt/VG Ar-0,True,False,True,True,False,False,False,False,False,False,False,False,False,False
batch2/case168,Pt/VG Ar-5,True,False,True,True,False,False,False,False,False,False,False,False,False,False
batch2/case178,Pt/Pt5P2,True,False,False,True,False,False,False,False,False,False,False,False,False,False
batch2/case187,12%Rh-Co$_2$Fe-P,False,False,False,False,False,False,False,False,False,False,False,True,False,False
batch2/case187,4%Rh-Co$_2$Fe-P,False,False,False,False,False,False,False,False,False,False,False,True,False,False
batch2/case188,Pd12Ru3/Ni(OH)2/C,True,False,True,False,False,True,True,False,False,False,False,False,False,False
batch2/case202,MSOR0.5,False,False,False,False,False,True,False,False,False,True,True,False,True,False
batch2/case202,MSOR1,True,False,False,False,False,True,False,False,False,True,True,False,True,False
batch2/case202,MSOR1.5,False,False,False,False,False,True,False,False,False,True,True,False,True,False
batch2/case222,BP(Ni3Pd1),False,False,False,False,False,False,False,False,False,False,False,True,False,False
batch2/case233,Ru-Ni(OH)2 NW^2/NF,True,False,False,False,False,True,False,False,False,True,True,False,False,False
batch2/case237,PtRu MCs,True,True,True,True,False,True,True,True,False,False,False,False,False,False
batch2/case246,Ru@Cr-FeMOF,True,False,False,False,False,True,False,False,False,True,False,False,False,True
batch3/case314,Pt/OMC_SH,True,False,True,True,False,False,False,False,False,False,False,False,False,False
batch3/case315,Cu@Ru_nc-C,True,False,True,False,False,True,True,False,False,False,False,False,False,False
batch3/case316,RuCu,True,True,False,False,False,True,False,True,False,False,False,False,False,False
batch3/case344,D-NiNbIr,True,True,False,False,True,False,False,False,False,False,False,False,False,False
batch3/case344,D-NiNbIrPt,True,True,False,True,True,False,False,False,False,False,False,False,False,False
batch3/case344,D-NiNbPt,True,True,False,True,False,False,False,False,False,False,False,False,False,False
batch3/case347,Pt NPs@CF,True,False,True,True,False,False,False,False,False,False,False,False,False,False
batch3/case357,PtFeCoNiCuCr@HCS Initial,True,True,True,True,False,False,False,False,False,False,False,False,False,False
batch3/case359,RuNi-MoO2,False,True,False,False,False,True,False,True,False,False,True,False,False,False
batch3/case362,Pt SACs-NiCrO3/NF,True,False,False,True,False,False,False,False,False,False,False,False,False,False
batch3/case379,Ru-Co2Ni@NCNT,False,False,True,False,False,True,True,False,False,False,False,False,False,False
batch3/case471,RuVCoCuZnW,True,True,True,False,False,True,True,True,False,False,False,False,False,False
batch3/case483,PtMn/C,True,True,True,True,False,False,False,False,False,False,False,False,False,False
batch3/case499,RuSA-CoP,True,False,True,False,False,True,True,False,False,False,True,False,False,False
batch4/case516,RuNC@CPF-Ni,False,False,False,False,False,True,False,False,False,True,False,False,False,True
batch4/case537,AE-i-Co9S8,False,False,False,False,False,False,False,False,False,False,False,True,False,False
batch4/case607,4000C,False,False,True,False,False,True,True,False,False,False,True,False,False,False
batch4/case607,7000C,False,False,True,False,False,True,True,False,False,False,True,False,False,False
batch5/case734,RuNi/C,True,True,True,False,False,True,True,True,False,False,False,False,False,False
batch5/case739,NiVRu-LDHs NAs/NF,False,False,False,False,False,True,False,False,False,True,True,False,False,False
batch5/case760,Ir1Ni@MoO2,True,False,False,False,True,False,False,False,False,False,True,False,False,False
batch5/case832,RhIn/C,True,True,True,False,False,False,False,False,False,False,False,False,False,False
batch5/case834,Pt1Co6/np-Co2P,True,False,False,True,False,False,False,False,False,False,False,False,False,False
batch5/case839,Pt/D-NiFe LDH,True,False,False,True,False,False,False,False,False,False,True,False,False,False
batch5/case839,Pt/NiFe LDH,False,False,False,True,False,False,False,False,False,False,True,False,False,False
batch5/case892,IrMo/NHCSs,True,False,True,False,True,False,False,False,False,False,False,False,False,False
batch5/case892,IrRuMoWCu/NHCSs,True,True,True,False,True,True,True,True,False,False,False,False,False,False
batch6/case1053,RuMn/CQDs-600 initial,True,True,True,False,False,True,True,True,False,False,False,False,False,False
batch6/case1053,RuCu/CQDs-600 initial,True,True,True,False,False,True,True,True,False,False,False,False,False,False
batch6/case1072,12.8% Pt/LiCoO2,False,False,False,True,False,False,False,False,False,False,True,False,False,False
batch6/case1091,CoRu0.5/CQDs,True,False,True,False,False,True,True,False,False,False,False,False,False,False
batch7/case1195,m-PtPb NSs,True,False,True,True,False,False,False,False,False,False,False,False,False,False
batch7/case1207,PtSA-NiSe,False,False,False,True,False,False,False,False,False,False,False,False,False,False
batch8/case1618,Turing Pt,True,False,False,True,False,False,False,False,False,False,False,False,False,False
batch8/case1620,Pt-(LaCeSmYErGdYb)O,True,False,False,True,False,False,False,False,False,False,True,False,False,False
batch8/case1719,Ru_fcc nanocages,True,False,False,False,False,True,False,False,True,False,False,False,False,False
batch8/case1719,Ru_fcc/hcp,True,False,False,False,False,True,False,False,True,False,False,False,False,False
batch8/case1719,Ru_hcp,True,False,False,False,False,True,False,False,True,False,False,False,False,False
batch8/case1719,Pt2.8%-Ru_fcc,True,True,True,True,False,True,True,True,False,False,False,False,False,False
batch8/case1719,Pt5.3%-Ru_fcc,True,False,True,True,False,True,True,False,False,False,False,False,False,False
batch8/case1719,Pt8.7%-Ru_fcc,True,True,True,True,False,True,True,True,False,False,False,False,False,False
batch8/case1719,Ru_fcc nanocages,True,False,True,False,False,True,True,False,True,False,False,False,False,False
batch8/case1741,Ru/RuO2@HLC,True,False,True,False,False,True,True,False,False,False,True,False,False,False
batch8/case1800,Ni@Ni2P-Ru,False,False,False,False,False,True,False,False,False,True,False,False,False,False
