series,q_nm-1,intensity_au
SAXS-like,1.0,79.29637707256644
SAXS-like,1.008189262966333,82.22949178343245
SAXS-like,1.016378525932666,79.9186486761289
SAXS-like,1.024567788898999,80.47147138520653
SAXS-like,1.0327570518653322,80.13197589527647
SAXS-like,1.040946314831665,79.29332796120332
SAXS-like,1.0491355777979983,81.72023437420671
SAXS-like,1.0573248407643312,79.88417055155519
SAXS-like,1.0655141037306644,79.13379866366903
SAXS-like,1.0737033666969973,80.03797762973835
SAXS-like,1.0818926296633302,79.34568743179736
SAXS-like,1.0900818926296634,78.18957595755357
SAXS-like,1.0982711555959963,81.14773166414204
SAXS-like,1.1064604185623295,78.92744497647568
SAXS-like,1.1146496815286624,79.77392972052044
SAXS-like,1.1228389444949956,81.61361296458406
SAXS-like,1.1310282074613285,77.52811094003717
SAXS-like,1.1392174704276616,83.32607585027337
SAXS-like,1.1474067333939946,81.43173488412445
SAXS-like,1.1555959963603275,78.7584779601785
SAXS-like,1.1637852593266607,78.65983201649524
SAXS-like,1.1719745222929936,79.43400057287421
SAXS-like,1.1801637852593267,82.75389196383459
SAXS-like,1.1883530482256597,79.28281717235937
SAXS-like,1.1965423111919926,79.57933174795157
SAXS-like,1.2047315741583258,80.58025339088789
SAXS-like,1.2129208371246587,78.80191777452416
SAXS-like,1.2211101000909919,77.86022636844478
SAXS-like,1.2292993630573248,79.80796349356378
SAXS-like,1.237488626023658,77.84301406199513
SAXS-like,1.2456778889899909,79.68800653146033
SAXS-like,1.253867151956324,77.48905009644655
SAXS-like,1.262056414922657,80.85727802025615
SAXS-like,1.27024567788899,77.91190527651477
SAXS-like,1.278434940855323,79.85228243262567
SAXS-like,1.286624203821656,80.87672065794206
SAXS-like,1.2948134667879891,81.64248370721731
SAXS-like,1.303002729754322,77.82879085384691
SAXS-like,1.311191992720655,79.01659066652115
SAXS-like,1.3193812556869882,77.56308651140043
SAXS-like,1.3275705186533213,83.37783886182207
SAXS-like,1.3357597816196543,80.44962994573015
SAXS-like,1.3439490445859872,78.82586148972733
SAXS-like,1.3521383075523203,79.23816142174972
SAXS-like,1.3603275705186533,81.97222588839473
SAXS-like,1.3685168334849864,78.25783923042891
SAXS-like,1.3767060964513194,79.58422377412711
SAXS-like,1.3848953594176523,78.72056680675108
SAXS-like,1.3930846223839854,78.1972233460733
SAXS-like,1.4012738853503186,77.62299204465995
SAXS-like,1.4094631483166515,79.55960622253899
SAXS-like,1.4176524112829845,79.35823820546975
SAXS-like,1.4258416742493176,80.12903033379965
SAXS-like,1.4340309372156506,80.41847501113389
SAXS-like,1.4422202001819837,80.24448525358402
SAXS-like,1.4504094631483166,77.92606892527171
SAXS-like,1.4585987261146496,79.6305798044939
SAXS-like,1.4667879890809827,82.32349208863518
SAXS-like,1.474977252047316,78.03757364615812
SAXS-like,1.4831665150136488,80.06644897248415
SAXS-like,1.4913557779799818,77.9157599743724
SAXS-like,1.499545040946315,79.59197207365777
SAXS-like,1.5077343039126478,80.06639137453388
SAXS-like,1.515923566878981,79.90554453818243
SAXS-like,1.524112829845314,76.47971563509377
SAXS-like,1.5323020928116469,80.73706670333783
SAXS-like,1.54049135577798,80.95058839721874
SAXS-like,1.5486806187443132,78.02744299840835
SAXS-like,1.556869881710646,80.23582188717758
SAXS-like,1.565059144676979,77.131305995553
SAXS-like,1.573248407643312,82.3358695485814
SAXS-like,1.5814376706096451,82.49207621900536
SAXS-like,1.5896269335759783,80.66802979361375
SAXS-like,1.5978161965423112,78.66909571707184
SAXS-like,1.6060054595086442,83.72513137206566
SAXS-like,1.6141947224749773,82.78239907702442
SAXS-like,1.6223839854413102,80.83203604122889
SAXS-like,1.6305732484076434,80.44276997586081
SAXS-like,1.6387625113739763,83.69894003330032
SAXS-like,1.6469517743403093,85.80900496097182
SAXS-like,1.6551410373066424,84.87676101639727
SAXS-like,1.6633303002729756,84.22666761589736
SAXS-like,1.6715195632393085,83.18849054839666
SAXS-like,1.6797088262056414,87.52387685198907
SAXS-like,1.6878980891719746,90.17839049556734
SAXS-like,1.6960873521383075,87.07738912777562
SAXS-like,1.7042766151046407,89.71814049580973
SAXS-like,1.7124658780709736,89.85682136217756
SAXS-like,1.7206551410373065,95.02319410244722
SAXS-like,1.7288444040036397,95.85285188128577
SAXS-like,1.7370336669699729,98.42681682593344
SAXS-like,1.7452229299363058,101.61880610684186
SAXS-like,1.7534121929026387,102.47937868727725
SAXS-like,1.7616014558689717,105.22913590790354
SAXS-like,1.7697907188353048,108.16116511747651
SAXS-like,1.777979981801638,109.263315230053
SAXS-like,1.786169244767971,115.89882149812175
SAXS-like,1.7943585077343038,118.88190005170317
SAXS-like,1.802547770700637,125.1324214408075
SAXS-like,1.8107370336669701,127.87492471800253
SAXS-like,1.818926296633303,133.2138235399836
SAXS-like,1.827115559599636,137.43236867534736
SAXS-like,1.835304822565969,142.72715124486697
SAXS-like,1.843494085532302,151.8736947716458
SAXS-like,1.8516833484986353,156.3952027368545
SAXS-like,1.8598726114649682,165.52838289657814
SAXS-like,1.8680618744313011,168.0409441232046
SAXS-like,1.8762511373976343,178.45883078254806
SAXS-like,1.8844404003639672,186.2488831418367
SAXS-like,1.8926296633303004,196.95714047519772
SAXS-like,1.9008189262966333,207.22902071661818
SAXS-like,1.9090081892629662,214.54728297891205
SAXS-like,1.9171974522292994,225.71125917137513
SAXS-like,1.9253867151956325,235.1826436921426
SAXS-like,1.9335759781619655,246.68508484121597
SAXS-like,1.9417652411282984,262.4807750668212
SAXS-like,1.9499545040946316,269.3191888756521
SAXS-like,1.9581437670609645,284.55646106459153
SAXS-like,1.9663330300272976,292.81697930590866
SAXS-like,1.9745222929936306,304.7445013814629
SAXS-like,1.9827115559599635,321.758407716611
SAXS-like,1.9909008189262967,331.2788692941278
SAXS-like,1.9990900818926298,346.7661175464144
SAXS-like,2.0072793448589628,361.22949655868143
SAXS-like,2.0154686078252957,374.5415319523168
SAXS-like,2.023657870791629,386.3649025443644
SAXS-like,2.031847133757962,403.30153437550223
SAXS-like,2.040036396724295,414.90217819410543
SAXS-like,2.048225659690628,431.6443114745821
SAXS-like,2.056414922656961,442.41044124759316
SAXS-like,2.0646041856232937,456.17508232182723
SAXS-like,2.0727934485896267,467.8484940313117
SAXS-like,2.08098271155596,480.925069615767
SAXS-like,2.089171974522293,490.48263847381975
SAXS-like,2.0973612374886264,503.9933580866163
SAXS-like,2.1055505004549593,513.7978540043794
SAXS-like,2.113739763421292,524.7955430126088
SAXS-like,2.121929026387625,534.0606463903092
SAXS-like,2.130118289353958,545.2043185691124
SAXS-like,2.138307552320291,551.3101605110801
SAXS-like,2.146496815286624,557.7610826154181
SAXS-like,2.1546860782529573,560.7244477298673
SAXS-like,2.1628753412192903,566.7182641880645
SAXS-like,2.1710646041856236,573.9554223893434
SAXS-like,2.1792538671519566,575.867807787799
SAXS-like,2.1874431301182895,579.3440264593975
SAXS-like,2.1956323930846224,578.5189534515042
SAXS-like,2.2038216560509554,581.0108746798442
SAXS-like,2.2120109190172883,578.7461063203323
SAXS-like,2.2202001819836212,575.9771375259639
SAXS-like,2.2283894449499546,573.6332296261611
SAXS-like,2.2365787079162875,569.1286101450924
SAXS-like,2.2447679708826205,564.7479840836357
SAXS-like,2.252957233848954,558.6525613058501
SAXS-like,2.261146496815287,554.1654723398168
SAXS-like,2.2693357597816197,541.0244988572965
SAXS-like,2.2775250227479527,531.9268784813265
SAXS-like,2.2857142857142856,526.9482845789641
SAXS-like,2.2939035486806185,517.075503081769
SAXS-like,2.302092811646952,503.46119670253154
SAXS-like,2.310282074613285,495.17635309507386
SAXS-like,2.3184713375796178,483.1381174373493
SAXS-like,2.326660600545951,471.5265734613019
SAXS-like,2.334849863512284,455.7314298375978
SAXS-like,2.343039126478617,443.48457620245995
SAXS-like,2.35122838944495,432.6752474033188
SAXS-like,2.359417652411283,416.78558677885775
SAXS-like,2.367606915377616,403.81169439206917
SAXS-like,2.375796178343949,389.4380024446001
SAXS-like,2.383985441310282,376.4713120230147
SAXS-like,2.392174704276615,360.6501891885393
SAXS-like,2.4003639672429484,348.2750981290994
SAXS-like,2.4085532302092814,331.5658419738271
SAXS-like,2.4167424931756143,323.7168319857354
SAXS-like,2.4249317561419472,308.2866111513909
SAXS-like,2.43312101910828,292.80897044360563
SAXS-like,2.441310282074613,284.5595774240707
SAXS-like,2.449499545040946,270.9741619050148
SAXS-like,2.4576888080072794,260.03700690063465
SAXS-like,2.4658780709736123,247.07085017198438
SAXS-like,2.4740673339399457,236.8652143984307
SAXS-like,2.4822565969062786,225.6017985020312
SAXS-like,2.4904458598726116,212.09310556748144
SAXS-like,2.4986351228389445,204.75116957898072
SAXS-like,2.5068243858052774,196.5793282813172
SAXS-like,2.5150136487716104,185.31096258659423
SAXS-like,2.5232029117379433,179.40666390573276
SAXS-like,2.5313921747042767,173.48531054907167
SAXS-like,2.5395814376706096,163.97901575678722
SAXS-like,2.547770700636943,155.64773983387477
SAXS-like,2.555959963603276,148.93338850063554
SAXS-like,2.564149226569609,144.78532181922313
SAXS-like,2.572338489535942,137.7215827490923
SAXS-like,2.5805277525022747,132.69753993798744
SAXS-like,2.5887170154686077,127.69588938941772
SAXS-like,2.5969062784349406,125.7808077791253
SAXS-like,2.605095541401274,118.33423698585857
SAXS-like,2.613284804367607,114.16406312462863
SAXS-like,2.6214740673339403,111.91124168371162
SAXS-like,2.629663330300273,110.98011401820385
SAXS-like,2.637852593266606,105.31305135501607
SAXS-like,2.646041856232939,100.65975291238897
SAXS-like,2.654231119199272,99.45419176496844
SAXS-like,2.662420382165605,97.40355061428468
SAXS-like,2.670609645131938,95.693875902083
SAXS-like,2.6787989080982713,93.39583831901655
SAXS-like,2.686988171064604,92.75657782843496
SAXS-like,2.6951774340309376,91.40027307752881
SAXS-like,2.7033666969972705,87.58044099082665
SAXS-like,2.7115559599636034,87.72700087339051
SAXS-like,2.7197452229299364,86.69774476294846
SAXS-like,2.7279344858962693,85.18725519042337
SAXS-like,2.7361237488626022,85.7441072156114
SAXS-like,2.744313011828935,84.85143578100735
SAXS-like,2.7525022747952685,84.21300221790526
SAXS-like,2.7606915377616015,83.04734631948504
SAXS-like,2.7688808007279344,78.4046078648335
SAXS-like,2.777070063694268,83.0163059874437
SAXS-like,2.7852593266606007,80.73384363622537
SAXS-like,2.7934485896269337,82.61040669737525
SAXS-like,2.8016378525932666,81.8072306988607
SAXS-like,2.8098271155595995,80.49719009314916
SAXS-like,2.8180163785259325,81.84710059276028
SAXS-like,2.826205641492266,81.83326638239308
SAXS-like,2.8343949044585988,79.26911219322916
SAXS-like,2.8425841674249317,76.9010206227272
SAXS-like,2.850773430391265,79.16818157303678
SAXS-like,2.858962693357598,81.83407650157524
SAXS-like,2.867151956323931,77.73265464030939
SAXS-like,2.875341219290264,78.35918942404865
SAXS-like,2.883530482256597,80.30146591304323
SAXS-like,2.8917197452229297,79.28976642885706
SAXS-like,2.899909008189263,80.0332079470631
SAXS-like,2.908098271155596,78.57529560401372
SAXS-like,2.916287534121929,77.39875879435897
SAXS-like,2.9244767970882624,77.51721302160838
SAXS-like,2.9326660600545953,80.91656406630527
SAXS-like,2.9408553230209282,80.34863966488948
SAXS-like,2.949044585987261,77.95865144397986
SAXS-like,2.957233848953594,82.27117471251812
SAXS-like,2.965423111919927,78.04746612302736
SAXS-like,2.97361237488626,81.66818120729813
SAXS-like,2.9818016378525933,80.84506855507026
SAXS-like,2.9899909008189263,75.71781116709721
SAXS-like,2.9981801637852596,79.20259836138827
SAXS-like,3.0063694267515926,78.58323945864105
SAXS-like,3.0145586897179255,77.40184575580393
SAXS-like,3.0227479526842584,74.93259345301979
SAXS-like,3.0309372156505914,83.47745190267965
SAXS-like,3.0391264786169243,80.8723972956212
SAXS-like,3.0473157415832577,79.61846517901843
SAXS-like,3.0555050045495906,78.35681847574006
SAXS-like,3.0636942675159236,77.87834683536302
SAXS-like,3.0718835304822565,79.43668511529833
SAXS-like,3.08007279344859,80.35030788368783
SAXS-like,3.088262056414923,78.27062703133495
SAXS-like,3.0964513193812557,80.62838180094555
SAXS-like,3.1046405823475887,81.576623084836
SAXS-like,3.1128298453139216,79.83254656035466
SAXS-like,3.121019108280255,78.02262088632297
SAXS-like,3.129208371246588,80.8723759807235
SAXS-like,3.137397634212921,80.37313006758365
SAXS-like,3.1455868971792538,80.09150384599097
SAXS-like,3.153776160145587,79.76878060268973
SAXS-like,3.16196542311192,77.70769319541571
SAXS-like,3.170154686078253,78.38706723212299
SAXS-like,3.178343949044586,77.95225389573686
SAXS-like,3.186533212010919,78.1795196487095
SAXS-like,3.1947224749772523,80.20576317395505
SAXS-like,3.202911737943585,78.40737707634116
SAXS-like,3.211101000909918,77.8821802729082
SAXS-like,3.219290263876251,80.2809357858064
SAXS-like,3.2274795268425844,79.04023948372372
SAXS-like,3.2356687898089174,79.03669452565997
SAXS-like,3.2438580527752503,79.77710947094506
SAXS-like,3.2520473157415832,83.33085141708216
SAXS-like,3.260236578707916,79.0766971226037
SAXS-like,3.2684258416742495,77.36436459124765
SAXS-like,3.2766151046405825,79.57787085964642
SAXS-like,3.2848043676069154,78.42510507082724
SAXS-like,3.2929936305732483,81.87047962455075
SAXS-like,3.3011828935395813,79.09903067372434
SAXS-like,3.3093721565059147,83.61671385711549
SAXS-like,3.3175614194722476,77.7949773000561
SAXS-like,3.3257506824385805,77.32521796502407
SAXS-like,3.3339399454049135,81.56573085638368
SAXS-like,3.342129208371247,78.57352483985747
SAXS-like,3.3503184713375798,80.0219188875303
SAXS-like,3.3585077343039127,78.84519755439047
SAXS-like,3.3666969972702456,80.587768772876
SAXS-like,3.3748862602365786,77.95452639343722
SAXS-like,3.383075523202912,78.14488895251243
SAXS-like,3.391264786169245,79.91710375500925
SAXS-like,3.399454049135578,79.70511034773469
SAXS-like,3.4076433121019107,77.09703729483937
SAXS-like,3.415832575068244,74.80178523849726
SAXS-like,3.424021838034577,77.86287606608327
SAXS-like,3.43221110100091,78.78084802407484
SAXS-like,3.440400363967243,79.57152230460039
SAXS-like,3.448589626933576,79.18271630064713
SAXS-like,3.4567788898999092,79.8233498872522
SAXS-like,3.464968152866242,78.06477958361002
SAXS-like,3.473157415832575,78.30882238642076
SAXS-like,3.481346678798908,79.39999495484237
SAXS-like,3.489535941765241,79.05442018829034
SAXS-like,3.4977252047315743,77.97893506343263
SAXS-like,3.5059144676979073,78.92243435381738
SAXS-like,3.51410373066424,78.86045466408659
SAXS-like,3.522292993630573,79.88041690903084
SAXS-like,3.5304822565969065,81.12904312460408
SAXS-like,3.5386715195632394,78.45820381843707
SAXS-like,3.5468607825295724,80.48294298786993
SAXS-like,3.5550500454959053,77.81963205102122
SAXS-like,3.5632393084622382,82.23035326158933
SAXS-like,3.5714285714285716,81.4110849971405
SAXS-like,3.5796178343949046,78.66590502658869
SAXS-like,3.5878070973612375,82.51378354078311
SAXS-like,3.5959963603275704,79.57225597341942
SAXS-like,3.604185623293904,78.90029801543133
SAXS-like,3.6123748862602367,78.86325967796067
SAXS-like,3.6205641492265697,80.95345753590256
SAXS-like,3.6287534121929026,81.49144588749577
SAXS-like,3.6369426751592355,81.07356759892409
SAXS-like,3.645131938125569,81.47949158290287
SAXS-like,3.653321201091902,79.77271397360381
SAXS-like,3.6615104640582348,84.22132282458045
SAXS-like,3.6696997270245677,80.80554254071701
SAXS-like,3.677888989990901,83.2754565036271
SAXS-like,3.686078252957234,83.01966678642644
SAXS-like,3.694267515923567,85.52253644012862
SAXS-like,3.7024567788899,85.46850906752444
SAXS-like,3.710646041856233,85.97700837870207
SAXS-like,3.718835304822566,84.88709706881686
SAXS-like,3.727024567788899,87.41719405442416
SAXS-like,3.735213830755232,86.45567339466182
SAXS-like,3.743403093721565,86.1211842599627
SAXS-like,3.7515923566878984,87.30688421843828
SAXS-like,3.7597816196542313,91.43277310482705
SAXS-like,3.7679708826205642,87.33295102139198
SAXS-like,3.776160145586897,91.88256739878537
SAXS-like,3.78434940855323,94.03679517638108
SAXS-like,3.7925386715195635,92.38262461371237
SAXS-like,3.8007279344858964,94.0979086629634
SAXS-like,3.8089171974522293,93.85685983758603
SAXS-like,3.8171064604185623,96.22173068473697
SAXS-like,3.825295723384895,97.5677517300821
SAXS-like,3.8334849863512286,98.89414962768274
SAXS-like,3.8416742493175615,102.25002540713373
SAXS-like,3.8498635122838945,105.80113594022544
SAXS-like,3.8580527752502274,106.14539543726386
SAXS-like,3.8662420382165608,108.2495624748077
SAXS-like,3.8744313011828937,111.95459612326604
SAXS-like,3.8826205641492266,113.95537366851696
SAXS-like,3.8908098271155596,112.43186825391474
SAXS-like,3.8989990900818925,117.93503816112771
SAXS-like,3.907188353048226,120.38303244284279
SAXS-like,3.915377616014559,125.60093426934655
SAXS-like,3.9235668789808917,125.2886597875556
SAXS-like,3.9317561419472247,125.1359926848625
SAXS-like,3.939945404913558,130.64528866555253
SAXS-like,3.948134667879891,134.714890415825
SAXS-like,3.956323930846224,133.26719412909688
SAXS-like,3.964513193812557,140.297044703759
SAXS-like,3.97270245677889,145.09804230083685
SAXS-like,3.980891719745223,145.68692811841478
SAXS-like,3.989080982711556,151.31182227931745
SAXS-like,3.997270245677889,156.1320208214676
SAXS-like,4.005459508644222,158.6549654212263
SAXS-like,4.013648771610555,162.8639224591332
SAXS-like,4.021838034576888,166.2580601354741
SAXS-like,4.030027297543221,172.27173019090827
SAXS-like,4.038216560509554,173.78994989042664
SAXS-like,4.046405823475887,181.62986052199997
SAXS-like,4.05459508644222,186.69800332404043
SAXS-like,4.062784349408553,188.18940859452184
SAXS-like,4.070973612374886,193.70888438170718
SAXS-like,4.079162875341219,200.6410652111549
SAXS-like,4.087352138307552,207.82742982356376
SAXS-like,4.095541401273886,213.0082943199548
SAXS-like,4.103730664240219,214.61703745456714
SAXS-like,4.111919927206552,222.66181619597924
SAXS-like,4.120109190172885,226.77116638969008
SAXS-like,4.128298453139218,236.3219172157067
SAXS-like,4.136487716105551,238.80514297093788
SAXS-like,4.144676979071884,246.23670561876608
SAXS-like,4.1528662420382165,250.93701933517028
SAXS-like,4.1610555050045495,256.5703494136568
SAXS-like,4.169244767970882,261.47798727617885
SAXS-like,4.177434030937215,265.08423396016946
SAXS-like,4.185623293903548,273.85445136228384
SAXS-like,4.193812556869881,278.3547054203941
SAXS-like,4.202001819836215,284.4880987725043
SAXS-like,4.210191082802548,288.8277866896076
SAXS-like,4.218380345768881,292.0538504859566
SAXS-like,4.226569608735214,301.45505595845015
SAXS-like,4.234758871701547,305.0087549719954
SAXS-like,4.242948134667881,306.762499636079
SAXS-like,4.2511373976342135,312.77511968142244
SAXS-like,4.259326660600546,314.798196095949
SAXS-like,4.267515923566879,322.4440617180199
SAXS-like,4.275705186533212,325.84061046467315
SAXS-like,4.283894449499545,329.5349062071302
SAXS-like,4.292083712465878,334.2318447647647
SAXS-like,4.300272975432211,338.0788259243285
SAXS-like,4.308462238398544,340.9947677367115
SAXS-like,4.316651501364877,341.7995068819838
SAXS-like,4.32484076433121,344.8983207011296
SAXS-like,4.333030027297543,348.8707845792618
SAXS-like,4.341219290263876,348.0734462196714
SAXS-like,4.349408553230209,352.8150744114092
SAXS-like,4.3575978161965425,353.0904054578142
SAXS-like,4.3657870791628755,359.4927479849646
SAXS-like,4.373976342129208,357.5985710199155
SAXS-like,4.382165605095541,357.7836214981468
SAXS-like,4.390354868061875,360.7484651614366
SAXS-like,4.398544131028208,355.0739975466622
SAXS-like,4.406733393994541,357.60151811680066
SAXS-like,4.414922656960874,357.50686522583095
SAXS-like,4.423111919927207,358.4655444802006
SAXS-like,4.43130118289354,354.0550169619289
SAXS-like,4.439490445859873,355.0356436515527
SAXS-like,4.447679708826206,352.9153294231588
SAXS-like,4.455868971792539,352.858507312045
SAXS-like,4.4640582347588715,349.0432042767831
SAXS-like,4.4722474977252045,346.91709764965924
SAXS-like,4.480436760691537,343.67039119634035
SAXS-like,4.48862602365787,342.06212008120144
SAXS-like,4.496815286624203,336.3161699964911
SAXS-like,4.505004549590537,335.1885153756025
SAXS-like,4.51319381255687,332.1239761512899
SAXS-like,4.521383075523203,324.36041673815646
SAXS-like,4.529572338489536,321.269106120042
SAXS-like,4.537761601455869,317.97375361821605
SAXS-like,4.545950864422203,313.7132847622363
SAXS-like,4.554140127388536,304.80577307175275
SAXS-like,4.5623293903548685,305.288665157703
SAXS-like,4.570518653321201,299.2135255029678
SAXS-like,4.578707916287534,295.15206024995933
SAXS-like,4.586897179253867,288.73161087850514
SAXS-like,4.5950864422202,282.64889942145027
SAXS-like,4.603275705186533,279.07502859036765
SAXS-like,4.611464968152866,275.0458018077752
SAXS-like,4.619654231119199,264.9211937719138
SAXS-like,4.627843494085532,262.65367538296994
SAXS-like,4.636032757051865,258.5247212770566
SAXS-like,4.644222020018198,249.74871154824595
SAXS-like,4.652411282984532,246.10392664601937
SAXS-like,4.660600545950865,238.42918555446096
SAXS-like,4.6687898089171975,235.48976007481286
SAXS-like,4.6769790718835305,228.6170961282
SAXS-like,4.685168334849863,225.94836471204476
SAXS-like,4.693357597816197,218.78878501571367
SAXS-like,4.70154686078253,216.65288864686352
SAXS-like,4.709736123748863,206.49127364326068
SAXS-like,4.717925386715196,199.8315292188966
SAXS-like,4.726114649681529,196.03806537519998
SAXS-like,4.734303912647862,192.77901464440674
SAXS-like,4.742493175614195,186.64013161164712
SAXS-like,4.750682438580528,183.82353349271156
SAXS-like,4.758871701546861,180.82638220159376
SAXS-like,4.767060964513194,175.09582199250124
SAXS-like,4.7752502274795265,170.13017586083416
SAXS-like,4.7834394904458595,165.35571329161436
SAXS-like,4.791628753412192,160.2739825278508
SAXS-like,4.799818016378526,153.98182867731558
SAXS-like,4.808007279344859,154.70223309620735
SAXS-like,4.816196542311192,150.97040812413752
SAXS-like,4.824385805277525,143.19457974356283
SAXS-like,4.832575068243858,139.47907020167477
SAXS-like,4.840764331210192,137.72423892328283
SAXS-like,4.848953594176525,132.42067494320528
SAXS-like,4.857142857142858,132.9340910545007
SAXS-like,4.865332120109191,126.81384263200569
SAXS-like,4.8735213830755235,127.81096301836342
SAXS-like,4.8817106460418564,120.1342791711083
SAXS-like,4.889899909008189,119.12055626801049
SAXS-like,4.898089171974522,116.1103151614157
SAXS-like,4.906278434940855,115.73352219550306
SAXS-like,4.914467697907188,110.83063248750476
SAXS-like,4.922656960873521,109.41806786448659
SAXS-like,4.930846223839854,108.18972270094218
SAXS-like,4.939035486806187,106.17909509193021
SAXS-like,4.94722474977252,100.12771840208237
SAXS-like,4.955414012738854,100.68419653327216
SAXS-like,4.963603275705187,99.17919205697106
SAXS-like,4.97179253867152,98.56536623979392
SAXS-like,4.9799818016378525,99.40153238468656
SAXS-like,4.988171064604186,93.32238200914956
SAXS-like,4.996360327570519,93.76963407465118
SAXS-like,5.004549590536851,91.22166472711385
SAXS-like,5.012738853503185,94.08388326475743
SAXS-like,5.020928116469518,89.24475466955813
SAXS-like,5.029117379435851,89.99614080706658
SAXS-like,5.037306642402184,89.1267579516021
SAXS-like,5.045495905368517,88.46425049558633
SAXS-like,5.05368516833485,84.94310871446834
SAXS-like,5.061874431301183,87.28016191610054
SAXS-like,5.070063694267516,84.60028484081766
SAXS-like,5.078252957233849,84.59035719724251
SAXS-like,5.086442220200182,84.75890191032349
SAXS-like,5.094631483166515,86.37985071519537
SAXS-like,5.102820746132848,87.06489270103793
SAXS-like,5.111010009099181,80.77001396003529
SAXS-like,5.119199272065514,81.33426928304021
SAXS-like,5.127388535031847,80.67042739369329
SAXS-like,5.13557779799818,80.5452103099584
SAXS-like,5.143767060964513,79.89927813410267
SAXS-like,5.151956323930846,81.42515135756422
SAXS-like,5.16014558689718,79.91610155409637
SAXS-like,5.168334849863513,80.29561840355464
SAXS-like,5.176524112829846,80.12664996493776
SAXS-like,5.1847133757961785,79.90614268687325
SAXS-like,5.1929026387625115,76.0688141266901
SAXS-like,5.201091901728844,80.94982675307962
SAXS-like,5.209281164695177,81.03445527729218
SAXS-like,5.21747042766151,79.70117359475506
SAXS-like,5.225659690627843,77.04983076019869
SAXS-like,5.233848953594177,76.83588456043948
SAXS-like,5.24203821656051,77.32318815849635
SAXS-like,5.250227479526843,78.53062939005993
SAXS-like,5.258416742493176,79.4809487818994
SAXS-like,5.266606005459509,79.69654497044392
SAXS-like,5.274795268425842,77.23443046931592
SAXS-like,5.282984531392175,76.82417515285454
SAXS-like,5.2911737943585075,76.76068096902678
SAXS-like,5.2993630573248405,76.50875573153648
SAXS-like,5.307552320291174,80.32967124964317
SAXS-like,5.315741583257507,76.29601048271535
SAXS-like,5.32393084622384,74.38235695627563
SAXS-like,5.332120109190173,77.32182026789246
SAXS-like,5.340309372156506,78.31365138050083
SAXS-like,5.348498635122839,76.49532501302028
SAXS-like,5.356687898089172,76.32275628355806
SAXS-like,5.364877161055505,76.48134230817466
SAXS-like,5.373066424021838,78.87093132718938
SAXS-like,5.381255686988172,76.84576221265753
SAXS-like,5.3894449499545045,74.31865805721658
SAXS-like,5.3976342129208374,76.86691685167969
SAXS-like,5.40582347588717,77.74606052872974
SAXS-like,5.414012738853503,76.63006498511848
SAXS-like,5.422202001819836,76.64717646146336
SAXS-like,5.430391264786169,78.7164653569788
SAXS-like,5.438580527752502,78.32645814183302
SAXS-like,5.446769790718835,75.87713565131679
SAXS-like,5.454959053685169,76.90979797173922
SAXS-like,5.463148316651502,77.6852749650483
SAXS-like,5.471337579617835,78.2902618355564
SAXS-like,5.479526842584168,77.90449678588753
SAXS-like,5.487716105550501,79.35678049859425
SAXS-like,5.4959053685168335,77.6052147135329
SAXS-like,5.5040946314831665,77.83734425497464
SAXS-like,5.512283894449499,75.12678378740412
SAXS-like,5.520473157415832,78.22971804823854
SAXS-like,5.528662420382165,76.9713749160089
SAXS-like,5.536851683348499,75.79418005967905
SAXS-like,5.545040946314832,80.00578784894529
SAXS-like,5.553230209281165,77.28932170517376
SAXS-like,5.561419472247498,78.25328607704954
SAXS-like,5.569608735213831,75.98373266526083
SAXS-like,5.577797998180164,75.2035596599967
SAXS-like,5.585987261146497,77.41620634409453
SAXS-like,5.59417652411283,77.83817745060168
SAXS-like,5.6023657870791626,77.0293488133939
SAXS-like,5.610555050045496,78.07488249357752
SAXS-like,5.618744313011829,78.72558279759915
SAXS-like,5.626933575978162,78.43260780520154
SAXS-like,5.635122838944495,76.33246743571539
SAXS-like,5.643312101910828,77.04848490836942
SAXS-like,5.651501364877161,76.03539097436521
SAXS-like,5.659690627843494,75.8560267827145
SAXS-like,5.667879890809827,78.57922775103934
SAXS-like,5.67606915377616,80.31510565560616
SAXS-like,5.684258416742494,79.01066240887059
SAXS-like,5.692447679708827,74.87374480919327
SAXS-like,5.7006369426751595,75.73948468376419
SAXS-like,5.7088262056414925,77.07782770859913
SAXS-like,5.717015468607825,79.81084160753183
SAXS-like,5.725204731574158,76.0490062457638
SAXS-like,5.733393994540491,79.31220133102325
SAXS-like,5.741583257506824,79.09505574755923
SAXS-like,5.749772520473157,79.09158863133817
SAXS-like,5.757961783439491,78.8790011829208
SAXS-like,5.766151046405824,78.515294873723
SAXS-like,5.774340309372157,77.21510494877236
SAXS-like,5.78252957233849,81.35452896509045
SAXS-like,5.790718835304823,77.78958034033259
SAXS-like,5.798908098271156,80.42231344697801
SAXS-like,5.8070973612374885,77.75893018292737
SAXS-like,5.8152866242038215,80.20046830584042
SAXS-like,5.823475887170154,77.48747976238522
SAXS-like,5.831665150136488,80.32432355918871
SAXS-like,5.839854413102821,80.66083330751476
SAXS-like,5.848043676069154,80.47098147642727
SAXS-like,5.856232939035487,78.65662068403073
SAXS-like,5.86442220200182,81.50853432159643
SAXS-like,5.872611464968153,83.8241776351733
SAXS-like,5.880800727934486,80.68390376596193
SAXS-like,5.888989990900819,80.7319795096559
SAXS-like,5.897179253867152,81.41536246330966
SAXS-like,5.9053685168334855,83.14271175420181
SAXS-like,5.9135577797998184,79.23152589534442
SAXS-like,5.921747042766151,80.94224657168482
SAXS-like,5.929936305732484,83.91349485506625
SAXS-like,5.938125568698817,82.24443168998309
SAXS-like,5.94631483166515,86.29965684034283
SAXS-like,5.954504094631483,83.5579492767815
SAXS-like,5.962693357597816,83.8905486163418
SAXS-like,5.970882620564149,86.36442991438277
SAXS-like,5.979071883530482,83.98268757785718
SAXS-like,5.987261146496816,84.19752526218738
SAXS-like,5.995450409463149,84.6543210019215
SAXS-like,6.003639672429482,88.87180865976376
SAXS-like,6.0118289353958145,84.50465448740047
SAXS-like,6.0200181983621475,87.42455036945826
SAXS-like,6.02820746132848,87.21039036197186
SAXS-like,6.036396724294813,86.84863130825781
SAXS-like,6.044585987261146,90.69059082057333
SAXS-like,6.052775250227479,89.23452343286141
SAXS-like,6.060964513193813,95.84707664910499
SAXS-like,6.069153776160146,92.28684943372552
SAXS-like,6.077343039126479,93.0950297986108
SAXS-like,6.085532302092812,95.53427336419317
SAXS-like,6.093721565059145,98.35155507455532
SAXS-like,6.101910828025478,96.858438951961
SAXS-like,6.110100090991811,97.3541071338759
SAXS-like,6.1182893539581436,97.88001186560506
SAXS-like,6.1264786169244765,99.66758949914681
SAXS-like,6.13466787989081,103.1980930583648
SAXS-like,6.142857142857143,100.4795019789824
SAXS-like,6.151046405823476,107.7764154106638
SAXS-like,6.159235668789809,107.47772581067017
SAXS-like,6.167424931756142,104.6083080489762
SAXS-like,6.175614194722475,107.21163769155075
SAXS-like,6.183803457688808,107.98702974404497
SAXS-like,6.191992720655141,111.93266811335882
SAXS-like,6.200181983621474,114.1935581598399
SAXS-like,6.208371246587808,110.27197858910918
SAXS-like,6.2165605095541405,113.62876610343925
SAXS-like,6.2247497725204735,119.48179863039293
SAXS-like,6.232939035486806,118.61239142188306
SAXS-like,6.241128298453139,119.26096205796296
SAXS-like,6.249317561419472,119.84641041880428
SAXS-like,6.257506824385805,123.37137369385893
SAXS-like,6.265696087352138,125.39842381478249
SAXS-like,6.273885350318471,128.31603285567385
SAXS-like,6.282074613284805,129.1211290354465
SAXS-like,6.290263876251138,134.36476954957462
SAXS-like,6.298453139217471,133.47547107561405
SAXS-like,6.306642402183804,135.5580414728453
SAXS-like,6.314831665150137,137.26814548827042
SAXS-like,6.3230209281164695,139.76191352321823
SAXS-like,6.3312101910828025,145.87428886689932
SAXS-like,6.339399454049135,144.88259046489642
SAXS-like,6.347588717015468,146.6336988106582
SAXS-like,6.355777979981802,148.43150130696603
SAXS-like,6.363967242948135,151.27666468854332
SAXS-like,6.372156505914468,153.96358593417975
SAXS-like,6.380345768880801,157.28406521009464
SAXS-like,6.388535031847134,160.60509848075606
SAXS-like,6.396724294813467,161.2164185619936
SAXS-like,6.4049135577798,163.28744469552223
SAXS-like,6.413102820746133,169.96082617052832
SAXS-like,6.421292083712466,164.86304244888873
SAXS-like,6.4294813466787994,169.33151692161226
SAXS-like,6.437670609645132,171.23836331948755
SAXS-like,6.445859872611465,174.9725557391287
SAXS-like,6.454049135577798,178.48786428124237
SAXS-like,6.462238398544131,179.21262786031386
SAXS-like,6.470427661510464,181.2592969871208
SAXS-like,6.478616924476797,182.61442356955942
SAXS-like,6.48680618744313,185.26095825888507
SAXS-like,6.494995450409463,188.76670096121322
SAXS-like,6.503184713375797,189.64094436806468
SAXS-like,6.51137397634213,195.5120226128197
SAXS-like,6.519563239308463,193.86422758917874
SAXS-like,6.5277525022747955,198.032292099586
SAXS-like,6.5359417652411285,197.70476905105323
SAXS-like,6.544131028207461,198.93122795749218
SAXS-like,6.552320291173794,200.56390482033694
SAXS-like,6.560509554140127,202.38894991888287
SAXS-like,6.56869881710646,203.71386032243882
SAXS-like,6.576888080072793,207.19885364330858
SAXS-like,6.585077343039127,207.66293607690378
SAXS-like,6.59326660600546,209.60665095964208
SAXS-like,6.601455868971793,210.48566730041355
SAXS-like,6.609645131938126,208.65274968547723
SAXS-like,6.617834394904459,211.30350153679345
SAXS-like,6.626023657870792,215.21099538985007
SAXS-like,6.6342129208371245,215.8097417548918
SAXS-like,6.6424021838034575,212.88174910962385
SAXS-like,6.65059144676979,213.56992396487314
SAXS-like,6.658780709736124,212.82075039111115
SAXS-like,6.666969972702457,219.01362018676085
SAXS-like,6.67515923566879,217.29368853720075
SAXS-like,6.683348498635123,216.69500728942342
SAXS-like,6.691537761601456,218.5586374239538
SAXS-like,6.699727024567789,214.30476695723044
SAXS-like,6.707916287534122,217.26502368058993
SAXS-like,6.716105550500455,214.596853471745
SAXS-like,6.724294813466788,217.32155853123172
SAXS-like,6.7324840764331215,216.3444682399167
SAXS-like,6.7406733393994545,216.7895885528136
SAXS-like,6.748862602365787,214.38139178277265
SAXS-like,6.75705186533212,211.4290000222461
SAXS-like,6.765241128298453,212.79529907273556
SAXS-like,6.773430391264786,212.338858406915
SAXS-like,6.781619654231119,214.11252723265014
SAXS-like,6.789808917197452,210.60721705277308
SAXS-like,6.797998180163785,210.5449770988431
SAXS-like,6.806187443130119,209.3004979978812
SAXS-like,6.814376706096452,205.19615670410906
SAXS-like,6.822565969062785,204.09959255314158
SAXS-like,6.830755232029118,202.03572239267422
SAXS-like,6.8389444949954505,201.60946834853473
SAXS-like,6.8471337579617835,201.57304195523443
SAXS-like,6.855323020928116,200.33967981904615
SAXS-like,6.863512283894449,198.96325438503342
SAXS-like,6.871701546860782,196.21638613203817
SAXS-like,6.879890809827116,193.26484593352228
SAXS-like,6.888080072793449,190.76147374108527
SAXS-like,6.896269335759782,189.9438404285756
SAXS-like,6.904458598726115,187.3805532968312
SAXS-like,6.912647861692448,184.684632471355
SAXS-like,6.920837124658781,182.81776422886978
SAXS-like,6.929026387625114,182.2665438219061
SAXS-like,6.937215650591447,179.1686832101505
SAXS-like,6.94540491355778,176.61659610337136
SAXS-like,6.953594176524113,175.17004843475402
SAXS-like,6.961783439490446,171.0041550320367
SAXS-like,6.969972702456779,169.98831908458013
SAXS-like,6.978161965423112,167.71852633480793
SAXS-like,6.986351228389445,164.9738713383018
SAXS-like,6.994540491355778,164.95142244573333
SAXS-like,7.002729754322111,163.71169761805692
SAXS-like,7.010919017288444,161.1238023680137
SAXS-like,7.019108280254777,152.62587280835695
SAXS-like,7.02729754322111,156.24199925268996
SAXS-like,7.035486806187444,149.07088394812607
SAXS-like,7.0436760691537765,147.91735260332274
SAXS-like,7.0518653321201095,148.2523951485906
SAXS-like,7.060054595086442,146.50665460664757
SAXS-like,7.068243858052775,143.99292451926252
SAXS-like,7.076433121019108,140.36115721546585
SAXS-like,7.084622383985441,138.13548188489494
SAXS-like,7.092811646951774,134.16106324917578
SAXS-like,7.101000909918107,135.842029049898
SAXS-like,7.109190172884441,135.3728971790146
SAXS-like,7.117379435850774,130.65563661181926
SAXS-like,7.125568698817107,125.6439204781532
SAXS-like,7.13375796178344,122.44604499359976
SAXS-like,7.141947224749773,123.86709056407271
SAXS-like,7.1501364877161055,122.39226965785544
SAXS-like,7.1583257506824385,120.07176557843903
SAXS-like,7.166515013648771,118.53766511864752
SAXS-like,7.174704276615104,116.95514137080318
SAXS-like,7.182893539581438,116.15085229713777
SAXS-like,7.191082802547771,113.06254828732686
SAXS-like,7.199272065514104,113.21575762862142
SAXS-like,7.207461328480437,112.98483572266446
SAXS-like,7.21565059144677,108.64659459571808
SAXS-like,7.223839854413103,105.52137885050617
SAXS-like,7.232029117379436,106.30815829133891
SAXS-like,7.240218380345769,107.7518485191715
SAXS-like,7.248407643312102,104.75791267298347
SAXS-like,7.2565969062784355,101.10420299777611
SAXS-like,7.264786169244768,99.72722079612075
SAXS-like,7.272975432211101,96.8503011813562
SAXS-like,7.281164695177434,99.75760709497678
SAXS-like,7.289353958143767,95.7765706982754
SAXS-like,7.2975432211101,95.15361904235672
SAXS-like,7.305732484076433,94.35491628371425
SAXS-like,7.313921747042766,94.86064275947055
SAXS-like,7.322111010009099,95.59575570233505
SAXS-like,7.330300272975433,94.0359471945503
SAXS-like,7.338489535941766,91.70642056796217
SAXS-like,7.346678798908099,88.1578879780753
SAXS-like,7.3548680618744315,90.47216205009754
SAXS-like,7.3630573248407645,88.22061955218119
SAXS-like,7.371246587807097,88.26997836655795
SAXS-like,7.37943585077343,89.21577723587595
SAXS-like,7.387625113739763,87.13586044926471
SAXS-like,7.395814376706096,85.30638369058389
SAXS-like,7.40400363967243,87.42552066788284
SAXS-like,7.412192902638763,85.02198202275977
SAXS-like,7.420382165605096,83.8122774371288
SAXS-like,7.428571428571429,83.9492881083663
SAXS-like,7.436760691537762,82.85398532605771
SAXS-like,7.444949954504095,83.08298760095094
SAXS-like,7.453139217470428,84.2979380701195
SAXS-like,7.461328480436761,81.33945147640291
SAXS-like,7.4695177434030935,81.77662487907101
SAXS-like,7.477707006369427,80.60430950250675
SAXS-like,7.48589626933576,82.67264384773455
SAXS-like,7.494085532302093,82.82382024966755
SAXS-like,7.502274795268426,80.03271983871602
SAXS-like,7.510464058234759,79.82043462901892
SAXS-like,7.518653321201092,81.87510186559477
SAXS-like,7.526842584167425,78.74581766597026
SAXS-like,7.535031847133758,77.79686254315293
SAXS-like,7.543221110100091,80.52113202437558
SAXS-like,7.551410373066425,79.82423154064813
SAXS-like,7.5595996360327575,76.27936006910198
SAXS-like,7.5677888989990905,76.24454022329452
SAXS-like,7.575978161965423,76.83864688002681
SAXS-like,7.584167424931756,78.94443956292723
SAXS-like,7.592356687898089,79.62182163840086
SAXS-like,7.600545950864422,76.0643659974104
SAXS-like,7.608735213830755,80.78965223367753
SAXS-like,7.616924476797088,76.3824482740643
SAXS-like,7.625113739763421,79.83634696848453
SAXS-like,7.633303002729755,80.11280474523491
SAXS-like,7.641492265696088,79.14599399832824
SAXS-like,7.649681528662421,77.43789800548473
SAXS-like,7.657870791628754,77.22131065758039
SAXS-like,7.6660600545950865,75.51764468124719
SAXS-like,7.6742493175614195,77.93357505973803
SAXS-like,7.682438580527752,79.76557044383411
SAXS-like,7.690627843494085,77.61688403104907
SAXS-like,7.698817106460418,77.55744951009167
SAXS-like,7.707006369426752,76.78225970100472
SAXS-like,7.715195632393085,76.50150716024879
SAXS-like,7.723384895359418,75.60712998471372
SAXS-like,7.731574158325751,77.32900417853024
SAXS-like,7.739763421292084,76.00672624127043
SAXS-like,7.747952684258417,77.65283258864754
SAXS-like,7.75614194722475,79.05152861637491
SAXS-like,7.764331210191083,76.66464105497462
SAXS-like,7.772520473157416,75.51436730690797
SAXS-like,7.780709736123749,77.64580263781187
SAXS-like,7.788898999090082,76.78171769573959
SAXS-like,7.797088262056415,77.49107136413377
SAXS-like,7.805277525022748,74.47176744963036
SAXS-like,7.813466787989081,74.56646697162523
SAXS-like,7.821656050955414,76.51239810520144
SAXS-like,7.829845313921747,78.25608732614823
SAXS-like,7.83803457688808,77.06747470734804
SAXS-like,7.846223839854413,75.20547247802321
SAXS-like,7.854413102820747,77.69849948648877
SAXS-like,7.86260236578708,76.33280153563726
SAXS-like,7.8707916287534125,75.26656098458051
SAXS-like,7.8789808917197455,76.59207599781054
SAXS-like,7.887170154686078,77.04726532928277
SAXS-like,7.895359417652411,74.6571648072279
SAXS-like,7.903548680618744,76.76602735866804
SAXS-like,7.911737943585077,79.30159021313686
SAXS-like,7.91992720655141,75.44499550760018
SAXS-like,7.928116469517744,74.74042556300789
SAXS-like,7.936305732484077,76.2429266046601
SAXS-like,7.94449499545041,75.00824365226347
SAXS-like,7.952684258416743,74.94359949342862
SAXS-like,7.960873521383076,75.47669571866702
SAXS-like,7.969062784349409,75.53522506288179
SAXS-like,7.977252047315742,78.33089587873661
SAXS-like,7.9854413102820745,75.16752551496126
SAXS-like,7.993630573248407,75.10541053158335
SAXS-like,8.001819836214741,75.90429370662419
SAXS-like,8.010009099181074,75.80751130651161
SAXS-like,8.018198362147407,74.9684251719767
SAXS-like,8.02638762511374,74.9420110093783
SAXS-like,8.034576888080073,76.40278798441564
SAXS-like,8.042766151046406,74.13747223313659
SAXS-like,8.050955414012739,75.99897557383562
SAXS-like,8.059144676979072,77.11022448265825
SAXS-like,8.067333939945405,74.15403153922786
SAXS-like,8.075523202911738,73.77464617798253
SAXS-like,8.083712465878072,75.05574342144627
SAXS-like,8.091901728844405,74.54074884802922
SAXS-like,8.100090991810738,75.52340706242892
SAXS-like,8.108280254777071,74.32090900807069
SAXS-like,8.116469517743404,77.79759963355649
SAXS-like,8.124658780709737,75.29816708600751
SAXS-like,8.13284804367607,75.33807230965157
SAXS-like,8.141037306642403,75.3545442333569
SAXS-like,8.149226569608736,74.87078128562868
SAXS-like,8.157415832575069,77.31492625105825
SAXS-like,8.165605095541402,76.13652866886453
SAXS-like,8.173794358507735,77.66263901873555
SAXS-like,8.181983621474068,78.07105348674162
SAXS-like,8.1901728844404,76.26300290175055
SAXS-like,8.198362147406733,75.50030859866273
SAXS-like,8.206551410373066,78.00248436689193
SAXS-like,8.2147406733394,76.0406734995664
SAXS-like,8.222929936305732,77.4504134392299
SAXS-like,8.231119199272065,75.846641730618
SAXS-like,8.239308462238398,77.33055291199156
SAXS-like,8.247497725204731,76.5866577705928
SAXS-like,8.255686988171064,74.95383589381214
SAXS-like,8.263876251137397,78.37737613623382
SAXS-like,8.27206551410373,76.96762256103369
SAXS-like,8.280254777070063,73.77737931217028
SAXS-like,8.288444040036396,76.90105068710135
SAXS-like,8.296633303002729,75.989012385267
SAXS-like,8.304822565969063,77.47375335673193
SAXS-like,8.313011828935396,76.48313103073434
SAXS-like,8.32120109190173,75.82560540574413
SAXS-like,8.329390354868062,77.48491154321638
SAXS-like,8.337579617834395,74.50014707937339
SAXS-like,8.345768880800728,76.77742887918662
SAXS-like,8.353958143767061,77.52245510441108
SAXS-like,8.362147406733394,77.26020700271165
SAXS-like,8.370336669699727,73.98686341213512
SAXS-like,8.378525932666061,76.2271656894963
SAXS-like,8.386715195632394,73.297687251111
SAXS-like,8.394904458598727,74.40350617687949
SAXS-like,8.40309372156506,76.25301169818228
SAXS-like,8.411282984531393,75.06651811779138
SAXS-like,8.419472247497726,78.12243868932394
SAXS-like,8.427661510464059,76.65974604807666
SAXS-like,8.435850773430392,77.28385228433476
SAXS-like,8.444040036396725,75.34862204188195
SAXS-like,8.452229299363058,75.52010209461493
SAXS-like,8.46041856232939,75.17654545610642
SAXS-like,8.468607825295724,74.99966469558896
SAXS-like,8.476797088262057,76.63446409727761
SAXS-like,8.48498635122839,76.78790627672203
SAXS-like,8.493175614194723,74.47996132118689
SAXS-like,8.501364877161055,76.47560700260753
SAXS-like,8.509554140127388,74.04793077942169
SAXS-like,8.517743403093721,75.40922734097512
SAXS-like,8.525932666060054,76.73291458793713
SAXS-like,8.534121929026387,74.76615797376411
SAXS-like,8.54231119199272,74.36180274066912
SAXS-like,8.550500454959053,74.09547450986233
SAXS-like,8.558689717925386,73.70592691011873
SAXS-like,8.566878980891719,76.54867162008838
SAXS-like,8.575068243858052,75.5075196122176
SAXS-like,8.583257506824385,75.31717374105975
SAXS-like,8.591446769790718,77.30526235145456
SAXS-like,8.599636032757052,74.9001651991412
SAXS-like,8.607825295723385,76.03488103352855
SAXS-like,8.616014558689718,76.84793203075509
SAXS-like,8.624203821656051,75.96696433001901
SAXS-like,8.632393084622384,79.60282532904307
SAXS-like,8.640582347588717,74.21237480649073
SAXS-like,8.64877161055505,74.98231023486902
SAXS-like,8.656960873521383,75.78698122929033
SAXS-like,8.665150136487716,75.63245047951372
SAXS-like,8.673339399454049,76.63679315667574
SAXS-like,8.681528662420384,76.90297781943873
SAXS-like,8.689717925386717,74.52726972456155
SAXS-like,8.69790718835305,76.38217451603886
SAXS-like,8.706096451319382,75.19418074517225
SAXS-like,8.714285714285715,76.39324001549431
SAXS-like,8.722474977252048,75.3075343563337
SAXS-like,8.730664240218381,76.74155616005169
SAXS-like,8.738853503184714,76.64863866647542
SAXS-like,8.747042766151047,76.84997500981304
SAXS-like,8.75523202911738,75.3697226305557
SAXS-like,8.763421292083713,76.50941814632432
SAXS-like,8.771610555050046,77.1945657505475
SAXS-like,8.779799818016379,77.06285056652905
SAXS-like,8.787989080982712,74.19175563329169
SAXS-like,8.796178343949045,74.67972132227867
SAXS-like,8.804367606915378,75.03202645561475
SAXS-like,8.81255686988171,77.41884764799157
SAXS-like,8.820746132848043,76.71007255764248
SAXS-like,8.828935395814376,77.92668814460988
SAXS-like,8.83712465878071,74.21171419225244
SAXS-like,8.845313921747042,73.01543944352346
SAXS-like,8.853503184713375,77.14784800725661
SAXS-like,8.861692447679708,76.56661627085589
SAXS-like,8.869881710646041,75.80651833621822
SAXS-like,8.878070973612374,77.21844103048413
SAXS-like,8.886260236578707,75.45285519771376
SAXS-like,8.89444949954504,75.90557625017767
SAXS-like,8.902638762511375,76.65259003347512
SAXS-like,8.910828025477707,77.73808328128973
SAXS-like,8.91901728844404,77.68791209243724
SAXS-like,8.927206551410373,75.77091849371351
SAXS-like,8.935395814376706,78.19053145349848
SAXS-like,8.94358507734304,74.85500910862773
SAXS-like,8.951774340309372,76.44394881390049
SAXS-like,8.959963603275705,76.26756827907587
SAXS-like,8.968152866242038,72.85745950498466
SAXS-like,8.976342129208373,76.55289496451056
SAXS-like,8.984531392174706,76.35753457906627
SAXS-like,8.992720655141039,75.33697916424428
SAXS-like,9.00090991810737,75.00569618607022
SAXS-like,9.009099181073703,75.21201265551171
SAXS-like,9.017288444040037,73.61917752227248
SAXS-like,9.02547770700637,74.77810858369348
SAXS-like,9.033666969972703,74.21588030157542
SAXS-like,9.041856232939036,75.41280319359862
SAXS-like,9.050045495905369,74.33404835319524
SAXS-like,9.058234758871702,76.82473288115732
SAXS-like,9.066424021838035,75.81504310077554
SAXS-like,9.074613284804368,75.55909711241083
SAXS-like,9.0828025477707,76.43083205848926
SAXS-like,9.090991810737034,75.71401418068491
SAXS-like,9.099181073703367,77.1412422601846
SAXS-like,9.1073703366697,75.34283894536905
SAXS-like,9.115559599636033,74.00290742232714
SAXS-like,9.123748862602366,74.08559870071018
SAXS-like,9.131938125568698,74.61307568099397
SAXS-like,9.140127388535031,74.58808686226199
SAXS-like,9.148316651501364,75.34258895431674
SAXS-like,9.156505914467697,73.61467061134037
SAXS-like,9.164695177434032,75.8595297302507
SAXS-like,9.172884440400365,74.83167572715976
SAXS-like,9.181073703366698,75.09976925360556
SAXS-like,9.18926296633303,74.51062446610065
SAXS-like,9.197452229299364,76.04936891639002
SAXS-like,9.205641492265697,75.26333919042375
SAXS-like,9.21383075523203,76.23933573563683
SAXS-like,9.222020018198362,75.37575537811645
SAXS-like,9.230209281164695,77.47982259516513
SAXS-like,9.238398544131028,75.89702624630993
SAXS-like,9.246587807097361,74.63118633261153
SAXS-like,9.254777070063694,77.04336056324826
SAXS-like,9.262966333030027,73.74664727801483
SAXS-like,9.27115559599636,76.59071299761233
SAXS-like,9.279344858962693,76.5264703193923
SAXS-like,9.287534121929026,75.74412219582958
SAXS-like,9.295723384895359,77.39168655372801
SAXS-like,9.303912647861692,77.17948225587281
SAXS-like,9.312101910828027,77.3899808362947
SAXS-like,9.32029117379436,76.4590138377992
SAXS-like,9.328480436760692,76.72876555861538
SAXS-like,9.336669699727025,73.65421441682933
SAXS-like,9.344858962693358,74.75371373400941
SAXS-like,9.353048225659691,74.26674389679569
SAXS-like,9.361237488626024,76.69584174039143
SAXS-like,9.369426751592357,76.42204395810045
SAXS-like,9.37761601455869,77.86898833729008
SAXS-like,9.385805277525023,74.59336869676413
SAXS-like,9.393994540491356,72.37770797778435
SAXS-like,9.402183803457689,75.90915700154922
SAXS-like,9.410373066424022,76.02297614114833
SAXS-like,9.418562329390355,75.07926006891816
SAXS-like,9.426751592356688,74.62640165839257
SAXS-like,9.43494085532302,75.5305353812524
SAXS-like,9.443130118289353,79.05570599884584
SAXS-like,9.451319381255686,73.54467614218542
SAXS-like,9.45950864422202,76.79811961789316
SAXS-like,9.467697907188354,76.16085733797867
SAXS-like,9.475887170154687,75.56441513920413
SAXS-like,9.48407643312102,77.59252557101253
SAXS-like,9.492265696087353,74.61594384001437
SAXS-like,9.500454959053686,75.57332757144795
SAXS-like,9.508644222020019,75.00911396483717
SAXS-like,9.516833484986352,76.4862117480556
SAXS-like,9.525022747952685,75.18772407131587
SAXS-like,9.533212010919017,77.33766695874925
SAXS-like,9.54140127388535,75.0062436937278
SAXS-like,9.549590536851683,75.22991784959946
SAXS-like,9.557779799818016,75.93438472494283
SAXS-like,9.56596906278435,76.82523760303921
SAXS-like,9.574158325750682,73.95254213489056
SAXS-like,9.582347588717015,78.15824260400993
SAXS-like,9.590536851683348,72.93821823060408
SAXS-like,9.598726114649681,76.54293745745701
SAXS-like,9.606915377616014,76.65218511260326
SAXS-like,9.615104640582349,77.40871386679285
SAXS-like,9.623293903548682,75.94444197484647
SAXS-like,9.631483166515014,74.87863657117947
SAXS-like,9.639672429481347,74.15873206757196
SAXS-like,9.64786169244768,76.59236316201296
SAXS-like,9.656050955414013,73.2294277520935
SAXS-like,9.664240218380346,73.128219462925
SAXS-like,9.67242948134668,76.26161765682565
SAXS-like,9.680618744313012,77.84161147824796
SAXS-like,9.688808007279345,75.52698842071214
SAXS-like,9.696997270245678,75.34689499811839
SAXS-like,9.70518653321201,74.61062381359488
SAXS-like,9.713375796178344,73.54862949396282
SAXS-like,9.721565059144677,76.11309141054826
SAXS-like,9.72975432211101,73.6149726305514
SAXS-like,9.737943585077343,76.57164559025864
SAXS-like,9.746132848043676,74.57908162441073
SAXS-like,9.754322111010008,73.39709248025044
SAXS-like,9.762511373976343,75.02188743804265
SAXS-like,9.770700636942676,75.54002259151463
SAXS-like,9.778889899909009,73.71275175315957
SAXS-like,9.787079162875342,71.77587509575318
SAXS-like,9.795268425841675,74.97670151381654
SAXS-like,9.803457688808008,75.85968159796201
SAXS-like,9.81164695177434,75.13226376511227
SAXS-like,9.819836214740674,77.52984097573147
SAXS-like,9.828025477707007,76.7891436869382
SAXS-like,9.83621474067334,75.51548009451342
SAXS-like,9.844404003639672,76.63440328290042
SAXS-like,9.852593266606005,75.56723394531258
SAXS-like,9.860782529572338,75.0899909609224
SAXS-like,9.868971792538671,77.4334188821362
SAXS-like,9.877161055505004,74.91212353185958
SAXS-like,9.885350318471337,75.91303745341966
SAXS-like,9.89353958143767,77.78854264374392
SAXS-like,9.901728844404003,76.28163821829379
SAXS-like,9.909918107370338,74.69862424502568
SAXS-like,9.91810737033667,76.58392097586172
SAXS-like,9.926296633303004,73.88943463308422
SAXS-like,9.934485896269337,76.04178500235987
SAXS-like,9.94267515923567,74.65409724983277
SAXS-like,9.950864422202002,75.63426684495799
SAXS-like,9.959053685168335,75.28168772412347
SAXS-like,9.967242948134668,75.11621002190054
SAXS-like,9.975432211101001,75.38577410842235
SAXS-like,9.983621474067334,72.7446496119817
SAXS-like,9.991810737033667,74.47009098543296
SAXS-like,10.0,76.40576226865306
