curve_uid,kind,family,adequate,alpha,Q_mV,beta,R_ohm_cm2,n_compatible,RMSE_mV,R2,bias_mV,max_abs_mV,condition,n_points,pass_R2_and_RMSE3
batch0/case10/figure_4__panel_b/curve_2,BV+jR,K4,True,0.59,0.707945784384138,3.630561867471239,0.19499620450683486,1,1.8496948805851707,0.9948072564454217,0.3692330522417279,5.693263663924498,KOH,30,True
batch0/case12/figure_3__panel_a/curve_2,linear,L,True,,1.0,0.3259315199702153,3.0681291582090107,1,3.2286302969254312,0.9914051450983871,0.5103641262125068,9.572428154209847,KOH,38,False
batch0/case16/figure_2__panel_a/curve_3,BV+jR,K2,True,0.88,7.943282347242821,25.975402748857363,0.3058001611771829,1,4.4270636759345265,0.9903362214871346,1.1500146331207577,10.286348241384708,KOH,14,False
batch0/case17/figure_3__panel_A/curve_green_coml_pt_c,BV+jR,K2,True,0.88,7.943282347242821,14.650328733600535,0.5421914068743658,1,2.4185100588167505,0.9992726513236079,-0.3668777502739546,5.419886149169855,KOH,19,True
batch0/case19/figure_4__panel_a/curve_1,BV+jR,K5,True,0.32,3.5481338923357533,3.1293274146692958,1.1338327449225112,1,6.093564140189438,0.9915976557593293,-2.3179305139580046,14.923591016121868,KOH,29,False
batch0/case20/figure_3__panel_a/curve_5,BV+jR,K1,True,0.98,0.5623413251903491,0.8382362620681982,0.6708625606375848,1,3.837734497682506,0.9901554016921359,0.7349379284712808,8.074727141608946,KOH,38,False
batch0/case21/figure_4__panel_a/curve_5,BV+jR,K3,False,0.73,2.2387211385683425,1.1637512784932644,1.9237110024634012,0,7.433837504899276,0.9895043856692534,1.6448152522299495,14.904646108570946,KOH,19,False
batch0/case23/figure_3__panel_a/curve_4,BV+jR,K2,True,0.88,7.943282347242821,6.053160063618269,1.3122538085495024,1,3.2868674914318494,0.9943297497101325,0.25798149633590706,4.976975152330301,KOH,19,False
batch0/case27/figure_4__panel_a/panel_a_pt_c_cfp,BV+jR,K2,True,0.88,7.943282347242821,7.70331738367702,1.0311508602870596,2,2.2214136557370607,0.9969589116308955,0.37427241963798713,7.172493070120431,KOH,30,True
batch0/case29/figure_3__panel_a/curve_7,BV+jR,K4,False,0.59,0.707945784384138,1.5825569517467455,0.44734300626763773,0,11.473192222159284,0.9750501612987899,-1.0713052520584636,46.54729986022567,KOH,24,False
batch0/case3/figure_4__a/curve_1,BV+jR,K2,True,0.88,7.943282347242821,6.698254211550844,1.185873527096804,1,2.3619452190383785,0.9905401734021776,-0.4713440351961981,4.343137848862934,KOH,24,True
batch0/case30/figure_3__panel_a/curve_4,BV+jR,K3,True,0.73,2.2387211385683425,2.7517464043893036,0.8135637553654523,1,4.201536810338733,0.9928685601410491,1.0437302656925551,10.188677818113973,KOH,32,False
batch0/case31/figure_3__panel_a/curve_yellow,BV+jR,K2,True,0.88,7.943282347242821,9.024368582080085,0.8802036702064671,2,3.7421841814806607,0.9979511904599161,-1.5076414857089409,6.2774929940785,KOH,16,False
batch0/case32/figure_3__panel_a/curve_4,BV+jR,K3,True,0.73,2.2387211385683425,3.3342349172956305,0.671434735133825,2,2.579985715121803,0.9940700099538808,-0.795458440067448,5.423040311109954,KOH,38,True
batch0/case33/figure_3__panel_a/curve_4,BV+jR,K3,True,0.73,2.2387211385683425,1.684421595652777,1.329074113242269,1,7.645699092594308,0.9919798979678379,1.241105775413388,15.786395075344672,KOH,33,False
batch0/case34/figure_3__panel_a/curve_pt_c,BV+jR,K2,True,0.88,7.943282347242821,17.62553593244811,0.4506689826446335,1,4.544530567741501,0.9967135533987895,0.043861588775157445,8.300605837245456,KOH,16,False
batch0/case35/figure_3__panel_a/curve_3,BV+jR,K5,False,0.32,3.5481338923357533,6.008382479099937,0.5905306302782622,0,14.156647923056266,0.9648045746815553,-3.744751219687175,36.82816051756333,KOH,28,False
batch0/case36/figure_4__panel_a/curve_5,BV+jR,K3,True,0.73,2.2387211385683425,2.1667804272760653,1.0332016619619904,1,8.056818744630394,0.9911393453432575,1.0914948767855575,16.69922110364527,KOH,30,False
batch0/case37/figure_3__panel_A/curve_gray,BV+jR,K3,True,0.73,2.2387211385683425,2.25824842291311,0.9913529069049111,2,2.8527935697670954,0.9922969502626955,1.03019492459636,9.67602485650493,KOH,34,True
batch0/case37/figure_3__panel_D/curve_gray_dashed,BV+jR,K4,True,0.59,0.707945784384138,0.17319663320762932,4.0875262484776345,1,6.966188186216766,0.9924551445047528,-1.9169381874578657,17.296283046666204,KOH,21,False
batch0/case37/figure_3__panel_D/curve_gray_solid,BV+jR,K3,True,0.73,2.2387211385683425,2.174788993835515,1.0293969414568698,1,1.2437346054152945,0.9988398419954698,0.44245284979529437,2.46470133943199,KOH,30,True
batch0/case39/figure_3__panel_a/curve_gray,linear,L,True,,1.0,0.6741298976308608,1.4833936360252913,1,2.4344373254285396,0.9978067501938666,0.9292556135366973,7.048045820784068,KOH,27,True
batch0/case4/figure_4__panel_a/curve_orange,BV+jR,K3,True,0.73,2.2387211385683425,3.298701663693116,0.6786673566781257,1,1.8084519745492147,0.9978604905396472,0.5329432520639544,4.945234668071374,KOH,14,True
batch0/case40/figure_4__a/curve_5,BV+jR,K4,True,0.59,0.707945784384138,1.8973724494663473,0.3731190386912459,1,4.015617041975453,0.9951486806441228,-0.9429706423097999,9.704496641792872,KOH,37,False
batch0/case41/figure_2__panel_f/curve_1,BV+jR,K4,True,0.59,0.707945784384138,1.3423827202234184,0.5273799891183877,2,3.327329672699869,0.9945409837148167,1.3375922172409815,7.688746584321336,KOH,28,False
batch0/case43/figure_3__panel_a/curve_20pct_ptc,BV+jR,K3,True,0.73,2.2387211385683425,5.785510933079477,0.3869530564307013,1,1.5417670905210095,0.997848957141578,0.3912535754974045,3.0054913751936283,KOH,36,True
batch0/case45/figure_3__panel_a/curve_ptc,BV+jR,K5,True,0.32,3.5481338923357533,2.83571269871183,1.2512317957836674,1,7.391839640569625,0.9913986090160386,2.7884239722967514,13.521956578944605,KOH,23,False
batch0/case46/figure_3__panel_a/curve_6,BV+jR,K1,True,0.98,0.5623413251903491,1.6204475955389332,0.34702839310476064,2,2.931979152492203,0.9969263012615515,-1.5470608308669838,4.38277472328862,KOH,21,True
batch0/case48/figure_4__panel_a/curve_4,BV+jR,K2,True,0.88,7.943282347242821,5.04725645330741,1.5737821964718433,2,4.473264090556217,0.9973784395563151,-1.9569360592584706,8.145775347970073,KOH,43,False
batch0/case49/figure_3__panel_a/curve_1,BV+jR,K5,True,0.32,3.5481338923357533,1.5364733982937477,2.309271280762786,1,2.502405795561475,0.9991236166128538,0.577121873386491,8.664082884955386,KOH,30,True
batch0/case49/figure_6__a/curve_1,BV+jR,K5,True,0.32,3.5481338923357533,1.5225442639969542,2.3303978585300764,1,1.7174850331067786,0.9994933063352572,-0.5662216079891735,4.63647390932816,KOH,27,True
batch0/case51/figure_2__panel_a/curve_1,BV+jR,K4,False,0.59,0.707945784384138,0.9324889247925362,0.7592002066315635,0,8.101471933998575,0.980634959979193,-1.3644817204023472,18.079647019133972,KOH,43,False
batch0/case51/figure_2__panel_f/curve_1,BV+jR,K4,False,0.59,0.707945784384138,0.9113317269071152,0.7768255657978352,0,7.014626400124644,0.9880264491413165,-0.7684015641290692,15.311990557690962,KOH,54,False
batch0/case51/figure_2__panel_f/curve_2,BV+jR,K4,False,0.59,0.707945784384138,0.7707551557906963,0.9185093074828362,0,15.924818002230282,0.9449892299807015,-5.881195464661062,31.470039326874996,KOH,27,False
batch0/case52/figure_4__panel_a/curve_olive,linear,L,True,,1.0,0.4680289329065632,2.1366200456663624,1,8.25673251773644,0.9910262346613669,-2.492332397706502,16.764390796973586,KOH,26,False
batch0/case57/figure_4__panel_a/curve_ptc,BV+jR,K3,True,0.73,2.2387211385683425,2.2789531436032617,0.9823462780935863,1,1.09441552874002,0.9992100370660753,-0.03940092430663285,2.9925445932095016,KOH,30,True
batch0/case6/figure_5__panel_a/curve_black,BV+jR,K3,True,0.73,2.2387211385683425,5.856119953507508,0.3822874456708262,2,4.183022375707149,0.9972087435935009,1.934703488371301,9.243494894035969,KOH,27,False
batch0/case7/figure_4__panel_a/curve_orange,linear,L,True,,1.0,0.23468053244391998,4.261111859540216,1,7.5224633352722385,0.9920536752647707,-3.0633474124063773,14.5037397835045,KOH,33,False
batch0/case8/figure_3__panel_a/curve_5,BV+jR,K5,True,0.32,3.5481338923357533,15.963500432604643,0.2222654052170706,2,3.467733252906837,0.996551983386311,-0.8503290528004982,8.04199238696615,KOH,20,False
batch0/case9/figure_3__panel_a/curve_2,BV+jR,K3,True,0.73,2.2387211385683425,3.0429245076651172,0.7357136639206826,1,5.045438760924667,0.9937747484313708,1.9592108090844487,17.458142346347895,KOH,30,False
batch1/case1/figure_2__panel_a/curve_1,BV+jR,K4,False,0.59,0.707945784384138,1.880684257315167,0.3764298986554976,0,5.494829014951492,0.9700553766280909,-1.936549176990422,10.472331963456728,KOH,29,False
batch1/case10/figure_3__panel_a/curve_ptc,linear,L,True,,1.0,0.4553955864608166,2.195893042731635,1,6.114743242911241,0.9948859870739479,-2.5121092388681876,7.436491401503531,KOH,21,False
batch1/case100/figure_2__panel_a/curve_4,BV+jR,K1,True,0.98,0.5623413251903491,1.4839229435452155,0.3789558801799161,1,2.0829464378502696,0.9947020018300233,0.46294029693882777,3.79170685636322,KOH,21,True
batch1/case102/figure_3__panel_c/curve_4,linear,L,True,,1.0,0.49281800832833,2.0291466283711173,1,7.162530448751142,0.9929798606633509,1.3283335665426523,15.401256229159191,KOH,9,False
batch1/case103/figure_4__panel_a/curve_4,BV+jR,K1,True,0.98,0.5623413251903491,0.5029347859595276,1.1181197660000437,2,1.7553081075266224,0.9982810325656644,0.4847195163158056,5.274356685577061,KOH,23,True
batch1/case104/figure_3__panel_a/curve_4,BV+jR,K2,True,0.88,7.943282347242821,3.956381754918059,2.007713825231543,1,2.353103522461258,0.9983888179101222,-0.7508092363026044,3.7923177323011714,KOH,24,True
batch1/case106/figure_5__panel_c/curve_4,BV+jR,K2,False,0.88,7.943282347242821,4.431376083305142,1.7925091885494684,0,14.372766105325324,0.9670267970310445,1.8662161187465285,42.65416964335108,KOH,23,False
batch1/case107/figure_4__panel_A/curve_1,BV+jR,K4,True,0.59,0.707945784384138,0.7974075944575839,0.8878091822861306,1,3.4667118787364637,0.9938780571540788,0.28888083628980304,9.09630190869512,KOH,21,False
batch1/case107/figure_4a__panel_A/curve_ptc,BV+jR,K4,True,0.59,0.707945784384138,0.7893799173184652,0.8968378455700265,2,2.2873188689070725,0.9960912434626018,0.024252651949174364,4.508058691616945,KOH,26,True
batch1/case11/figure_4__panel_a/curve_1,linear,L,True,,1.0,0.2996264545852601,3.3374890123910785,1,1.9058527556626654,0.998058586605322,0.6127279733393217,7.2621500981901965,KOH,34,True
batch1/case12/figure_4__panel_a/curve_ptc,BV+jR,K3,True,0.73,2.2387211385683425,0.907369362323147,2.4672655166982076,1,3.394824021783524,0.9977011802913345,1.2539052439039255,9.375914266189318,KOH,27,False
batch1/case18/figure_3__a/curve_green,BV+jR,K1,True,0.98,0.5623413251903491,1.4611453973300637,0.38486335871701044,1,2.9529788439626854,0.9959919206892,-1.2052553388734877,5.822160513979277,KOH,25,True
batch1/case2/figure_2__panel_a/curve_pt_c,BV+jR,K3,True,0.73,2.2387211385683425,1.3660842678528609,1.6387869996387896,1,3.2467320367358665,0.9947046445972981,-0.674428680759782,7.345132466386367,KOH,19,False
batch1/case2/figure_2__panel_e/curve_2,BV+jR,K4,True,0.59,0.707945784384138,1.754070549855457,0.4036016592619241,1,2.249302342941273,0.9972206024214606,-0.7134037063934073,4.826117470125865,KOH,38,True
batch1/case22/figure_5__a/curve_ptc,BV+jR,K2,True,0.88,7.943282347242821,8.243069175536252,0.9636316495822773,1,2.261675788039915,0.9982800349157234,0.1530006599037279,6.118504487779379,KOH,16,True
batch1/case23/figure_3__panel_a/curve_green,linear,L,True,,1.0,0.8658109508102764,1.15498654650203,1,1.360683717821698,0.9927922569478989,-0.6182221835532347,2.2469817585046883,KOH,17,True
batch1/case27/figure_4__panel_a/curve_ptc,BV+jR,K3,True,0.73,2.2387211385683425,1.6341801093511348,1.3699353735600452,3,5.147116055376815,0.9966916593102857,0.30787593723973444,9.832807242571278,KOH,21,False
batch1/case29/figure_4__panel_a/curve_4,BV+jR,K5,True,0.32,3.5481338923357533,6.213394055682832,0.5710460113326621,3,4.324869617085182,0.9920072067161728,0.44022135990602024,9.124169847063854,KOH,24,False
batch1/case30/figure_2__a/curve_pt_c,BV+jR,K3,True,0.73,2.2387211385683425,4.688870818405134,0.47745421558229617,1,1.7247259923097593,0.9951211879933137,-0.12493945743785832,2.8090620643503534,KOH,18,True
batch1/case33/figure_4__panel_e/curve_3,BV+jR,K2,True,0.88,7.943282347242821,5.066755135487383,1.5677257208678466,2,1.9000540060714592,0.996062161537727,0.6100362357323006,6.209384895955931,KOH,27,True
batch1/case33/figure_4__panel_e/curve_4,BV+jR,K3,True,0.73,2.2387211385683425,1.8641170111015415,1.200955264737078,1,1.9376613955369133,0.9942299514305926,0.5300422090427144,7.010764827942339,KOH,22,True
batch1/case33/figure_6__panel_f/curve_gray,BV+jR,K2,True,0.88,7.943282347242821,4.955842008752328,1.6028118598644763,1,1.334692295795969,0.9953024582411067,0.2236827777868759,2.8379532325787125,KOH,15,True
batch1/case35/figure_3__panel_d/curve_4,BV+jR,K2,True,0.88,7.943282347242821,13.900075509032972,0.5714560573488162,2,4.187566444325977,0.9973598793312838,-1.2912076743640357,7.426821639776108,KOH,16,False
batch1/case39/figure_3__panel_a/curve_7,BV+jR,K3,True,0.73,2.2387211385683425,1.6295035420850277,1.3738669973701265,1,2.34644716529861,0.9939307844314005,-0.7778815209260953,6.096882089545234,KOH,20,True
batch1/case4/figure_4__panel_c/curve_6,BV+jR,K4,True,0.59,0.707945784384138,1.5104740343072434,0.4686911315948751,1,5.145006320837975,0.9917705535843901,1.8923709848859613,15.486434536538052,KOH,16,False
batch1/case44/figure_3__panel_a/curve_5,linear,L,True,,1.0,1.4594604386615357,0.6851847254709386,1,0.8884405858493479,0.9916449969156352,-0.27148908765247126,1.8147270889695548,KOH,22,True
batch1/case49/figure_4__panel_a/curve_gray,BV+jR,K2,True,0.88,7.943282347242821,5.040699060326851,1.5758295133627278,1,2.4223792101439394,0.9975359457984375,-0.24727656062384695,4.892349425517324,KOH,34,True
batch1/case5/figure_3__panel_a/pt_c,BV+jR,K3,True,0.73,2.2387211385683425,3.942915995730683,0.567783118126886,2,2.941873778380659,0.9982152537390325,-0.8948580412628382,9.107297144104706,KOH,45,True
batch1/case61/figure_3__panel_a/curve_black_ph138,BV+jR,K1,True,0.98,0.5623413251903491,1.007809133367518,0.5579839540760342,1,1.291274332587801,0.9963622618712765,0.27187787631113025,2.753053004038655,KOH,19,True
batch1/case69/figure_2__a/curve_blue,BV+jR,K5,True,0.32,3.5481338923357533,8.57876937725894,0.41359474025975523,1,4.6143311641683065,0.9972700949729629,-1.214372980180211,12.694870466927686,KOH,29,False
batch1/case71/figure_3__panel_a/curve_ptc,linear,L,True,,1.0,0.4154576467494052,2.4069842204714016,1,2.282449417768113,0.9954670684360207,-0.6303117639272399,4.537521066395115,KOH,36,True
batch1/case76/figure_3__panel_a/c5,BV+jR,K4,False,0.59,0.707945784384138,1.2246875695676704,0.5780623580870111,0,29.178400370257293,0.7676486875788666,-12.355556771474104,65.35105415070552,KOH,20,False
batch1/case82/figure_4__panel_c/curve_6,BV+jR,K2,True,0.88,7.943282347242821,9.181975967986657,0.8650950922696168,1,1.220485379554352,0.9988653117107739,0.22214611016133054,3.7921434326315477,KOH,21,True
batch1/case84/figure_3__panel_a/curve_6,BV+jR,K3,True,0.73,2.2387211385683425,3.792591023566898,0.5902880444153046,2,2.4935765505382794,0.9913756194624787,0.7158334947691879,5.804310825844183,KOH,20,True
batch1/case84/figure_3__panel_g/curve_1,BV+jR,K2,True,0.88,7.943282347242821,8.773158395159674,0.9054073789007717,2,3.447490791793666,0.9974776126087319,-1.7765740572061621,6.519770696599764,KOH,33,False
batch1/case84/figure_3__panel_h/curve_3,BV+jR,K2,True,0.88,7.943282347242821,8.552849788713601,0.9287293175340026,2,3.2121349549993443,0.9960756430279157,-1.5629625950823811,6.439611210140672,KOH,24,False
batch1/case84/figure_3__panel_h/curve_4,BV+jR,K3,True,0.73,2.2387211385683425,2.1379969200179563,1.047111489079947,2,3.9321026286135137,0.9963976402937262,1.2043886748371981,7.61377447770726,KOH,23,False
batch1/case85/figure_3__panel_a/curve_ptc,BV+jR,K2,True,0.88,7.943282347242821,4.569488187995674,1.7383308634236787,1,3.334500500908899,0.9969884574983013,-0.7722871470490764,5.378365671830608,KOH,23,False
batch1/case85/figure_3__panel_f/curve_5,BV+jR,K2,True,0.88,7.943282347242821,4.588204490567013,1.7312398267282079,1,2.9492437963466887,0.997712382424994,-0.6167752535066217,4.782993503988678,KOH,28,True
batch1/case85/figure_3__panel_f/curve_6,BV+jR,K3,True,0.73,2.2387211385683425,1.5854715122802345,1.4120223045500202,2,4.060977592569254,0.9958463309415767,1.7800691556625219,10.417502265282344,KOH,28,False
batch1/case87/figure_3__panel_a/curve_4,BV+jR,K4,False,0.59,0.707945784384138,9.501392938549687,0.07450968389190737,0,3.2559219605947693,0.9858746197291826,-1.0954262662305854,5.549986955899634,KOH,21,False
batch1/case88/figure_3__panel_a/curve_7,BV+jR,K4,False,0.59,0.707945784384138,0.2509806918761135,2.820718116171211,0,18.262721697059348,0.9304952253465957,-9.051930717275214,37.92789701295396,KOH,21,False
batch1/case89/figure_2__a/curve_blue,BV+jR,K2,True,0.88,7.943282347242821,3.5382797296575084,2.2449560108724644,1,4.310802632140375,0.9948057039998592,1.5614602946033784,14.354661268210984,KOH,23,False
batch1/case89/figure_3__d/curve_blue_dashed,BV+jR,K5,True,0.32,3.5481338923357533,2.4192599311354748,1.4666195420640245,1,5.713347764837941,0.9900754483355986,1.6481188384448426,12.647126945654463,KOH,25,False
batch1/case89/figure_3__d/curve_blue_solid,BV+jR,K2,True,0.88,7.943282347242821,3.6910469022348114,2.152040480014875,2,2.5001780392354274,0.9966469566172215,0.1419951865814115,7.44573981176782,KOH,19,True
batch1/case9/figure_4__panel_a/curve_pt_c,BV+jR,K2,True,0.88,7.943282347242821,4.534010505778682,1.7519329382053608,2,2.8966173700680105,0.9928548153051253,0.792319154618207,9.186518527126774,KOH,44,True
batch1/case92/figure_5__panel_a/curve_3,BV+jR,K3,True,0.73,2.2387211385683425,10.905563499472741,0.2052824816137726,2,3.022157914092142,0.9946968233280592,1.0992935974916593,5.857416395121334,KOH,73,False
batch1/case94/figure_3__a/curve_4,BV+jR,K5,True,0.32,3.5481338923357533,18.43493485407409,0.19246793766410417,1,4.1239813161946195,0.9959098404899773,-0.41841606633560396,10.586921852830123,KOH,19,False
batch1/case98/figure_5__panel_c/curve_3,BV+jR,K1,True,0.98,0.5623413251903491,0.5609817460012264,1.0024235711746665,2,2.8191239199321267,0.9986149096577424,-1.0806543250246812,4.7002266319716455,KOH,35,True
batch2/case100/figure_5__panel_b/curve_6,BV+jR,K5,True,0.32,3.5481338923357533,2.69051270738878,1.3187575299651044,3,3.937013495260154,0.9968350977408447,0.979727367032371,7.333731189836129,KOH,26,False
batch2/case109/figure_4__panel_d/curve_6,linear,L,True,,1.0,0.4713659848789501,2.1214937693410496,1,3.837482209698124,0.997936309134834,-1.5665857062086463,6.073554589710881,KOH,21,False
batch2/case114/figure_3__panel_a/curve_1,BV+jR,K5,True,0.32,3.5481338923357533,5.4475408275264225,0.6513276365744766,2,1.5325349758466162,0.9980504214496517,0.08650065084430042,4.260065202985357,KOH,31,True
batch2/case117/figure_3__panel_a/curve_pt_c,BV+jR,K3,True,0.73,2.2387211385683425,2.4228464938034726,0.9240045311553835,2,4.430037084985185,0.9969314896168731,2.1264672004259757,7.242591798393221,KOH,33,False
batch2/case118/figure_4__panel_a/curve_6,linear,L,True,,1.0,0.3174505821297437,3.1500966017800365,1,4.873595436668936,0.9901121652522622,-2.026505662770206,10.003142395330201,KOH,26,False
batch2/case121/figure_3__panel_a/curve_5,BV+jR,K4,True,0.59,0.707945784384138,1.19780802352571,0.5910344316281352,1,2.292376218156384,0.9918245130167147,-0.43972120436413636,4.108134710459922,KOH,9,True
batch2/case128/figure_3__panel_D/curve_6,BV+jR,K1,True,0.98,0.5623413251903491,1.8544494418990698,0.3032389627265746,2,1.6564772412266078,0.99499638170958,0.3757663179125216,3.846111070603623,KOH,17,True
batch2/case133/figure_5__panel_a/curve_5,BV+jR,K1,True,0.98,0.5623413251903491,0.05126924661978837,10.968394549673418,2,5.4126895463807365,0.9948522072743815,-2.692572368367256,8.410936642408373,KOH,18,False
batch2/case14/figure_6__panel_a/curve_4,BV+jR,K1,False,0.98,0.5623413251903491,0.9265291601947224,0.6069332184560339,0,3.3114891706168756,0.982093267202677,-0.190394356334958,8.01988568407371,KOH,28,False
batch2/case142/figure_2__panel_a/pt_c,BV+jR,K3,True,0.73,2.2387211385683425,4.312627459894856,0.5191083995516097,1,1.563837959759644,0.996959992435481,-0.3724811794823449,3.885823449641837,KOH,41,True
batch2/case143/figure_3__a/curve_pt_c,BV+jR,K5,False,0.32,3.5481338923357533,4.500769718384573,0.7883393540092644,0,10.26601157508774,0.9853631771067138,2.669821385887044,22.149612012904605,KOH,34,False
batch2/case156/figure_4__panel_a/curve_pt_c,BV+jR,K1,True,0.98,0.5623413251903491,0.7856594740761845,0.7157570725556088,2,1.9767965291974694,0.9966570667221664,0.675757169018941,4.506046365718035,KOH,19,True
batch2/case158/figure_3__panel_a/curve_4,linear,L,True,,1.0,0.266913065260119,3.7465382184474723,1,5.512286120944051,0.9952599037401355,-2.286399323348237,8.613179330975541,KOH,35,False
batch2/case161/figure_3__panel_a/curve_10,BV+jR,K4,False,0.59,0.707945784384138,1.759339625956832,0.4023929058035714,0,4.201380425571323,0.9813954459486637,-1.3770962266866118,6.1742397152167,KOH,12,False
batch2/case168/figure_6__panel_a/curve_orange,BV+jR,K5,False,0.32,3.5481338923357533,0.5496214019484728,6.455596306397822,0,11.188373212021471,0.9793053394107036,-1.3032988028910617,22.137324118432844,KOH,34,False
batch2/case178/figure_3__panel_a/curve_black,BV+jR,K5,True,0.32,3.5481338923357533,2.3479994057899014,1.511130660249085,1,4.034502936651064,0.9974834120632609,1.1977001154989884,7.3290732774028555,KOH,17,False
batch2/case179/figure_3__panel_a/curve_black,linear,L,True,,1.0,0.69110462183728,1.446958924021563,1,1.5853065184276038,0.9916109428917276,-0.6044101259150999,2.404144579909186,KOH,27,True
batch2/case187/figure_4__e/curve_1,BV+jR,K2,True,0.88,7.943282347242821,4.921378261090838,1.6140361349672336,1,2.4990943179296,0.9971220116850437,0.5480006741381583,8.051529844700786,KOH,23,True
batch2/case187/figure_5__i/curve_4,linear,L,True,,1.0,0.34453469897963296,2.90246527551965,1,8.100027519178138,0.9907941752934731,-3.4212566754559024,12.610860215270137,KOH,24,False
batch2/case188/figure_3__panel_a/curve_4,BV+jR,K2,True,0.88,7.943282347242821,8.464584737384458,0.9384137076637361,1,0.7791799804269799,0.999576541931646,-0.11712431651090807,1.840173895253498,KOH,30,True
batch2/case19/figure_2__panel_A/curve_3,BV+jR,K2,True,0.88,7.943282347242821,7.548941157397271,1.0522379472330543,1,6.096712356358294,0.9948744646605431,0.05155045619068777,9.526933249797025,KOH,15,False
batch2/case192/figure_4__panel_a/curve_6,BV+jR,K4,True,0.59,0.707945784384138,3.4268406926449058,0.2065884725553819,1,0.8631904340341965,0.9981933546075742,-0.1599223960193607,1.6100442784706175,KOH,21,True
batch2/case197/figure_3__a/curve_4,BV+jR,K2,True,0.88,7.943282347242821,12.402749303932376,0.6404452877818266,1,4.316728568298497,0.9918021066324993,-1.9340822514629272,10.241163719064584,KOH,28,False
batch2/case206/figure_3__a/curve_4,BV+jR,K1,True,0.98,0.5623413251903491,1.6360697462338971,0.3437147630685148,2,3.556594799618743,0.9963661284178993,0.8943084333904701,8.666405906897126,KOH,20,False
batch2/case208/figure_3__panel_a/curve_4,BV+jR,K5,True,0.32,3.5481338923357533,5.041356284022079,0.7038054230725769,1,6.112697349629183,0.9913694156145684,0.5607835405336605,12.772070344174367,KOH,29,False
batch2/case214/figure_1__panel_f/curve_2,BV+jR,K2,True,0.88,7.943282347242821,16.83199302731576,0.4719157341826416,2,5.277075243115605,0.9945441316726742,-2.3109776548881076,12.887461457656983,KOH,8,False
batch2/case214/figure_4__panel_c/curve_2,BV+jR,K2,True,0.88,7.943282347242821,16.989196362277177,0.4675490339778573,1,1.8526867855849658,0.9986122601412942,-0.3054923721150491,4.108218828770362,KOH,8,True
batch2/case215/figure_4__panel_a/curve_5,BV+jR,K4,True,0.59,0.707945784384138,6.4841909000458315,0.10918028097833056,1,1.2041719524237446,0.9903351799605721,0.12680769747207185,1.8922848814333832,KOH,6,True
batch2/case218/figure_4__panel_a/curve_ptc,BV+jR,K5,False,0.32,3.5481338923357533,4.7193546314736885,0.7518260799205496,0,6.1342023998993325,0.9621360632030809,1.5623608496520656,11.565928837333516,KOH,9,False
batch2/case220/figure_5__panel_a/curve_cyan,BV+jR,K5,True,0.32,3.5481338923357533,2.163777703926911,1.6397866961548115,1,7.846877648769327,0.9910466196722045,-2.7743336115772856,12.199143421765086,KOH,7,False
batch2/case223/figure_3__panel_a/curve_ptc_orange,BV+jR,K2,True,0.88,7.943282347242821,25.002536406782056,0.3176990613275607,1,3.2299127968749337,0.9969745199234823,-0.2622520278349043,6.931654999323783,KOH,20,False
batch2/case223/figure_3__panel_b/curve_2,linear,L,True,,1.0,2.1805787280094227,0.45859385270297787,1,6.194508401913387,0.9908245612110436,1.1765959936217156,13.393645105853203,KOH,9,False
batch2/case231/figure_4__panel_e/curve_4,BV+jR,K2,True,0.88,7.943282347242821,3.177211833369482,2.5000795552303,1,3.2463213584765445,0.9932269319043834,-1.0118872762758424,7.819119007395905,KOH,32,False
batch2/case232/figure_4__panel_a/curve_4,BV+jR,K4,True,0.59,0.707945784384138,2.5713930536894973,0.27531605227305106,1,4.051442267746288,0.9942031425588487,0.6454482626620767,7.573178077422703,KOH,27,False
batch2/case233/figure_3__panel_e/curve_3,BV+jR,K1,True,0.98,0.5623413251903491,0.6209965109949283,0.905546674150222,1,3.423486529554025,0.9967034068483874,0.0916646826427795,6.608622993753844,KOH,31,False
batch2/case237/figure_5__panel_b/curve_2,BV+jR,K3,True,0.73,2.2387211385683425,1.211338775908492,1.848137930604363,3,3.1914735629031297,0.9985904607604675,-0.43148687672059227,6.060078018956972,KOH,20,False
batch2/case237/figure_5__panel_f/curve_3,BV+jR,K3,True,0.73,2.2387211385683425,1.2363848220292737,1.8106993054912612,2,6.577606816321706,0.9943453773064267,0.5253683232614191,21.612705747603773,KOH,15,False
batch2/case237/figure_5__panel_f/curve_4,BV+jR,K3,True,0.73,2.2387211385683425,0.7055516369620252,3.173008212705539,3,3.3517074852576605,0.9972056710709117,1.1734046988458535,7.4402830908279896,KOH,11,False
batch2/case240/figure_4__panel_a/curve_2,BV+jR,K5,True,0.32,3.5481338923357533,6.767236792474391,0.5243105866018328,1,6.034587327193974,0.9917874119774933,-2.272130657306436,12.851049171470066,KOH,35,False
batch2/case244/figure_3__panel_a/curve_3,BV+jR,K1,True,0.98,0.5623413251903491,3.954083241802186,0.14221787726806834,1,2.995973130816949,0.9904738209236443,0.3055836162988343,9.757063748304969,KOH,26,True
batch2/case247/figure_4__panel_a/curve_4,BV+jR,K3,True,0.73,2.2387211385683425,8.18675282700664,0.27345654447795226,1,2.7412719840904,0.9952483388548304,0.5742890308286842,5.604051438273075,KOH,33,True
batch2/case250/figure_5__panel_a/curve_1,BV+jR,K1,True,0.98,0.5623413251903491,0.5210735591583292,1.079197582196798,2,1.8534156954992655,0.997676473250179,0.5134194198287109,5.110884474870687,KOH,22,True
batch2/case257/figure_3__panel_a/curve_1,BV+jR,K5,False,0.32,3.5481338923357533,3.098569895198669,1.1450875766377573,0,7.7773536225098105,0.9807336596824184,-0.004464080052124266,11.351620295947157,KOH,11,False
batch2/case269/figure_5__panel_a/curve_3,BV+jR,K3,True,0.73,2.2387211385683425,2.7054316702600922,0.8274912884246374,1,6.6125649806776,0.9949925351274121,1.4862241059207877,12.928563016061332,KOH,26,False
batch2/case273/figure_3__panel_a/curve_5,BV+jR,K3,True,0.73,2.2387211385683425,2.623764726221646,0.8532476697299816,1,2.050734498765384,0.9946923662557421,-0.2776021520917363,3.4963607437891877,KOH,10,True
batch2/case275/figure_2__a/curve_ptc,BV+jR,K3,True,0.73,2.2387211385683425,2.3743471793477045,0.9428785975534454,1,3.3628926252236986,0.99477037175142,0.41935160714609754,7.6369915867926,KOH,28,False
batch2/case278/figure_4__panel_a/curve_2,BV+jR,K5,True,0.32,3.5481338923357533,4.336255489893483,0.818248348282382,1,2.5105445761586056,0.9932301305968154,0.6454188300781614,8.239930314679064,KOH,20,True
batch2/case283/figure_6__panel_c/curve_purple,BV+jR,K5,False,0.32,3.5481338923357533,5.68882427572289,0.6237024946397882,0,15.845385424707612,0.9538559881441095,-0.7592226454834872,29.920507004991805,KOH,20,False
batch2/case288/figure_4__panel_a/curve_7,BV+jR,K4,False,0.59,0.707945784384138,3.1063372816493398,0.2279037078704626,0,11.304458780332771,0.9604654549191716,-0.8216387507052374,21.939986623855276,KOH,20,False
batch2/case43/figure_7__panel_e/curve_4,BV+jR,K2,True,0.88,7.943282347242821,2.388894572218488,3.3250870254463156,1,2.566235062799305,0.9984516474462792,0.7929573529238939,9.796285048460025,KOH,23,True
batch2/case58/figure_3__panel_a/curve_5,BV+jR,K4,True,0.59,0.707945784384138,0.11144012231764541,6.352701070860562,1,5.068518348358387,0.9941341663807257,-1.6171084719375237,11.373277578461995,KOH,32,False
batch2/case71/figure_3__panel_a/curve_ptc,BV+jR,K5,True,0.32,3.5481338923357533,5.141268414206477,0.690128117515021,1,2.692789885129865,0.9988031978294606,-0.5280563566125472,8.636755777413974,KOH,34,True
batch2/case72/figure_5__panel_a/curve_ptc,BV+jR,K3,True,0.73,2.2387211385683425,2.2149406956670807,1.0107363790587178,1,1.8910988568540184,0.9956635276312543,-0.29717513137730595,3.3848234039207483,KOH,9,True
batch2/case76/figure_5__panel_a/curve_4,BV+jR,K5,True,0.32,3.5481338923357533,3.7329151945760914,0.9504994641965548,1,2.7195014581255683,0.9952905940648807,-0.15765418839423626,7.9181375280434025,KOH,36,True
batch2/case81/figure_4__panel_a/curve_5,BV+jR,K1,False,0.98,0.5623413251903491,2.1220622430857845,0.26499756405477704,0,3.3766883424815277,0.9372152309740267,-1.3183264453142798,5.848927459267003,KOH,31,False
batch2/case85/figure_2__panel_d/curve_red,BV+jR,K2,True,0.88,7.943282347242821,7.234904205392215,1.097911198509394,1,4.3554279751712555,0.9968376779347636,-0.8067195842402137,12.825277087065615,KOH,46,False
batch2/case90/figure_4__panel_a/curve_4,BV+jR,K2,True,0.88,7.943282347242821,3.0173054342748546,2.6325748321703535,2,1.695466988342056,0.9975094956038021,0.060335684192626284,5.731297499845152,KOH,24,True
batch2/case95/figure_2__panel_a/curve_gray,BV+jR,K1,True,0.98,0.5623413251903491,0.14552751446687687,3.8641581095535176,1,1.3918947752762996,0.9992339021728492,0.03075735271712092,2.534682894624666,KOH,35,True
batch3/case303/figure_5__panel_d/curve_blue,linear,L,True,,1.0,0.5281438475969288,1.8934235522197818,1,2.2978298355392845,0.997264718051754,-0.6926216473995049,5.263261252215571,KOH,13,True
batch3/case305/figure_3__panel_a/curve_pt_c,BV+jR,K1,True,0.98,0.5623413251903491,1.3334073806107545,0.4217325727811511,2,3.6016539014358884,0.99505705644956,0.9944021023496674,8.477776976194406,KOH,37,False
batch3/case310/figure_3__panel_a/curve_5,BV+jR,K1,True,0.98,0.5623413251903491,0.2856486362841371,1.9686469800996473,2,5.184254469231158,0.9960326136666945,-1.2954960159030184,10.744522125312233,KOH,18,False
batch3/case314/figure_5__panel_a/curve_5,BV+jR,K3,True,0.73,2.2387211385683425,4.04642560918573,0.553258938823997,1,3.8791743015539386,0.9921395265011153,1.1480721573505577,6.238289886531689,KOH,22,False
batch3/case315/figure_4__panel_a/curve_4,BV+jR,K4,True,0.59,0.707945784384138,1.3562114217397059,0.5220025233794353,1,4.012570708953003,0.9930702013018221,0.3901045011648173,12.095524391737177,KOH,20,False
batch3/case316/figure_3__panel_d/curve_3,BV+jR,K5,True,0.32,3.5481338923357533,6.850987251510383,0.5179011085670207,1,6.426308792178941,0.9904520307871088,-1.3142565043071799,14.206275222221393,KOH,31,False
batch3/case318/figure_6__panel_A/curve_magenta,BV+jR,K4,False,0.59,0.707945784384138,3.7392003774025215,0.18933079614094409,0,18.13480270750843,0.6806999147767898,-8.019167191114331,32.63314069698478,KOH,19,False
batch3/case325/figure_4__panel_b/curve_3,BV+jR,K3,False,0.73,2.2387211385683425,2.1231236892702205,1.0544468746132527,0,9.489633159277863,0.9839716009740919,-0.09391718985616349,19.098501034446258,KOH,16,False
batch3/case328/figure_5__panel_a/20pct_pt_c,BV+jR,K4,False,0.59,0.707945784384138,0.5518487242131519,1.2828620477351933,0,6.1605102428083365,0.9616896730752171,-1.9788919592252128,11.996462748492263,KOH,23,False
batch3/case334/figure_3__a/curve_3,linear,L,True,,1.0,0.6880917357693961,1.453294594334636,1,6.301902825254139,0.9917595275736799,-2.4171569819553094,10.575810746095357,KOH,23,False
batch3/case342/figure_3__panel_a/curve_5,BV+jR,K5,True,0.32,3.5481338923357533,4.045473879579191,0.8770626131702596,1,7.3673948725746214,0.9902795221328395,-0.49765008494085344,23.92329408982596,KOH,34,False
batch3/case346/figure_2__a/curve_4,BV+jR,K3,True,0.73,2.2387211385683425,2.5480768523576303,0.8785924712188121,2,2.4913246662703505,0.9983435476395558,0.5685889413881593,7.574704537578242,KOH,65,True
batch3/case347/figure_4__a/curve_3,BV+jR,K5,True,0.32,3.5481338923357533,0.8487348314693094,4.18049756034321,1,5.64623208073278,0.9951883036413618,1.6355426561758954,9.781269690153145,KOH,26,False
batch3/case350/figure_3__panel_a/curve_4,BV+jR,K5,False,0.32,3.5481338923357533,9.582260349012781,0.3702815163753406,0,14.198450186204422,0.8743708237773917,-3.46033055431679,32.24862913961982,KOH,26,False
batch3/case357/figure_4__panel_g/curve_3,BV+jR,K1,True,0.98,0.5623413251903491,1.0564654706962506,0.5322855699389256,1,3.1275906639429416,0.9912097176104907,1.262626620888938,6.873862421850234,KOH,20,False
batch3/case357/figure_4__panel_g/curve_4,BV+jR,K4,False,0.59,0.707945784384138,0.41329251215477314,1.7129412306386542,0,10.92949987461135,0.96480301971361,-4.296023628269335,18.944037047427685,KOH,24,False
batch3/case359/figure_2__panel_a/curve_pt_c,BV+jR,K2,True,0.88,7.943282347242821,12.455959360438282,0.6377093981593823,1,5.63065614339489,0.9926893640392829,-1.4776566650137473,11.59257922515684,KOH,16,False
batch3/case362/figure_3__panel_A/curve_3,BV+jR,K3,True,0.73,2.2387211385683425,2.8502678329203364,0.7854423758747565,2,2.021129223496229,0.9994087442250744,-0.4358276138891862,4.364322380445195,KOH,19,True
batch3/case368/figure_4__panel_a/curve_4,BV+jR,K4,True,0.59,0.707945784384138,2.1324787257294435,0.33198257775911716,1,3.9802157695569855,0.9927953206917498,1.0458993899676206,7.353548735227221,KOH,28,False
batch3/case377/figure_4__a/curve_lightblue_ptc,BV+jR,K4,False,0.59,0.707945784384138,2.5394076424107457,0.2787838283860803,0,5.092985229896422,0.9688853408922552,-0.1415166294355273,11.410480137220175,KOH,34,False
batch3/case379/figure_3__panel_a/curve_4,BV+jR,K1,True,0.98,0.5623413251903491,0.9800970842440778,0.5737608388296223,2,5.059915449203171,0.993789692472215,1.0243183389883905,12.922187935037812,KOH,24,False
batch3/case390/figure_4__panel_a/curve_5,BV+jR,K2,False,0.88,7.943282347242821,7.1242269773023486,1.114967612984534,0,6.210025542896012,0.9865007873953453,0.7304475584414831,12.274115687971431,KOH,5,False
batch3/case392/figure_6__a3/c1,BV+jR,K5,True,0.32,3.5481338923357533,9.23928775625468,0.38402677629926496,1,2.156670848605239,0.999055941538713,0.12472975180998169,6.171628453503658,KOH,20,True
batch3/case393/figure_3__panel_a/curve_4,BV+jR,K1,True,0.98,0.5623413251903491,5.660464132986133,0.09934544446864825,1,2.6727285812706296,0.9904499399609489,0.18102839293151535,7.901379798090121,KOH,15,True
batch3/case417/figure_4__panel_a/curve_3,BV+jR,K2,True,0.88,7.943282347242821,9.830454863269956,0.8080279557481844,2,3.7592385689821315,0.9952222955613207,-0.8703359799678025,7.663763128651908,KOH,10,False
batch3/case419/figure_4__panel_a/curve_2,BV+jR,K2,False,0.88,7.943282347242821,8.573487265737404,0.9264937476476932,0,4.203202356479288,0.9881019290682171,-1.0472211608553952,9.760786176741778,KOH,37,False
batch3/case422/figure_3__a/curve_pt_c,linear,L,True,,1.0,1.6276540972570637,0.614381152411442,1,2.58210887902676,0.9990399773942746,-0.7495952752500339,4.576231429445173,KOH,17,True
batch3/case423/figure_3__panel_a/curve_5,BV+jR,K5,True,0.32,3.5481338923357533,4.573992532028513,0.7757192141199664,1,3.587868602251196,0.9977548781704004,0.026614309029741233,8.81425668257235,KOH,26,False
batch3/case433/figure_3__a/curve_4,BV+jR,K2,True,0.88,7.943282347242821,16.557569990784057,0.4797372048956491,1,3.538603781036818,0.9980855031707964,1.371656332165053,10.88540464366692,KOH,16,False
batch3/case457/figure_4__panel_a/curve_5,BV+jR,K2,True,0.88,7.943282347242821,16.14175529880749,0.49209532669781275,1,2.549742881748737,0.9989676641418231,-0.886328036930407,5.343991493929195,KOH,107,True
batch3/case463/figure_5__panel_g/curve_1,BV+jR,K2,True,0.88,7.943282347242821,25.1608088269022,0.31570059618869567,1,4.738664258887806,0.9923388177236833,-2.113991627996613,10.408947242870806,KOH,24,False
batch3/case464/figure_4__panel_b/curve_black,linear,L,True,,1.0,0.9043040152539471,1.105822801991186,1,5.792862515660822,0.9958487721942635,-2.2700096768468714,10.195784437745885,KOH,27,False
batch3/case466/figure_5__panel_a/curve_4,linear,L,True,,1.0,0.3550404449549603,2.8165805169798555,1,7.343507430197664,0.9928977640634976,-1.5169464919814524,11.517923652919267,KOH,19,False
batch3/case470/figure_3__panel_a/curve_blue,BV+jR,K1,False,0.98,0.5623413251903491,2.138336144709249,0.26298078839555467,0,6.161580381439165,0.9889333262941269,-0.05868740927598063,17.515396115648507,KOH,13,False
batch3/case477/figure_2__panel_a/curve_2,BV+jR,K2,True,0.88,7.943282347242821,4.714287077337809,1.6849381925481826,1,3.4913507117739,0.9915272168350278,-1.5560361748189162,7.572878132414914,KOH,24,False
batch3/case483/figure_4__a/curve_3,BV+jR,K5,True,0.32,3.5481338923357533,8.629668938335389,0.4111552734745079,3,3.509100568019099,0.9944452779902403,-0.048453855669236996,8.528101584750999,KOH,35,False
batch3/case484/figure_3__panel_a/curve_3,BV+jR,K3,True,0.73,2.2387211385683425,4.421675827641824,0.5063060309788249,2,3.6793382913268453,0.9922450242962896,0.7764305031519195,7.916297580968774,KOH,33,False
batch3/case492/figure_5__panel_d/curve_4,BV+jR,K3,True,0.73,2.2387211385683425,1.4430393803877397,1.5513929619625528,1,3.7703867033641427,0.9902673705103548,-0.6891973991109334,10.274073989152429,KOH,18,False
batch3/case492/figure_5__panel_g/curve_3,BV+jR,K3,True,0.73,2.2387211385683425,1.4031528545943701,1.5954934141622954,1,2.343521765096195,0.9965418215698495,-0.6760185217231612,4.8984412913692665,KOH,37,True
batch3/case492/figure_5__panel_g/curve_4,BV+jR,K1,True,0.98,0.5623413251903491,0.16963157493002207,3.315074598713896,2,2.8341802722924525,0.99818028666393,0.4746919939387708,9.0436747357235,KOH,31,True
batch3/case494/figure_6__panel_a/curve_4,BV+jR,K2,True,0.88,7.943282347242821,8.007459706356794,0.9919853035210373,1,2.579320720774886,0.9990885502866578,-0.43074712447925706,7.9444550708361135,KOH,27,True
batch3/case498/figure_3__panel_A/curve_4,BV+jR,K1,True,0.98,0.5623413251903491,2.456557021822705,0.2289144197325025,1,2.4402176325118194,0.9901438374514474,-0.7124706208632464,7.647464058126253,KOH,37,True
batch3/case499/figure_3__panel_a/curve_3,BV+jR,K1,True,0.98,0.5623413251903491,2.0629381939899223,0.27259242512870757,1,2.4507581275119,0.9916200207990669,-0.7537793101499779,6.944552019341511,KOH,26,True
batch4/case516/figure_3__panel_a/curve_3,BV+jR,K2,False,0.88,7.943282347242821,1.1198520286189402,7.093153509789048,0,24.275710259836234,0.9215054542212981,8.846428802529836,61.6412601105875,KOH,18,False
batch4/case530/figure_3__panel_a/curve_4,BV+jR,K2,False,0.88,7.943282347242821,14.453905609049814,0.5495595835543169,0,7.814520144906968,0.9885431735619465,-0.3844002734916107,15.369604241628593,KOH,13,False
batch4/case537/figure_4__panel_a/curve_4,BV+jR,K2,False,0.88,7.943282347242821,8.530530896572564,0.9311592025807338,0,19.02916075517195,0.949565671011937,7.635031908285383,36.43294497850717,KOH,18,False
batch4/case570/figure_4__panel_a/curve_6,BV+jR,K1,True,0.98,0.5623413251903491,0.2507465641952873,2.242668117886491,2,1.6355471920435318,0.9974884430102406,0.5099392129835603,3.929568431859515,KOH,18,True
batch4/case595/figure_4__panel_A/curve_4,BV+jR,K3,True,0.73,2.2387211385683425,2.6707707321009684,0.8382303698555387,1,3.8654589930293155,0.9902015551609242,-1.1103327089170256,10.707196313070312,KOH,25,False
batch4/case607/figure_3__a/curve_2,linear,L,True,,1.0,0.3601778974382087,2.7764057903401964,1,4.00098215325056,0.9969985265892569,-1.2979288935576185,7.164824223935938,KOH,19,False
batch4/case607/figure_3__d/curve_PtC,linear,L,True,,1.0,0.3717379445639032,2.6900670610129125,1,3.1994776928737587,0.9981489482539061,-0.6988494288730884,5.181602941009558,KOH,29,False
batch4/case609/figure_7__panel_f/curve_5,BV+jR,K4,True,0.59,0.707945784384138,0.3365316681765945,2.1036527950547717,1,3.179903662139124,0.9980568225919537,-0.2070046365899692,11.370439524496241,KOH,23,False
batch4/case626/figure_3__panel_a/curve_3,linear,L,True,,1.0,0.11522770902832338,8.678468125702269,1,4.915230780382812,0.9956407495861905,0.3810114581843435,15.081379183123019,KOH,24,False
batch4/case696/figure_8__panel_g/curve_4,BV+jR,K2,True,0.88,7.943282347242821,11.20921950767702,0.7086383081179373,1,7.874494575127435,0.9906891615803162,-2.2118089989324194,17.991297717421844,KOH,11,False
batch4/case698/figure_3__panel_c/curve_4,BV+jR,K4,False,0.59,0.707945784384138,2.0848186414568284,0.33957187944628126,0,18.01834282927385,0.8575048145337689,-7.396794231278981,34.668850821183156,KOH,16,False
batch5/case704/figure_4__panel_a/curve_6,BV+jR,K1,True,0.98,0.5623413251903491,1.1544920785350976,0.48708980827645704,1,2.1480840468141307,0.9931217257538314,0.20266815933568383,7.418281104461039,KOH,20,True
batch5/case734/figure_2__panel_c/curve_pt_c,BV+jR,K5,True,0.32,3.5481338923357533,6.020184354055393,0.5893729632956529,2,3.986553008678696,0.9954936341393588,0.4775471875329799,6.545146824213518,KOH,34,False
batch5/case739/figure_2__g/curve_4,BV+jR,K3,True,0.73,2.2387211385683425,3.818074496697078,0.5863482078479624,1,4.270933465104717,0.9942860856999379,0.3421803985088348,9.347592349430641,KOH,26,False
batch5/case747/figure_5__panel_a/curve_4,BV+jR,K3,True,0.73,2.2387211385683425,2.361867681111626,0.9478605243095906,2,5.106394177522223,0.9959006826070506,-0.07385965091081914,10.102018084062735,KOH,19,False
batch5/case760/figure_3__panel_a/curve_5,BV+jR,K1,True,0.98,0.5623413251903491,0.3677273165827145,1.5292345709211383,1,1.779283256137292,0.998086271732238,-0.6511757033691146,5.925225570904722,KOH,23,True
batch5/case766/figure_5__panel_a/curve_2,BV+jR,K3,True,0.73,2.2387211385683425,2.6464330265159215,0.8459390871174476,2,6.973198508295941,0.9933584069323693,2.9649260151020775,18.59447937674167,KOH,28,False
batch5/case780/figure_2__panel_d/curve_4,BV+jR,K2,True,0.88,7.943282347242821,12.462812543414778,0.6373587277809108,1,5.394268150250486,0.9931349682405767,-0.4010397002437483,10.825445335034544,KOH,25,False
batch5/case791/figure_3__panel_a/curve_6,BV+jR,K2,True,0.88,7.943282347242821,14.939321401212041,0.531703022775745,1,1.6039743779985811,0.9995028137841298,-0.35165055611455565,4.981172018158528,KOH,50,True
batch5/case796/figure_3__panel_a/curve_5,BV+jR,K4,True,0.59,0.707945784384138,2.3367462322956074,0.3029622021423592,1,1.041539460779418,0.9987092884959126,-0.060669581489493495,1.921932963629331,KOH,14,True
batch5/case799/figure_3__panel_a/curve_5,BV+jR,K4,True,0.59,0.707945784384138,2.07721643137273,0.34081464679936674,1,2.543485316681808,0.9976666631329545,-0.47422315512399843,6.3053833325957385,KOH,27,True
batch5/case803/figure_3__panel_a/curve_4,BV+jR,K5,False,0.32,3.5481338923357533,11.655888307765332,0.30440699144070654,0,11.202296817932247,0.963466022870818,-2.4722190149202183,19.907887081627734,KOH,31,False
batch5/case822/figure_3__panel_a/curve_purple,BV+jR,K2,False,0.88,7.943282347242821,7.823096596113168,1.015362938403364,0,10.380682299510744,0.9864921908521799,2.6706241635729513,18.223129278313554,KOH,10,False
batch5/case827/figure_2__panel_a/curve_5,BV+jR,K5,False,0.32,3.5481338923357533,5.866649177172328,0.6047973528299372,0,15.670549778947503,0.9619760956941442,-5.607595025611078,32.539930236854104,KOH,21,False
batch5/case834/figure_3__panel_b/curve_3,BV+jR,K3,True,0.73,2.2387211385683425,1.7766111761755294,1.2601075398994093,1,4.3145262747228035,0.9930630308831041,0.6269917224686391,7.817735816753465,KOH,28,False
batch5/case839/figure_3__a/curve_5,BV+jR,K4,False,0.59,0.707945784384138,1.987180953488519,0.35625632539469093,0,10.579943188257971,0.9612139776727182,-3.6479532247271385,24.15432132752767,KOH,27,False
batch5/case843/figure_3__a/curve_5,BV+jR,K3,True,0.73,2.2387211385683425,0.2886042490572016,7.757062295103722,2,1.7999313180514818,0.9990696515996622,-0.704624471995583,4.329987506254348,KOH,30,True
batch5/case872/figure_5__panel_a/curve_3,BV+jR,K2,False,0.88,7.943282347242821,7.2563647160155345,1.09466415458848,0,13.49431526300078,0.9211151749863971,4.771389195284404,19.27564749522488,KOH,9,False
batch5/case890/figure_3__panel_a/curve_6,BV+jR,K3,True,0.73,2.2387211385683425,3.2385251345903816,0.6912779878274753,3,4.5399018549282415,0.9966624175793755,-1.229722758155436,8.208029117328124,KOH,11,False
batch5/case892/figure_4__panel_f/curve_4,BV+jR,K5,True,0.32,3.5481338923357533,2.5726711703757985,1.3791633898620108,2,7.731735307195021,0.9915839183471136,2.8231273610029657,14.306068467973347,KOH,29,False
batch6/case1020/figure_3__panel_a/curve_4,BV+jR,K4,True,0.59,0.707945784384138,3.655842798197152,0.1936477642674503,1,2.6151588785078164,0.9946711934284777,-0.04054870103739674,5.314080027935191,KOH,15,True
batch6/case1024/figure_4__panel_g/c6,BV+jR,K3,True,0.73,2.2387211385683425,2.2425175992401223,0.998307054235353,1,1.7504542921792021,0.9924794765193968,0.36839943423178695,3.193812539057868,KOH,7,True
batch6/case1034/figure_4__panel_a/curve_4,BV+jR,K3,True,0.73,2.2387211385683425,1.9146045483283947,1.169286441172893,1,1.442370783484226,0.9956635739261027,0.2507828436557962,3.8846573684763968,KOH,22,True
batch6/case1037/figure_3__panel_a/curve_3,BV+jR,K2,True,0.88,7.943282347242821,22.891023466547217,0.3470042463960198,1,2.873271073933183,0.9952585947165427,-0.06519088688398493,6.657484138573096,KOH,18,True
batch6/case1049/figure_5__panel_a/curve_3,BV+jR,K2,True,0.88,7.943282347242821,6.849404325749519,1.1597041099444223,1,5.0168165695489035,0.9961759141995893,-0.5000263667740382,10.023942210298344,KOH,20,False
batch6/case1053/figure_3__a/curve_2,linear,L,True,,1.0,0.32161205498553896,3.1093361846929657,1,6.228357222382529,0.9950498819950256,-1.0711444308332885,10.80786385795518,KOH,22,False
batch6/case1053/figure_4__f/curve_3,linear,L,True,,1.0,0.31992330314770534,3.1257491722580464,1,5.827506843731355,0.9954658021146495,-1.2143305120278216,9.81869935569324,KOH,27,False
batch6/case1053/figure_4__f/curve_4,BV+jR,K2,True,0.88,7.943282347242821,2.490065388341235,3.189989461495332,1,5.0610540760303895,0.996580072960658,0.9680734870148237,12.639354900929984,KOH,27,False
batch6/case1053/figure_4__g/curve_3,linear,L,True,,1.0,0.3186838087081713,3.1379065163480933,1,5.764960046518235,0.9953184762656978,-0.5958428651305364,11.422537816925509,KOH,32,False
batch6/case1053/figure_4__g/curve_4,BV+jR,K2,True,0.88,7.943282347242821,2.482378546568361,3.199867465106646,1,5.670828595543252,0.9955120041092784,1.0676541081069588,21.953457685089628,KOH,31,False
batch6/case1083/figure_5__panel_F/curve_4,linear,L,True,,1.0,0.1340396718249644,7.46047783006996,1,6.8733895722827,0.9935448409856167,2.6895070488146784,14.852873762324718,KOH,21,False
batch6/case1090/figure_4__panel_c/curve_5,BV+jR,K3,True,0.73,2.2387211385683425,0.6617451443747675,3.383056389002354,1,1.601864177575505,0.9975978225393086,-0.05854680118397315,3.981762356086932,KOH,16,True
batch6/case1091/figure_3__panel_a/curve_2,linear,L,True,,1.0,0.36162364481643894,2.765305903897967,1,7.316527026030316,0.9907222198059549,-2.4129581000195883,11.949757125628764,KOH,25,False
batch6/case1095/figure_2__panel_a/curve_1,BV+jR,K3,True,0.73,2.2387211385683425,3.116066920246088,0.7184444993856365,1,2.1429587358169107,0.994449733147941,-0.09863161403426966,5.590441486338952,KOH,45,True
batch6/case947/figure_3__panel_a/curve_3,BV+jR,K2,True,0.88,7.943282347242821,4.0687661933985515,1.9522582448041752,1,2.968972896789884,0.9916490543058274,-1.115395019265299,6.366507079818533,KOH,11,True
batch7/case1144/figure_2__panel_a/curve_4,BV+jR,K4,True,0.59,0.707945784384138,1.3806210588978045,0.5127734216580142,1,5.541349967995593,0.9940749580206044,-1.0175391778250933,13.567650124627846,KOH,49,False
batch7/case1178/figure_3__panel_a/curve_4,BV+jR,K1,True,0.98,0.5623413251903491,0.38403762073041237,1.4642870771900307,2,5.3932291842904725,0.9927809792980947,-0.1541182728710038,13.267270073852707,KOH,31,False
batch7/case1195/figure_4__a/curve_2,BV+jR,K4,True,0.59,0.707945784384138,1.6116199459294884,0.43927588894156816,1,3.008347222777491,0.9956132458274254,1.0724277053823754,9.609131954051598,KOH,44,False
batch7/case1206/figure_2__panel_a/curve_5,BV+jR,K5,True,0.32,3.5481338923357533,14.038271077132539,0.2527472131604183,2,4.063482283452103,0.9933000877493738,-0.47811692693554,8.732009054032147,KOH,17,False
batch7/case1208/figure_3__panel_g/curve_black,BV+jR,K5,True,0.32,3.5481338923357533,5.94529457308306,0.5967969877219713,1,3.2105996961494734,0.9979768229826824,0.5342566856044402,12.359112760169836,KOH,37,False
batch7/case1221/figure_4__panel_a/curve_8,BV+jR,K5,True,0.32,3.5481338923357533,5.389946641415558,0.6582873873133388,1,4.264089927076782,0.9974340853662675,1.657804259546771,9.801386241084417,KOH,20,False
batch7/case1226/figure_3__panel_F/curve_3,BV+jR,K3,True,0.73,2.2387211385683425,6.255983518862882,0.35785278714661056,2,4.701072850035993,0.9956143721360919,-0.49130541932620864,10.624450791332208,KOH,29,False
batch7/case1229/figure_3__panel_a/curve_4,BV+jR,K3,True,0.73,2.2387211385683425,10.742069204504647,0.2084068810159539,1,2.0209890406327617,0.9973074504094095,-0.4785222237537372,4.012845122150054,KOH,16,True
batch8/case1565/figure_6__panel_a/curve_ptc,BV+jR,K2,True,0.88,7.943282347242821,3.732889545140385,2.1279178639463585,1,1.7037591579049014,0.9960388775700172,-0.5930302491389652,3.902666939189899,KOH,37,True
batch8/case1565/figure_6__panel_d/curve_pt_c,BV+jR,K2,True,0.88,7.943282347242821,3.712277030585293,2.1397331831106503,1,1.7853626009059413,0.9958413233345312,-0.6587034382243223,4.003474938369294,KOH,41,True
batch8/case1565/figure_6__panel_g/curve_pt_c,BV+jR,K2,True,0.88,7.943282347242821,3.7173791490068804,2.1367963903722105,1,1.714894271520209,0.9960243195922553,-0.6097627622499063,4.208987928845843,KOH,59,True
batch8/case1587/figure_4__panel_a/curve_1,BV+jR,K1,True,0.98,0.5623413251903491,0.5827600728900403,0.9649619995439461,1,2.3486485453126513,0.9912587798448084,0.78153747363884,4.771962360206601,KOH,22,True
batch8/case1618/figure_4__a/curve_2,BV+jR,K3,True,0.73,2.2387211385683425,2.1605546511680633,1.036178898487025,1,1.59050078654025,0.9987438447386845,-0.24981105641884901,3.5008245889293335,KOH,39,True
batch8/case1620/figure_5__panel_c/curve_2,BV+jR,K1,True,0.98,0.5623413251903491,1.0652036519511976,0.5279190736534508,1,2.823112416555094,0.9921438041280939,-0.1841590642264332,6.509770306865889,KOH,30,True
batch8/case1632/figure_4__a/curve_5,BV+jR,K1,True,0.98,0.5623413251903491,1.676442658169942,0.33543725605516306,2,4.5149315565679755,0.994935501376275,-1.84920494211231,10.09930315051173,KOH,22,False
batch8/case1647/figure_3__panel_a/curve_3,BV+jR,K1,True,0.98,0.5623413251903491,0.48512641353178,1.1591645177520535,2,3.2653504819091217,0.995368209877699,0.3761514912958593,11.970652083625497,KOH,25,False
batch8/case1663/figure_4__panel_a/curve_black_ptc,BV+jR,K1,True,0.98,0.5623413251903491,0.6754401598640829,0.8325553596095139,1,2.0788130583283286,0.99596922416915,-0.18150023978357385,4.727460904860294,KOH,29,True
batch8/case1700/figure_7__panel_b/curve_3,BV+jR,K1,False,0.98,0.5623413251903491,1.515380718501633,0.371089138408978,0,10.960413277723339,0.7810697499401877,-5.22290611225157,17.17852953555542,KOH,11,False
batch8/case1702/figure_3__panel_A/curve_1,BV+jR,K3,True,0.73,2.2387211385683425,1.9908994627752854,1.1244772427873366,1,2.1317102946114637,0.9961958879027805,0.1960489635116494,5.147327459085149,KOH,26,True
batch8/case1703/figure_7__panel_a/curve_3,BV+jR,K2,True,0.88,7.943282347242821,4.847421900428373,1.6386612327969352,1,5.330504319078423,0.9942383250626029,0.8353701851648214,10.380179374443962,KOH,12,False
batch8/case1719/figure_3__a_middle/curve_darkgray_ptc,BV+jR,K1,True,0.98,0.5623413251903491,0.5166356025821169,1.0884680079727325,2,2.6392490955936627,0.9968862620457147,0.9725286136570713,7.496036367566404,KOH,33,True
batch8/case1719/figure_3__a_top/curve_gray,BV+jR,K1,True,0.98,0.5623413251903491,0.5291229919134629,1.0627799845868708,2,3.5365406498252248,0.9947816191427615,1.5549620203228833,12.27115631434,KOH,51,False
batch8/case1741/figure_3__panel_a/curve_4,BV+jR,K2,True,0.88,7.943282347242821,8.42700407754096,0.9425986120515452,2,6.3553059058117505,0.9936999974571783,-2.7728993386509027,21.09952940409581,KOH,18,False
batch8/case1760/figure_2__panel_a/curve_black,BV+jR,K2,True,0.88,7.943282347242821,32.0491816485465,0.24784665126084635,1,4.796015591122037,0.9900393237777263,1.025536072322331,10.838937379028003,KOH,18,False
batch8/case1800/figure_4__panel_e/curve_1,BV+jR,K2,True,0.88,7.943282347242821,4.915228610474923,1.6160555239108847,1,3.0971813369655936,0.9944028974329027,0.15637874342458638,8.473260267766042,KOH,34,False
batch8/case1810/figure_3__panel_A/pt_c,BV+jR,K1,True,0.98,0.5623413251903491,0.11578819687262365,4.856637726287161,1,3.701805836567469,0.9941343494774671,0.07171378872713255,8.264525681234758,KOH,39,False
batch8/case1826/figure_2__panel_a/curve_5,BV+jR,K4,True,0.59,0.707945784384138,1.2153012406617258,0.5825269988193749,1,2.9654910203722658,0.9912069661822908,-0.38541315291747225,7.697623849772233,KOH,28,True
batch8/case1830/figure_2__panel_a_right/curve_4,BV+jR,K2,True,0.88,7.943282347242821,10.063171959693724,0.7893418078373549,1,2.855460043514371,0.9975232525862597,-0.4608017389878068,5.557574180652267,KOH,27,True
