curve_uid,paper_key,electrolyte_key,doi_url
batch0/case18/figure_4__panel_a/curve_ptc,10.1002/adma.202515697,0.5 M H2SO4,https://doi.org/10.1002/adma.202515697
batch0/case41/figure_2__panel_a/curve_1,10.1021/acscatal.4c01631,0.5 M H2SO4,https://doi.org/10.1021/acscatal.4c01631
batch0/case41/figure_2__panel_c/curve_2,10.1021/acscatal.4c01631,0.5 M H2SO4,https://doi.org/10.1021/acscatal.4c01631
batch0/case44/figure_4__panel_a/curve_3,10.1021/acscatal.5c02782,0.5 M H2SO4,https://doi.org/10.1021/acscatal.5c02782
batch0/case45/figure_4__panel_d/curve_1,10.1021/acscatal.5c04859,0.5 M H2SO4,https://doi.org/10.1021/acscatal.5c04859
batch0/case5/figure_3__panel_a/curve_gray,10.1002/adma.202409575,0.5 M H2SO4,https://doi.org/10.1002/adma.202409575
batch0/case54/figure_5__panel_b/curve_4,10.1021/jacs.5c04935,0.5 M H2SO4,https://doi.org/10.1021/jacs.5c04935
batch0/case58/figure_5__panel_a/curve_black,10.1021/jacs.5c19857,0.5 M H2SO4,https://doi.org/10.1021/jacs.5c19857
batch0/case58/figure_6__panel_j/curve_3,10.1021/jacs.5c19857,0.5 M H2SO4,https://doi.org/10.1021/jacs.5c19857
batch0/case62/figure_3__panel_A/curve_3,10.1126/sciadv.adh2885,0.5 M H2SO4,https://doi.org/10.1126/sciadv.adh2885
batch0/case63/figure_3__panel_a/curve_7,10.1002/anie.202501964,0.5 M H2SO4,https://doi.org/10.1002/anie.202501964
batch1/case102/figure_3__panel_a/curve_4,10.1038/s41467-023-37530-9,0.5 M H2SO4,https://doi.org/10.1038/s41467-023-37530-9
batch1/case12/figure_3__panel_a/curve_3,10.1002/adma.202007894,0.5 M H2SO4,https://doi.org/10.1002/adma.202007894
batch1/case21/figure_3__panel_a/curve_4,10.1002/adma.202110631,0.5 M H2SO4,https://doi.org/10.1002/adma.202110631
batch1/case28/figure_4__panel_a/curve_blue,10.1002/adma.202300505,0.5 M H2SO4,https://doi.org/10.1002/adma.202300505
batch1/case36/figure_4__panel_a/curve_4,10.1002/adma.202305375,0.5 M H2SO4,https://doi.org/10.1002/adma.202305375
batch1/case44/figure_5__panel_a/curve_5,10.1002/anie.202011318,0.5 M H2SO4,https://doi.org/10.1002/anie.202011318
batch1/case51/figure_4__panel_a/curve_black,10.1002/anie.202106547,0.5 M H2SO4,https://doi.org/10.1002/anie.202106547
batch1/case61/figure_3__panel_a/curve_black_ph03,10.1021/jacs.0c00241,0.5 M H2SO4,https://doi.org/10.1021/jacs.0c00241
batch1/case88/figure_3__panel_c/curve_7,10.1038/s41467-021-25647-8,0.5 M H2SO4,https://doi.org/10.1038/s41467-021-25647-8
batch1/case98/figure_5__panel_a/curve_2,10.1038/s41467-022-34976-1,0.5 M H2SO4,https://doi.org/10.1038/s41467-022-34976-1
batch2/case153/figure_4__a/curve_ptc,10.1002/adfm.202111501,0.5 M H2SO4,https://doi.org/10.1002/adfm.202111501
batch2/case155/figure_5__a/curve_4,10.1002/adfm.202112207,0.5 M H2SO4,https://doi.org/10.1002/adfm.202112207
batch2/case187/figure_4__d/curve_5,10.1002/adfm.202208358,0.5 M H2SO4,https://doi.org/10.1002/adfm.202208358
batch2/case187/figure_5__h/curve_4,10.1002/adfm.202208358,0.5 M H2SO4,https://doi.org/10.1002/adfm.202208358
batch2/case197/figure_4__panel_a/curve_4,10.1002/adfm.202210322,0.5 M H2SO4,https://doi.org/10.1002/adfm.202210322
batch2/case199/figure_5__panel_a/curve_5,10.1002/adfm.202210665,0.5 M H2SO4,https://doi.org/10.1002/adfm.202210665
batch2/case202/figure_5__panel_a/curve_5,10.1002/adfm.202210939,0.5 M H2SO4,https://doi.org/10.1002/adfm.202210939
batch2/case212/figure_3__panel_a/curve_2,10.1002/adfm.202213523,0.5 M H2SO4,https://doi.org/10.1002/adfm.202213523
batch2/case212/figure_3__panel_g/curve_3,10.1002/adfm.202213523,0.5 M H2SO4,https://doi.org/10.1002/adfm.202213523
batch2/case212/figure_3__panel_g/curve_4,10.1002/adfm.202213523,0.5 M H2SO4,https://doi.org/10.1002/adfm.202213523
batch2/case218/figure_4__panel_c/curve_6,10.1002/adfm.202300405,0.5 M H2SO4,https://doi.org/10.1002/adfm.202300405
batch2/case231/figure_4__panel_a/curve_4,10.1002/adfm.202303189,0.5 M H2SO4,https://doi.org/10.1002/adfm.202303189
batch2/case258/figure_3__panel_a/20pct_pt_c,10.1002/adfm.202309474,0.5 M H2SO4,https://doi.org/10.1002/adfm.202309474
batch2/case30/figure_5__panel_a/curve_5,10.1002/adfm.201606352,0.5 M H2SO4,https://doi.org/10.1002/adfm.201606352
batch2/case46/figure_4__panel_a/curve_5,10.1002/adfm.201801332,0.5 M H2SO4,https://doi.org/10.1002/adfm.201801332
batch2/case51/figure_8__panel_C/curve_5,10.1002/adfm.201803973,0.5 M H2SO4,https://doi.org/10.1002/adfm.201803973
batch2/case71/figure_3__panel_d/curve_2,10.1002/adfm.201908520,0.5 M H2SO4,https://doi.org/10.1002/adfm.201908520
batch3/case303/figure_5__panel_a/curve_5,10.1002/adfm.202401452,0.5 M H2SO4,https://doi.org/10.1002/adfm.202401452
batch3/case330/figure_4__panel_a/curve_5,10.1002/adfm.202406670,0.5 M H2SO4,https://doi.org/10.1002/adfm.202406670
batch3/case347/figure_3__panel_a/curve_4,10.1002/adfm.202411283,0.5 M H2SO4,https://doi.org/10.1002/adfm.202411283
batch3/case379/figure_3__panel_b/curve_4,10.1002/adfm.202420517,0.5 M H2SO4,https://doi.org/10.1002/adfm.202420517
batch3/case400/figure_3__panel_a/curve_blue,10.1002/adfm.202425156,0.5 M H2SO4,https://doi.org/10.1002/adfm.202425156
batch3/case400/figure_5__panel_a/curve_5,10.1002/adfm.202425156,0.5 M H2SO4,https://doi.org/10.1002/adfm.202425156
batch3/case400/figure_5__panel_a/curve_6,10.1002/adfm.202425156,0.5 M H2SO4,https://doi.org/10.1002/adfm.202425156
batch3/case492/figure_5__panel_a/curve_4,10.1002/adfm.202522427,0.5 M H2SO4,https://doi.org/10.1002/adfm.202522427
batch4/case504/figure_3__panel_a/curve_3,10.1002/adfm.202524369,0.5 M H2SO4,https://doi.org/10.1002/adfm.202524369
batch4/case559/figure_4__panel_a/c7,10.1002/adma.201505875,0.5 M H2SO4,https://doi.org/10.1002/adma.201505875
batch4/case589/figure_4__panel_a/curve_5,10.1002/adma.201705110,0.5 M H2SO4,https://doi.org/10.1002/adma.201705110
batch4/case696/figure_7__panel_e/curve_2,10.1002/adma.202108133,0.5 M H2SO4,https://doi.org/10.1002/adma.202108133
batch5/case791/figure_4__a/curve_6,10.1002/adma.202401880,0.5 M H2SO4,https://doi.org/10.1002/adma.202401880
batch5/case866/figure_3__panel_a/curve_6,10.1002/adma.202510760,0.5 M H2SO4,https://doi.org/10.1002/adma.202510760
batch6/case1082/figure_3__a/curve_3,10.1002/anie.202008117,0.5 M H2SO4,https://doi.org/10.1002/anie.202008117
batch6/case931/figure_3__panel_a/curve_4,10.1002/anie.201406848,0.5 M H2SO4,https://doi.org/10.1002/anie.201406848
batch7/case1199/figure_3__panel_a/curve_3,10.1002/anie.202306896,0.5 M H2SO4,https://doi.org/10.1002/anie.202306896
batch8/case1538/figure_6__panel_A/curve_6,10.1021/jacs.0c06960,0.5 M H2SO4,https://doi.org/10.1021/jacs.0c06960
batch8/case1605/figure_3__panel_a/curve_2,10.1021/jacs.3c07541,0.5 M H2SO4,https://doi.org/10.1021/jacs.3c07541
batch8/case1661/figure_2__panel_a/curve_ptc,10.1021/jacs.4c11445,0.5 M H2SO4,https://doi.org/10.1021/jacs.4c11445
batch8/case1701/figure_5__panel_a/curve_4,10.1021/jacs.5c00033,0.5 M H2SO4,https://doi.org/10.1021/jacs.5c00033
batch8/case1709/figure_5__panel_a/ptc_black,10.1021/jacs.5c03118,0.5 M H2SO4,https://doi.org/10.1021/jacs.5c03118
batch8/case1739/figure_4__panel_a/curve_4,10.1021/jacs.5c15330,0.5 M H2SO4,https://doi.org/10.1021/jacs.5c15330
batch8/case1748/figure_4__panel_a/curve_2,10.1021/jacs.5c16652,0.5 M H2SO4,https://doi.org/10.1021/jacs.5c16652
batch8/case1774/figure_3__panel_a/curve_purple,10.1021/jacs.6b09351,0.5 M H2SO4,https://doi.org/10.1021/jacs.6b09351
batch8/case1791/figure_3__panel_a/curve_1,10.1021/jacs.7b06337,0.5 M H2SO4,https://doi.org/10.1021/jacs.7b06337
batch8/case1791/figure_3__panel_a/curve_2,10.1021/jacs.7b06337,0.5 M H2SO4,https://doi.org/10.1021/jacs.7b06337
batch8/case1800/figure_4__panel_a/curve_4,10.1021/jacs.7b12615,0.5 M H2SO4,https://doi.org/10.1021/jacs.7b12615
batch8/case1821/figure_3__panel_a/curve_1,10.1021/jacs.8b09834,0.5 M H2SO4,https://doi.org/10.1021/jacs.8b09834
batch8/case1831/figure_5__panel_a/curve_2,10.1021/jacs.9b03004,0.5 M H2SO4,https://doi.org/10.1021/jacs.9b03004
batch0/case13/figure_3__panel_b/curve_6,10.1002/adma.202420173,0.5 m? H2SO4,https://doi.org/10.1002/adma.202420173
batch0/case2/figure_6__panel_a/curve_20wt_ptc,10.1002/adma.202312724,0.5 m? H2SO4,https://doi.org/10.1002/adma.202312724
batch1/case35/figure_3__panel_a/curve_4,10.1002/adma.202304917,0.5 m? H2SO4,https://doi.org/10.1002/adma.202304917
batch2/case20/figure_1__panel_d/curve_7,10.1002/adfm.201601420,0.5 m? H2SO4,https://doi.org/10.1002/adfm.201601420
batch2/case20/figure_3__panel_e/curve_ptc,10.1002/adfm.201601420,0.5 m? H2SO4,https://doi.org/10.1002/adfm.201601420
batch3/case332/figure_4__panel_a/curve_11,10.1002/adfm.202406755,0.5 m? H2SO4,https://doi.org/10.1002/adfm.202406755
batch3/case377/figure_4__d/curve_lightblue,10.1002/adfm.202420163,0.5 m? H2SO4,https://doi.org/10.1002/adfm.202420163
batch3/case407/figure_4__panel_a/curve_5,10.1002/adfm.202501508,0.5 m? H2SO4,https://doi.org/10.1002/adfm.202501508
batch4/case591/figure_3__panel_b/curve_2,10.1002/adma.201705324,0.5 m? H2SO4,https://doi.org/10.1002/adma.201705324
batch4/case591/figure_3__panel_b/curve_4,10.1002/adma.201705324,0.5 m? H2SO4,https://doi.org/10.1002/adma.201705324
batch5/case849/figure_4__panel_a/curve_6,10.1002/adma.202502977,0.5 m? H2SO4,https://doi.org/10.1002/adma.202502977
batch6/case1073/figure_3__panel_a/curve_1,10.1002/anie.202005282,0.5 m? H2SO4,https://doi.org/10.1002/anie.202005282
batch6/case1073/figure_3__panel_e/curve_2,10.1002/anie.202005282,0.5 m? H2SO4,https://doi.org/10.1002/anie.202005282
